/*
SQLyog Ultimate v11.11 (64 bit)
MySQL - 5.5.12 : Database - db_bhumiku
*********************************************************************
*/

/*!40101 SET NAMES utf8 */;

/*!40101 SET SQL_MODE=''*/;

/*!40014 SET @OLD_UNIQUE_CHECKS=@@UNIQUE_CHECKS, UNIQUE_CHECKS=0 */;
/*!40014 SET @OLD_FOREIGN_KEY_CHECKS=@@FOREIGN_KEY_CHECKS, FOREIGN_KEY_CHECKS=0 */;
/*!40101 SET @OLD_SQL_MODE=@@SQL_MODE, SQL_MODE='NO_AUTO_VALUE_ON_ZERO' */;
/*!40111 SET @OLD_SQL_NOTES=@@SQL_NOTES, SQL_NOTES=0 */;
CREATE DATABASE /*!32312 IF NOT EXISTS*/`db_bhumiku` /*!40100 DEFAULT CHARACTER SET latin1 */;

USE `db_bhumiku`;

/*Table structure for table `tb_agent` */

DROP TABLE IF EXISTS `tb_agent`;

CREATE TABLE `tb_agent` (
  `ID_AGENT` int(11) NOT NULL AUTO_INCREMENT,
  `NAMA_AGENT` varchar(100) NOT NULL,
  `ALAMAT_AGENT` varchar(200) NOT NULL,
  `TELEPON_AGENT` varchar(30) NOT NULL,
  `HP_AGENT` varchar(50) NOT NULL,
  `CP_AGENT` varchar(100) NOT NULL,
  `EMAIL_AGENT` varchar(255) NOT NULL,
  `BANK_AGENT` varchar(100) NOT NULL,
  `NO_REKENING_AGENT` varchar(100) NOT NULL,
  `REMARK_AGENT` varchar(200) NOT NULL,
  `IS_ACTIVE` int(1) NOT NULL DEFAULT '1',
  PRIMARY KEY (`ID_AGENT`)
) ENGINE=InnoDB AUTO_INCREMENT=4 DEFAULT CHARSET=latin1;

/*Data for the table `tb_agent` */

insert  into `tb_agent`(`ID_AGENT`,`NAMA_AGENT`,`ALAMAT_AGENT`,`TELEPON_AGENT`,`HP_AGENT`,`CP_AGENT`,`EMAIL_AGENT`,`BANK_AGENT`,`NO_REKENING_AGENT`,`REMARK_AGENT`,`IS_ACTIVE`) values (1,'test TEST','TEST','TEST','TEST','TEST','test','TEST','TEST','TEST',1),(2,'TESAJKDA','DASDAS','DASKDJA;LSD','ASDLAKSLDA','DALSDASD','','ASDASDA','ASDASDA','DASDASD',0),(3,'CV. Tunjung Teknologi','Jl. Alam Sari No. 6 Padangsambian Kaja, Denpasar','173719273','9173173','Ngurah Ketut Hariadi','ngurah@tunjungteknologi.com','-','-','-',1);

/*Table structure for table `tb_barang` */

DROP TABLE IF EXISTS `tb_barang`;

CREATE TABLE `tb_barang` (
  `ID_BARANG` int(11) NOT NULL AUTO_INCREMENT,
  `KODE_BARANG` varchar(10) NOT NULL,
  `NAMA_BARANG` varchar(255) NOT NULL,
  `JENIS_BARANG` enum('BARANG','JASA') NOT NULL DEFAULT 'BARANG',
  `ID_SATUAN_BESAR` int(11) NOT NULL,
  `ID_SATUAN_KECIL` int(11) NOT NULL,
  `KONVERSI_SATUAN` float NOT NULL DEFAULT '1',
  `IS_INVENTORY` int(1) NOT NULL DEFAULT '1',
  `AVG_PRICE` float NOT NULL DEFAULT '0',
  `ON_STOCK` float NOT NULL DEFAULT '0',
  `ON_PURCHASED` float NOT NULL DEFAULT '0',
  `IS_ACTIVE` int(1) NOT NULL DEFAULT '1',
  `LAST_UPDATE` timestamp NOT NULL DEFAULT CURRENT_TIMESTAMP ON UPDATE CURRENT_TIMESTAMP,
  PRIMARY KEY (`ID_BARANG`,`AVG_PRICE`)
) ENGINE=InnoDB AUTO_INCREMENT=6 DEFAULT CHARSET=latin1;

/*Data for the table `tb_barang` */

insert  into `tb_barang`(`ID_BARANG`,`KODE_BARANG`,`NAMA_BARANG`,`JENIS_BARANG`,`ID_SATUAN_BESAR`,`ID_SATUAN_KECIL`,`KONVERSI_SATUAN`,`IS_INVENTORY`,`AVG_PRICE`,`ON_STOCK`,`ON_PURCHASED`,`IS_ACTIVE`,`LAST_UPDATE`) values (1,'BR001','Kertas HVS 80 Gram','BARANG',7,1,500,1,40000,500,0,1,'2016-07-14 11:02:52'),(2,'JS001','TEST','BARANG',2,1,1,1,0,0,0,1,'2016-07-14 11:15:24'),(5,'tet','tet','JASA',3,5,1,1,0,0,0,0,'2016-07-14 11:27:37');

/*Table structure for table `tb_booking` */

DROP TABLE IF EXISTS `tb_booking`;

CREATE TABLE `tb_booking` (
  `ID_BOOKING` int(11) NOT NULL AUTO_INCREMENT,
  `TGL_BOOKING` date NOT NULL,
  `NO_BUKTI_PEMESANAN` varchar(30) DEFAULT NULL,
  `NAMA_EVENT` varchar(300) NOT NULL,
  `TGL_EVENT` date NOT NULL,
  `JAM_MULAI` time NOT NULL,
  `JAM_SELESAI` time NOT NULL,
  `ID_RUANGAN` int(11) NOT NULL,
  `JML_UNDANGAN` int(11) NOT NULL DEFAULT '0',
  `ID_JENIS_SETUP` int(11) NOT NULL,
  `ID_EO` int(11) NOT NULL,
  `ID_AGENT` int(11) NOT NULL DEFAULT '1',
  `NAMA_PEMESAN` varchar(100) NOT NULL,
  `ALAMAT_PEMESAN` varchar(300) NOT NULL,
  `TELEPON_PEMESAN` varchar(100) NOT NULL,
  `EMAIL_PEMESAN` varchar(100) NOT NULL,
  `STATUS_BOOKING` enum('TENTATIVE','DEFINITIVE','CANCELLED') NOT NULL DEFAULT 'TENTATIVE',
  `REMARK_BOOKING` text,
  `HARGA_ROOM` int(11) NOT NULL DEFAULT '0',
  `DISKON_ROOM` int(11) NOT NULL DEFAULT '0',
  `JAMINAN_KERUSAKAN` int(11) NOT NULL DEFAULT '0',
  `IS_FINAL` int(1) NOT NULL DEFAULT '0',
  `ID_USER` int(11) NOT NULL,
  `LAST_UPDATE` timestamp NOT NULL DEFAULT CURRENT_TIMESTAMP ON UPDATE CURRENT_TIMESTAMP,
  PRIMARY KEY (`ID_BOOKING`),
  KEY `FK_BOOKING_RUANGAN` (`ID_RUANGAN`),
  KEY `FK_EO_BOOKING` (`ID_EO`),
  KEY `SK_JENIS_BOOKING` (`ID_JENIS_SETUP`),
  KEY `FK_BOOKING_USER` (`ID_USER`),
  KEY `FK_BOOKING_AGENT` (`ID_AGENT`),
  CONSTRAINT `FK_BOOKING_AGENT` FOREIGN KEY (`ID_AGENT`) REFERENCES `tb_agent` (`ID_AGENT`) ON DELETE NO ACTION ON UPDATE CASCADE,
  CONSTRAINT `FK_BOOKING_RUANGAN` FOREIGN KEY (`ID_RUANGAN`) REFERENCES `tb_ruangan` (`ID_RUANGAN`) ON DELETE NO ACTION ON UPDATE CASCADE,
  CONSTRAINT `FK_BOOKING_USER` FOREIGN KEY (`ID_USER`) REFERENCES `tb_user` (`ID_USER`) ON DELETE NO ACTION ON UPDATE CASCADE,
  CONSTRAINT `FK_EO_BOOKING` FOREIGN KEY (`ID_EO`) REFERENCES `tb_eo` (`ID_EO`) ON DELETE NO ACTION ON UPDATE CASCADE,
  CONSTRAINT `SK_JENIS_BOOKING` FOREIGN KEY (`ID_JENIS_SETUP`) REFERENCES `tb_jenis_setup` (`ID_JENIS_SETUP`) ON DELETE NO ACTION ON UPDATE CASCADE
) ENGINE=InnoDB AUTO_INCREMENT=28 DEFAULT CHARSET=latin1;

/*Data for the table `tb_booking` */

insert  into `tb_booking`(`ID_BOOKING`,`TGL_BOOKING`,`NO_BUKTI_PEMESANAN`,`NAMA_EVENT`,`TGL_EVENT`,`JAM_MULAI`,`JAM_SELESAI`,`ID_RUANGAN`,`JML_UNDANGAN`,`ID_JENIS_SETUP`,`ID_EO`,`ID_AGENT`,`NAMA_PEMESAN`,`ALAMAT_PEMESAN`,`TELEPON_PEMESAN`,`EMAIL_PEMESAN`,`STATUS_BOOKING`,`REMARK_BOOKING`,`HARGA_ROOM`,`DISKON_ROOM`,`JAMINAN_KERUSAKAN`,`IS_FINAL`,`ID_USER`,`LAST_UPDATE`) values (1,'2016-05-01','B-160501-0001','WEDDING SAMSUL && ELGI','2016-05-22','18:00:00','22:00:00',4,500,1,1,1,'SAMSUL GALAXY','none','1234567','samsul@elgi.com','TENTATIVE','Minta perfect\r\n',15000000,0,5000000,1,1,'2016-07-23 10:57:54'),(2,'2016-05-01','B-160501-0002','WEDDING ANDRO && WINDA','2016-05-22','09:00:00','13:00:00',2,200,1,1,1,'GOOGLE','none','1234567','samsul@elgi.com','TENTATIVE','Minta perfect\r\n',15000000,0,5000000,1,1,'2016-07-23 10:58:01'),(3,'2016-05-01','B-160501-0003','SEMINAR MOBILE PROJECT','2016-05-22','14:00:00','16:00:00',3,200,1,1,1,'LINUX','none','1234567','samsul@elgi.com','TENTATIVE','Minta perfect\r\n',15000000,0,5000000,1,1,'2016-07-23 10:58:02'),(4,'2016-05-01','B-160501-0004','SEMINAR MOBILE PROJECT','2016-05-29','14:00:00','16:00:00',3,200,1,1,1,'LINUX','none','1234567','samsul@elgi.com','TENTATIVE','Minta perfect\r\n',15000000,0,5000000,1,1,'2016-07-23 10:58:04'),(5,'2016-05-01','B-160501-0005','SEMINAR MOBILE PROJECT','2016-05-26','14:00:00','16:00:00',3,200,1,1,1,'LINUX','none','1234567','samsul@elgi.com','TENTATIVE','Minta perfect\r\n',15000000,0,5000000,1,1,'2016-07-23 10:58:06'),(6,'2016-05-01','B-160501-0006','SEMINAR MOBILE PROJECT','2016-05-07','14:00:00','16:00:00',3,200,1,1,1,'LINUX','none','1234567','samsul@elgi.com','TENTATIVE','Minta perfect\r\n',15000000,0,5000000,1,1,'2016-07-23 10:58:08'),(7,'2016-05-26','B-160526-0007','NGURAH EVENT','2016-05-30','14:21:00','17:21:00',1,200,1,1,1,'NGURAH KETUT HARIADI','Jl. Alam Sari No. 6 Denpasar','08179313375','ngurah@tunjungteknologi.com','TENTATIVE','-',15000000,0,0,0,1,'2016-07-23 10:58:38'),(8,'2016-05-26','B-160526-0008','NGURAH EVENT','2016-05-30','14:21:00','17:21:00',1,200,1,1,1,'NGURAH KETUT HARIADI','Jl. Alam Sari No. 6 Denpasar','08179313375','ngurah@tunjungteknologi.com','TENTATIVE','-',15000000,0,0,0,1,'2016-07-23 10:58:47'),(9,'2016-05-26','B-160526-0009','DEVI EVENT','2016-05-30','14:00:00','18:00:00',2,200,2,1,1,'DEVI','Jl. Jalan No 90','7987931231','devi@test.com','TENTATIVE','-',10000000,0,0,0,1,'2016-07-23 10:58:56'),(10,'2016-05-26','B-160526-0010','TEST','2016-05-31','17:35:00','17:35:00',1,100,1,1,1,'JHSDKAS','sdaksjda','daskjdlad','oiojeqwe','TENTATIVE','-',12000000,0,0,0,1,'2016-07-23 10:59:00'),(11,'2016-05-26','B-160526-0011','JSHDA','2016-05-29','17:40:00','17:40:00',1,100,1,1,1,'ASJDHAKSD','asdkjalsd','827913','jhdjhad','TENTATIVE','-',10000000,0,0,0,1,'2016-07-23 10:59:01'),(12,'2016-05-26','B-160526-0012','UISDA','2016-05-27','17:42:00','17:42:00',1,10,1,1,1,'SDKASJDA','sdkjasda','182912','jsdklajdsa','TENTATIVE','-',20000000,0,0,0,1,'2016-07-23 10:59:03'),(13,'2016-05-26','B-160526-0013','TEST LAGI','2016-05-30','17:45:00','17:45:00',1,400,1,1,1,'AKJSDKLJAD','jaljsdkjasda','87971283712','lajsdlkajsdkla','TENTATIVE','-',20000000,0,0,0,1,'2016-07-23 10:59:06'),(14,'2016-05-27','B-160526-0014','POCO-POCO','2016-06-05','10:00:00','12:00:00',4,500,1,1,1,'ADI','Jlan Merak','871238','adi@adi.com','TENTATIVE','-',20000000,0,0,0,1,'2016-07-23 10:59:10'),(15,'2016-07-16','P-160716-0001','ARISAN RUMAH','2016-07-16','12:01:00','12:01:00',1,100,1,1,1,'MICHAEL VAN HOTTEN','Amsterdam Bakery No. 23','08179313375','miranovitad@gmail.com','TENTATIVE','-',10000000,0,5000000,0,1,'2016-07-26 10:43:59'),(16,'2016-07-18','P-160718-0002','BAGUS && AYU WEDDING','2016-08-20','18:00:00','20:00:00',4,500,1,1,1,'BAGUS PUTRA WEDANA','Jl. Tunjung Sari No. 9xx Denpasar','08179313375','bagus@tunjungteknologi.com','DEFINITIVE','-',20000000,0,0,0,1,'2016-07-27 09:43:14'),(17,'2016-07-21','P-160721-0003','SEMINAR MAKANAN SEHAT','2016-07-30','10:00:00','12:00:00',4,500,2,1,1,'PT. SEHAT SEJAHTERA','Jl. Gunung Agung Denpasar','081784734','sehat@sejahtera.com','TENTATIVE','Setup ruangan seminar dengan meja di depan, sound system all wireless, lighting soft dan 2 unit projector',20000000,500000,5000000,0,1,'2016-07-23 11:00:02'),(18,'2016-07-21','P-160721-0004','TEST','2016-07-31','14:40:00','14:40:00',1,100,1,1,1,'TEST','test','1213','test','TENTATIVE','',10000000,500000,5000000,0,1,'2016-07-23 11:00:08'),(19,'2016-07-21','P-160721-0005','TEST','2016-07-31','14:42:00','14:42:00',1,200,1,1,1,'TEST','test','test','test','TENTATIVE','',10000000,500000,5000000,0,1,'2016-07-23 11:00:09'),(20,'2016-07-21','P-160721-0006','TEST3','2016-07-31','14:45:00','14:45:00',2,200,2,1,1,'TEST3','test3','test3','ngurah7683@yahoo.com;ngurah@tunjungteknologi.com','CANCELLED','',10000000,1000000,5000000,0,1,'2016-07-26 10:42:21'),(21,'2016-07-21','P-160721-0007','GOLDEN HORSE SEMINAR','2016-08-21','10:00:00','14:00:00',4,500,2,1,1,'PT. KUDA EMAS GEMILANG','Jl. Gunung Soputan Denpasar','89123103','kuda@goldenhorse.com','TENTATIVE','Mohon dipersiapkan extra petugas keamanan',50000000,500000,5000000,0,1,'2016-07-23 11:00:13'),(22,'2016-07-23','P-160723-0008','TEST 23 JULI','2016-07-30','11:05:00','11:05:00',1,100,1,1,1,'TEST','test','test','test','TENTATIVE','',10000000,500000,5000000,0,1,'2016-07-23 11:08:22'),(23,'2016-07-23','P-160723-0009','SDASDASD','2016-07-31','11:12:00','11:12:00',1,100,2,1,1,'SDADSA','dasdasd','sadad','asdasd','TENTATIVE','',10000000,1000000,5000000,0,1,'2016-07-23 11:13:07'),(24,'2016-07-26','P-160726-0010','TES PENGIRIMAN EMAIL','2016-07-26','10:00:00','10:00:00',1,100,1,1,1,'NGURAH KETUT HARIADI','Jl. Alam Sari No. 6 Denpasar','08179313375','ngurah@tunjungteknologi.com','TENTATIVE','Test pengiriman email',10000000,500000,1000000,0,1,'2016-07-26 10:01:31'),(25,'2016-07-26','P-160726-0011','TEST EVENT','2016-07-26','10:03:00','10:03:00',1,100,1,1,1,'NGURAH KETUT HARIADI','Jl. Alam Sari No. 6 Denpasar','08179313375','ngurah@tunjungteknologi.com','TENTATIVE','test',10000000,10000,100000,0,1,'2016-07-26 10:04:52'),(26,'2016-07-26','P-160726-0012','PROGRAMMING SEMINAR','2016-08-07','07:32:00','10:32:00',3,100,1,1,1,'NGURAH KETUT HARIADI','Jl. Alam Sari No. 6 Denpasar','08179313375','ngurah@tunjungteknologi.com','TENTATIVE','-',15000000,100000,5000000,0,1,'2016-07-26 10:34:11'),(27,'2016-08-13','P-160813-0001','TEST','2016-09-15','09:28:00','09:28:00',1,200,2,1,1,'TEST','test','test','info@bhumiku.com','DEFINITIVE','',15000000,200000,5000000,0,1,'2016-08-13 10:01:06');

/*Table structure for table `tb_coa` */

DROP TABLE IF EXISTS `tb_coa`;

CREATE TABLE `tb_coa` (
  `kode_coa` varchar(6) NOT NULL,
  `nama_coa` varchar(200) NOT NULL,
  `kode_parent` varchar(6) NOT NULL,
  `jenis_coa` enum('HEADER','DETAIL') NOT NULL,
  `saldo_normal` enum('DEBET','KREDIT') NOT NULL DEFAULT 'DEBET',
  `is_active` int(1) NOT NULL DEFAULT '1',
  `last_update` timestamp NOT NULL DEFAULT CURRENT_TIMESTAMP ON UPDATE CURRENT_TIMESTAMP,
  `is_mutasi` int(1) NOT NULL DEFAULT '1',
  PRIMARY KEY (`kode_coa`)
) ENGINE=InnoDB DEFAULT CHARSET=latin1;

/*Data for the table `tb_coa` */

insert  into `tb_coa`(`kode_coa`,`nama_coa`,`kode_parent`,`jenis_coa`,`saldo_normal`,`is_active`,`last_update`,`is_mutasi`) values ('100000','AKTIVA LANCAR','0','HEADER','DEBET',1,'2016-07-21 09:44:09',1),('110000','Kas','100000','HEADER','DEBET',1,'2016-05-25 22:31:30',1),('110001','Kas','110000','DETAIL','DEBET',1,'2016-07-21 09:48:15',1),('110002','Kas Kecil Event','110000','DETAIL','DEBET',1,'2016-05-27 11:27:47',1),('120000','Bank','100000','HEADER','DEBET',1,'2016-07-20 13:13:22',1),('120001','BCA 8580778888 CV. Bhumiku','120000','DETAIL','DEBET',1,'2016-07-20 13:14:28',1),('130000','Piutang','100000','HEADER','DEBET',1,'2016-07-21 09:51:55',1),('130001','Piutang Sewa Ruangan','130000','DETAIL','DEBET',1,'2016-07-21 09:52:21',1),('130002','Piutang Karyawan','130000','DETAIL','DEBET',1,'2016-07-21 09:57:44',1),('130003','Piutang Giro/BG','130000','DETAIL','DEBET',1,'2016-07-21 09:58:18',1),('130004','Piutang Lain-lain','130000','DETAIL','DEBET',1,'2016-07-21 09:58:57',1),('140000','Persediaan','100000','HEADER','DEBET',1,'2016-07-21 10:01:34',1),('140001','Persediaan Barang Event','140000','DETAIL','DEBET',1,'2016-07-21 10:02:45',1),('140002','Perlengkapan Kantor','140000','DETAIL','DEBET',1,'2016-07-21 10:03:40',1),('150000','Investasi','100000','HEADER','DEBET',1,'2016-07-21 10:05:03',1),('150001','Investasi','150000','DETAIL','DEBET',1,'2016-07-21 10:05:24',1),('160000','Uang Muka','100000','HEADER','DEBET',1,'2016-07-21 10:13:32',1),('160001','Uang Muka Sewa Ruangan','160000','DETAIL','DEBET',1,'2016-07-21 10:13:57',1),('160002','Uang Muka Pembelian','160000','DETAIL','DEBET',1,'2016-07-21 10:14:26',1),('200000','AKTIVA TETAP','0','HEADER','DEBET',1,'2016-07-21 09:46:33',1),('210000','Tanah dan Gedung','200000','HEADER','DEBET',1,'2016-07-21 10:08:20',1),('210001','Tanah','210000','DETAIL','DEBET',1,'2016-07-21 10:15:12',1),('210002','Gedung Kantor','210000','DETAIL','DEBET',1,'2016-07-21 10:17:15',1),('210003','Gudang','210000','DETAIL','DEBET',1,'2016-07-21 10:16:05',1),('220000','Akumulasi Penyusutan','200000','HEADER','DEBET',1,'2016-07-21 10:09:06',1),('220001','Akumulasi Penyusutan Gedung Kantor','220000','DETAIL','DEBET',1,'2016-07-21 10:21:45',1),('220002','Akumulasi Panyusutan Perlengkapan','220000','DETAIL','DEBET',1,'2016-07-21 10:23:13',1),('230000','Perlengkapan','200000','HEADER','DEBET',1,'2016-07-21 10:23:01',1),('230001','Kursi dan Meja','230000','DETAIL','DEBET',1,'2016-07-21 10:18:56',1),('230002','Lighting && Sound System','230000','DETAIL','DEBET',1,'2016-07-21 10:20:15',1),('230003','Peralatan lain-lain','230000','DETAIL','DEBET',1,'2016-07-21 10:21:00',1),('300000','KEWAJIBAN','0','HEADER','KREDIT',1,'2016-07-21 09:46:07',1),('310000','Kewajiban Jangka Pendek','300000','HEADER','KREDIT',1,'2016-07-21 10:27:06',1),('310001','Utang Usaha','310000','DETAIL','KREDIT',1,'2016-07-21 10:28:39',1),('310002','Utang Lain-lain','310000','DETAIL','KREDIT',1,'2016-07-21 10:29:05',1),('310003','Utang Gaji','310000','DETAIL','KREDIT',1,'2016-07-21 10:30:29',1),('310004','Utang Jaminan Sewa Gedung','310000','DETAIL','KREDIT',1,'2016-07-21 10:36:05',1),('310005','Utang Pajak','310000','DETAIL','KREDIT',1,'2016-07-21 10:39:11',1),('310006','Pendapatan Diterima di Muka','310000','DETAIL','KREDIT',1,'2016-07-21 10:40:26',1),('320000','Kewajiban Jangka Panjang','300000','HEADER','KREDIT',1,'2016-07-21 10:27:33',1),('320001','Utang Bank','320000','DETAIL','KREDIT',1,'2016-07-21 10:40:53',1),('400000','EKUITAS','0','HEADER','KREDIT',1,'2016-07-21 11:01:00',1),('410000','Modal','400000','HEADER','KREDIT',1,'2016-07-21 10:56:53',1),('410001','Modal','410000','DETAIL','KREDIT',1,'2016-07-21 10:57:58',1),('420000','Laba Ditahan','400000','HEADER','KREDIT',1,'2016-07-21 10:56:42',1),('420001','Laba Ditahan','420000','DETAIL','KREDIT',1,'2016-07-21 10:58:25',1),('430000','Laba (Rugi) Bersih','400000','HEADER','KREDIT',1,'2016-07-21 10:57:31',1),('430001','Laba (Rugi) Bersih','430000','DETAIL','KREDIT',1,'2016-07-21 10:59:06',1),('500000','PENDAPATAN','0','HEADER','KREDIT',1,'2016-07-21 09:44:26',1),('510000','Pendapatan Usaha','500000','HEADER','KREDIT',1,'2016-07-21 09:45:12',1),('510001','Pendapatan Sewa Ruangan','510000','DETAIL','KREDIT',1,'2016-07-21 09:45:26',1),('510002','Retur Sewa','510000','DETAIL','KREDIT',1,'2016-07-21 10:53:35',1),('520000','Pendapatan Lain-lain','500000','HEADER','KREDIT',1,'2016-07-21 09:45:39',1),('520001','Pendapatan Bunga','520000','DETAIL','KREDIT',1,'2016-07-21 10:51:49',1),('520002','Diskon Pembelian','520000','DETAIL','KREDIT',1,'2016-07-21 10:52:27',1),('520003','Pendapatan Lain-lain','520000','DETAIL','KREDIT',1,'2016-07-21 10:54:11',1),('600000','BEBAN','0','HEADER','DEBET',1,'2016-07-21 09:43:48',1),('610000','Beban Operasional','600000','HEADER','DEBET',1,'2016-07-21 11:09:40',1),('610001','Biaya Listrik','610000','DETAIL','DEBET',1,'2016-07-21 11:17:01',1),('610002','Biaya Telepon','610000','DETAIL','DEBET',1,'2016-07-21 11:17:03',1),('610003','Biaya Air/PDAM','610000','DETAIL','DEBET',1,'2016-07-21 11:17:04',1),('610004','Biaya Keamanan','610000','DETAIL','DEBET',1,'2016-07-21 11:17:04',1),('610005','Biaya Transportasi','610000','DETAIL','DEBET',1,'2016-07-21 11:17:05',1),('610006','Biaya Operasional Lainnya','610000','DETAIL','DEBET',1,'2016-07-21 11:17:05',1),('620000','Beban Pajak','600000','HEADER','DEBET',1,'2016-07-21 11:10:06',1),('620001','PPN Pembelian','620000','DETAIL','DEBET',1,'2016-07-21 11:16:51',1),('620002','Biaya Pajak','620000','DETAIL','DEBET',1,'2016-07-21 11:17:32',1),('630000','Beban Gaji Karyawan','600000','HEADER','DEBET',1,'2016-07-21 11:10:34',1),('630001','Gaji Karyawan','630000','DETAIL','DEBET',1,'2016-07-21 11:18:01',1),('630002','Bonus Karyawan','630000','DETAIL','DEBET',1,'2016-07-21 11:18:13',1),('640000','Beban Promosi','600000','HEADER','DEBET',1,'2016-07-21 11:11:39',1),('640001','Biaya Promosi','640000','DETAIL','DEBET',1,'2016-07-21 11:19:13',1),('640002','Fee Marketing/Agent/EO','640000','DETAIL','DEBET',1,'2016-07-21 11:19:59',1),('650000','Beban Lain-lain','600000','HEADER','DEBET',1,'2016-07-21 11:12:16',1),('650001','Biaya Lain-lain','650000','DETAIL','DEBET',1,'2016-07-21 11:20:28',1);

/*Table structure for table `tb_customer` */

DROP TABLE IF EXISTS `tb_customer`;

CREATE TABLE `tb_customer` (
  `ID_CUSTOMER` int(11) NOT NULL AUTO_INCREMENT,
  `NAMA_CUSTOMER` varchar(255) NOT NULL,
  `ALAMAT_CUSTOMER` varchar(255) NOT NULL,
  `HP_CUSTOMER` varchar(255) NOT NULL,
  `EMAIL_CUSTOMER` varchar(255) NOT NULL,
  `KTP_CUSTOMER` varchar(255) NOT NULL DEFAULT '-',
  `IS_ACTIVE` int(1) NOT NULL DEFAULT '1',
  `LAST_UPDATES` timestamp NOT NULL DEFAULT CURRENT_TIMESTAMP ON UPDATE CURRENT_TIMESTAMP,
  PRIMARY KEY (`ID_CUSTOMER`)
) ENGINE=InnoDB AUTO_INCREMENT=3 DEFAULT CHARSET=latin1;

/*Data for the table `tb_customer` */

insert  into `tb_customer`(`ID_CUSTOMER`,`NAMA_CUSTOMER`,`ALAMAT_CUSTOMER`,`HP_CUSTOMER`,`EMAIL_CUSTOMER`,`KTP_CUSTOMER`,`IS_ACTIVE`,`LAST_UPDATES`) values (1,'test','test','09817231','ngurah@ajsdkja.com','5171010706830001',1,'2017-01-31 13:00:25'),(2,'test','test','test','test','test',0,'2017-01-31 13:04:02');

/*Table structure for table `tb_detail_jurnal` */

DROP TABLE IF EXISTS `tb_detail_jurnal`;

CREATE TABLE `tb_detail_jurnal` (
  `ID_DETAIL_JURNAL` int(11) NOT NULL AUTO_INCREMENT,
  `ID_JURNAL` int(11) NOT NULL,
  `KODE_COA` varchar(10) NOT NULL,
  `POSISI` enum('D','K') NOT NULL,
  `JML_TRANSAKSI` float NOT NULL DEFAULT '0',
  PRIMARY KEY (`ID_DETAIL_JURNAL`),
  KEY `FK_JURNAL_DETAIL` (`ID_JURNAL`),
  KEY `FK_COA_DETJURNAL` (`KODE_COA`),
  CONSTRAINT `FK_COA_DETJURNAL` FOREIGN KEY (`KODE_COA`) REFERENCES `tb_coa` (`kode_coa`) ON DELETE NO ACTION ON UPDATE CASCADE,
  CONSTRAINT `FK_JURNAL_DETAIL` FOREIGN KEY (`ID_JURNAL`) REFERENCES `tb_jurnal` (`ID_JURNAL`) ON DELETE CASCADE ON UPDATE CASCADE
) ENGINE=InnoDB AUTO_INCREMENT=86 DEFAULT CHARSET=latin1;

/*Data for the table `tb_detail_jurnal` */

insert  into `tb_detail_jurnal`(`ID_DETAIL_JURNAL`,`ID_JURNAL`,`KODE_COA`,`POSISI`,`JML_TRANSAKSI`) values (1,2,'130001','D',0),(2,2,'510001','K',0),(3,3,'130001','D',54000000),(4,3,'510001','K',54000000),(26,13,'110001','D',5000000),(27,13,'130001','K',5000000),(28,14,'120001','D',11000000),(29,14,'130001','K',6000000),(30,14,'310004','K',5000000),(31,15,'110001','D',5800000),(32,15,'130001','K',5800000),(33,16,'110001','D',5000000),(34,16,'130001','K',5000000),(35,17,'110001','D',11000000),(36,17,'130001','K',6000000),(37,17,'310004','K',5000000),(38,18,'120001','D',5800000),(39,18,'130001','K',5800000),(40,19,'130001','D',12050000),(41,19,'510001','K',12050000),(42,20,'130001','D',9010000),(43,20,'510001','K',9010000),(44,21,'510001','D',5000000),(45,21,'130001','K',5000000),(46,22,'130001','D',1000000),(47,23,'130001','D',2000000),(48,24,'110001','D',1000000),(49,26,'110001','D',1000000),(50,26,'130001','K',1000000),(51,27,'110002','D',1000000),(52,27,'120001','K',1000000),(53,28,'110002','D',1000000),(54,28,'120001','K',1000000),(55,29,'130001','D',9510000),(56,29,'510001','K',9510000),(57,30,'130001','D',10000000),(58,30,'510001','K',10000000),(59,31,'130001','D',15900000),(60,31,'510001','K',15900000),(61,32,'110001','D',5000000),(62,32,'130001','K',5000000),(63,33,'120001','D',11000000),(64,33,'130001','K',6000000),(65,33,'310004','K',5000000),(66,34,'110001','D',4900000),(67,34,'130001','K',4900000),(68,35,'110001','D',5000000),(69,35,'130001','K',5000000),(70,36,'110001','D',15000000),(71,36,'130001','K',15000000),(72,36,'310004','K',0),(73,37,'310004','D',1000000),(74,37,'120001','K',1000000),(75,38,'130001','D',18000000),(76,38,'510001','K',18000000),(77,39,'120001','D',5000000),(78,39,'130001','K',5000000),(79,40,'110001','D',10000000),(80,40,'130001','K',5000000),(81,40,'310004','K',5000000),(82,41,'510001','D',4490000),(83,41,'130001','K',4490000),(84,42,'110001','D',5000000),(85,42,'130001','K',5000000);

/*Table structure for table `tb_eo` */

DROP TABLE IF EXISTS `tb_eo`;

CREATE TABLE `tb_eo` (
  `ID_EO` int(11) NOT NULL AUTO_INCREMENT,
  `NAMA_EO` varchar(100) NOT NULL,
  `ALAMAT_EO` varchar(200) NOT NULL,
  `TELEPON_EO` varchar(30) NOT NULL,
  `HP_EO` varchar(50) NOT NULL,
  `CP_EO` varchar(100) NOT NULL,
  `EMAIL_EO` varchar(255) NOT NULL,
  `BANK_EO` varchar(100) NOT NULL,
  `NO_REKENING_EO` varchar(100) NOT NULL,
  `REMARK_EO` varchar(200) NOT NULL,
  `IS_ACTIVE` int(1) NOT NULL DEFAULT '1',
  PRIMARY KEY (`ID_EO`)
) ENGINE=InnoDB AUTO_INCREMENT=3 DEFAULT CHARSET=latin1;

/*Data for the table `tb_eo` */

insert  into `tb_eo`(`ID_EO`,`NAMA_EO`,`ALAMAT_EO`,`TELEPON_EO`,`HP_EO`,`CP_EO`,`EMAIL_EO`,`BANK_EO`,`NO_REKENING_EO`,`REMARK_EO`,`IS_ACTIVE`) values (1,'SEMARAK EVENT','Jl. Alam Sari No. 6 Denpasar','987391723','82739873','Budi','a@b.com','BCA','123456','-',1),(2,'TEST','TEST','TEST','TEST','TEST','TEST@TEST.COM','BCA','8739213','TEST',1);

/*Table structure for table `tb_history` */

DROP TABLE IF EXISTS `tb_history`;

CREATE TABLE `tb_history` (
  `ID_HISTORY` int(11) NOT NULL AUTO_INCREMENT,
  `TGL_HISTORY` timestamp NOT NULL DEFAULT CURRENT_TIMESTAMP ON UPDATE CURRENT_TIMESTAMP,
  `ID_USER` int(11) NOT NULL,
  `TYPE_HISTORY` varchar(50) NOT NULL,
  `DETAIL_HISTORY` varchar(500) NOT NULL,
  PRIMARY KEY (`ID_HISTORY`),
  KEY `FK_USER_HISTORY` (`ID_USER`),
  CONSTRAINT `FK_USER_HISTORY` FOREIGN KEY (`ID_USER`) REFERENCES `tb_user` (`ID_USER`) ON DELETE NO ACTION ON UPDATE CASCADE
) ENGINE=InnoDB AUTO_INCREMENT=723 DEFAULT CHARSET=latin1;

/*Data for the table `tb_history` */

insert  into `tb_history`(`ID_HISTORY`,`TGL_HISTORY`,`ID_USER`,`TYPE_HISTORY`,`DETAIL_HISTORY`) values (1,'2016-05-19 17:39:11',1,'Login','Login User : NGURAH KETUT HARIADI, IP : 192.168.8.100'),(2,'2016-05-19 17:44:34',1,'Login','Login User : NGURAH KETUT HARIADI, IP : 192.168.8.100'),(3,'2016-05-19 17:47:46',1,'Login','Login User : NGURAH KETUT HARIADI, IP : 192.168.8.100'),(4,'2016-05-19 17:52:13',1,'Login','Login User : NGURAH KETUT HARIADI, IP : 192.168.8.100'),(5,'2016-05-19 17:52:52',1,'Login','Login User : NGURAH KETUT HARIADI, IP : 192.168.8.100'),(6,'2016-05-19 17:53:12',1,'Login','Login User : NGURAH KETUT HARIADI, IP : 192.168.8.100'),(7,'2016-05-19 17:55:30',1,'Login','Login User : NGURAH KETUT HARIADI, IP : 192.168.8.100'),(8,'2016-05-19 17:59:11',1,'Login','Login User : NGURAH KETUT HARIADI, IP : 192.168.8.100'),(9,'2016-05-19 17:59:26',1,'Logout','Logout User : NGURAH KETUT HARIADI, IP : 192.168.8.100'),(10,'2016-05-19 21:12:06',1,'Login','Login User : NGURAH KETUT HARIADI, IP : 192.168.8.100'),(11,'2016-05-19 21:13:04',1,'Logout','Logout User : NGURAH KETUT HARIADI, IP : 192.168.8.100'),(12,'2016-05-19 21:13:42',1,'Login','Login User : NGURAH KETUT HARIADI, IP : 192.168.8.100'),(13,'2016-05-19 21:13:55',1,'Logout','Logout User : NGURAH KETUT HARIADI, IP : 192.168.8.100'),(14,'2016-05-19 21:17:21',1,'Login','Login User : NGURAH KETUT HARIADI, IP : 192.168.8.100'),(15,'2016-05-19 21:19:21',1,'Logout','Logout User : NGURAH KETUT HARIADI, IP : 192.168.8.100'),(16,'2016-05-19 21:21:33',1,'Login','Login User : NGURAH KETUT HARIADI, IP : 192.168.8.100'),(17,'2016-05-19 21:21:48',1,'Logout','Logout User : NGURAH KETUT HARIADI, IP : 192.168.8.100'),(18,'2016-05-19 21:22:20',1,'Login','Login User : NGURAH KETUT HARIADI, IP : 192.168.8.100'),(19,'2016-05-19 21:22:46',1,'Logout','Logout User : NGURAH KETUT HARIADI, IP : 192.168.8.100'),(20,'2016-05-19 21:28:39',1,'Login','Login User : NGURAH KETUT HARIADI, IP : 192.168.8.100'),(21,'2016-05-19 21:31:39',1,'Logout','Logout User : NGURAH KETUT HARIADI, IP : 192.168.8.100'),(22,'2016-05-20 12:26:58',1,'Login','Login User : NGURAH KETUT HARIADI, IP : 127.0.0.1'),(23,'2016-05-20 12:35:09',1,'Logout','Logout User : NGURAH KETUT HARIADI, IP : 127.0.0.1'),(24,'2016-05-20 12:43:05',1,'Login','Login User : NGURAH KETUT HARIADI, IP : 127.0.0.1'),(25,'2016-05-20 12:44:02',1,'Logout','Logout User : NGURAH KETUT HARIADI, IP : 127.0.0.1'),(26,'2016-05-20 12:53:06',1,'Login','Login User : NGURAH KETUT HARIADI, IP : 127.0.0.1'),(27,'2016-05-20 12:53:24',1,'Logout','Logout User : NGURAH KETUT HARIADI, IP : 127.0.0.1'),(28,'2016-05-20 12:56:59',1,'Login','Login User : NGURAH KETUT HARIADI, IP : 127.0.0.1'),(29,'2016-05-20 16:22:02',1,'Logout','Logout User : NGURAH KETUT HARIADI, IP : 127.0.0.1'),(30,'2016-05-22 10:04:21',1,'Login','Login User : NGURAH KETUT HARIADI, IP : 127.0.0.1'),(31,'2016-05-22 10:04:43',1,'Logout','Logout User : NGURAH KETUT HARIADI, IP : 127.0.0.1'),(32,'2016-05-22 10:31:28',1,'Login','Login User : NGURAH KETUT HARIADI, IP : 127.0.0.1'),(33,'2016-05-22 10:31:49',1,'Logout','Logout User : NGURAH KETUT HARIADI, IP : 127.0.0.1'),(34,'2016-05-22 10:34:39',1,'Login','Login User : NGURAH KETUT HARIADI, IP : 127.0.0.1'),(35,'2016-05-22 10:35:10',1,'Logout','Logout User : NGURAH KETUT HARIADI, IP : 127.0.0.1'),(36,'2016-05-22 10:36:40',1,'Login','Login User : NGURAH KETUT HARIADI, IP : 127.0.0.1'),(37,'2016-05-22 10:36:58',1,'Logout','Logout User : NGURAH KETUT HARIADI, IP : 127.0.0.1'),(38,'2016-05-22 10:37:42',1,'Login','Login User : NGURAH KETUT HARIADI, IP : 127.0.0.1'),(39,'2016-05-22 10:38:02',1,'Logout','Logout User : NGURAH KETUT HARIADI, IP : 127.0.0.1'),(40,'2016-05-22 10:42:28',1,'Login','Login User : NGURAH KETUT HARIADI, IP : 127.0.0.1'),(41,'2016-05-22 10:42:45',1,'Logout','Logout User : NGURAH KETUT HARIADI, IP : 127.0.0.1'),(42,'2016-05-22 10:50:37',1,'Login','Login User : NGURAH KETUT HARIADI, IP : 127.0.0.1'),(43,'2016-05-22 10:51:13',1,'Logout','Logout User : NGURAH KETUT HARIADI, IP : 127.0.0.1'),(44,'2016-05-22 10:56:38',1,'Login','Login User : NGURAH KETUT HARIADI, IP : 127.0.0.1'),(45,'2016-05-22 10:57:20',1,'Logout','Logout User : NGURAH KETUT HARIADI, IP : 127.0.0.1'),(46,'2016-05-22 11:09:48',1,'Login','Login User : NGURAH KETUT HARIADI, IP : 127.0.0.1'),(47,'2016-05-22 11:10:27',1,'Logout','Logout User : NGURAH KETUT HARIADI, IP : 127.0.0.1'),(48,'2016-05-22 11:10:44',1,'Login','Login User : NGURAH KETUT HARIADI, IP : 127.0.0.1'),(49,'2016-05-22 11:11:00',1,'Logout','Logout User : NGURAH KETUT HARIADI, IP : 127.0.0.1'),(50,'2016-05-22 11:11:32',1,'Login','Login User : NGURAH KETUT HARIADI, IP : 127.0.0.1'),(51,'2016-05-22 11:12:50',1,'Logout','Logout User : NGURAH KETUT HARIADI, IP : 127.0.0.1'),(52,'2016-05-22 11:14:38',1,'Login','Login User : NGURAH KETUT HARIADI, IP : 127.0.0.1'),(53,'2016-05-22 11:16:53',1,'Logout','Logout User : NGURAH KETUT HARIADI, IP : 127.0.0.1'),(54,'2016-05-22 11:17:18',1,'Login','Login User : NGURAH KETUT HARIADI, IP : 127.0.0.1'),(55,'2016-05-22 12:24:59',1,'Login','Login User : NGURAH KETUT HARIADI, IP : 127.0.0.1'),(56,'2016-05-22 12:25:47',1,'Logout','Logout User : NGURAH KETUT HARIADI, IP : 127.0.0.1'),(57,'2016-05-22 12:25:58',1,'Login','Login User : NGURAH KETUT HARIADI, IP : 127.0.0.1'),(58,'2016-05-22 12:59:12',1,'Login','Login User : NGURAH KETUT HARIADI, IP : 127.0.0.1'),(59,'2016-05-22 12:59:28',1,'Logout','Logout User : NGURAH KETUT HARIADI, IP : 127.0.0.1'),(60,'2016-05-22 13:01:48',1,'Login','Login User : NGURAH KETUT HARIADI, IP : 127.0.0.1'),(61,'2016-05-22 13:02:09',1,'Logout','Logout User : NGURAH KETUT HARIADI, IP : 127.0.0.1'),(62,'2016-05-22 13:02:48',1,'Login','Login User : NGURAH KETUT HARIADI, IP : 127.0.0.1'),(63,'2016-05-22 13:05:26',1,'Logout','Logout User : NGURAH KETUT HARIADI, IP : 127.0.0.1'),(64,'2016-05-22 13:33:06',1,'Login','Login User : NGURAH KETUT HARIADI, IP : 127.0.0.1'),(65,'2016-05-22 13:33:22',1,'Logout','Logout User : NGURAH KETUT HARIADI, IP : 127.0.0.1'),(66,'2016-05-22 13:34:43',1,'Login','Login User : NGURAH KETUT HARIADI, IP : 127.0.0.1'),(67,'2016-05-22 13:34:52',1,'Logout','Logout User : NGURAH KETUT HARIADI, IP : 127.0.0.1'),(68,'2016-05-22 13:35:24',1,'Login','Login User : NGURAH KETUT HARIADI, IP : 127.0.0.1'),(69,'2016-05-22 13:35:46',1,'Logout','Logout User : NGURAH KETUT HARIADI, IP : 127.0.0.1'),(70,'2016-05-22 13:36:26',1,'Login','Login User : NGURAH KETUT HARIADI, IP : 127.0.0.1'),(71,'2016-05-22 13:36:52',1,'Logout','Logout User : NGURAH KETUT HARIADI, IP : 127.0.0.1'),(72,'2016-05-22 13:37:19',1,'Login','Login User : NGURAH KETUT HARIADI, IP : 127.0.0.1'),(73,'2016-05-22 13:39:29',1,'Logout','Logout User : NGURAH KETUT HARIADI, IP : 127.0.0.1'),(74,'2016-05-22 13:39:34',1,'Login','Login User : NGURAH KETUT HARIADI, IP : 127.0.0.1'),(75,'2016-05-22 13:39:47',1,'Logout','Logout User : NGURAH KETUT HARIADI, IP : 127.0.0.1'),(76,'2016-05-22 13:41:11',1,'Login','Login User : NGURAH KETUT HARIADI, IP : 127.0.0.1'),(77,'2016-05-22 13:41:42',1,'Logout','Logout User : NGURAH KETUT HARIADI, IP : 127.0.0.1'),(78,'2016-05-22 13:42:38',1,'Login','Login User : NGURAH KETUT HARIADI, IP : 127.0.0.1'),(79,'2016-05-22 13:42:45',1,'Logout','Logout User : NGURAH KETUT HARIADI, IP : 127.0.0.1'),(80,'2016-05-22 13:45:39',1,'Login','Login User : NGURAH KETUT HARIADI, IP : 127.0.0.1'),(81,'2016-05-22 13:46:43',1,'Logout','Logout User : NGURAH KETUT HARIADI, IP : 127.0.0.1'),(82,'2016-05-22 13:51:24',1,'Login','Login User : NGURAH KETUT HARIADI, IP : 127.0.0.1'),(83,'2016-05-22 13:51:33',1,'Logout','Logout User : NGURAH KETUT HARIADI, IP : 127.0.0.1'),(84,'2016-05-22 13:51:53',1,'Login','Login User : NGURAH KETUT HARIADI, IP : 127.0.0.1'),(85,'2016-05-22 13:52:00',1,'Logout','Logout User : NGURAH KETUT HARIADI, IP : 127.0.0.1'),(86,'2016-05-22 13:52:22',1,'Login','Login User : NGURAH KETUT HARIADI, IP : 127.0.0.1'),(87,'2016-05-22 13:52:27',1,'Logout','Logout User : NGURAH KETUT HARIADI, IP : 127.0.0.1'),(88,'2016-05-22 13:53:42',1,'Login','Login User : NGURAH KETUT HARIADI, IP : 127.0.0.1'),(89,'2016-05-22 13:53:53',1,'Logout','Logout User : NGURAH KETUT HARIADI, IP : 127.0.0.1'),(90,'2016-05-22 13:59:23',1,'Login','Login User : NGURAH KETUT HARIADI, IP : 127.0.0.1'),(91,'2016-05-22 13:59:39',1,'Logout','Logout User : NGURAH KETUT HARIADI, IP : 127.0.0.1'),(92,'2016-05-22 14:00:20',1,'Login','Login User : NGURAH KETUT HARIADI, IP : 127.0.0.1'),(93,'2016-05-22 14:00:27',1,'Logout','Logout User : NGURAH KETUT HARIADI, IP : 127.0.0.1'),(94,'2016-05-22 14:03:03',1,'Login','Login User : NGURAH KETUT HARIADI, IP : 127.0.0.1'),(95,'2016-05-22 14:03:11',1,'Logout','Logout User : NGURAH KETUT HARIADI, IP : 127.0.0.1'),(96,'2016-05-22 14:05:20',1,'Login','Login User : NGURAH KETUT HARIADI, IP : 127.0.0.1'),(97,'2016-05-22 14:06:18',1,'Logout','Logout User : NGURAH KETUT HARIADI, IP : 127.0.0.1'),(98,'2016-05-22 14:19:37',1,'Login','Login User : NGURAH KETUT HARIADI, IP : 127.0.0.1'),(99,'2016-05-22 14:21:35',1,'Login','Login User : NGURAH KETUT HARIADI, IP : 127.0.0.1'),(100,'2016-05-22 14:22:09',1,'Logout','Logout User : NGURAH KETUT HARIADI, IP : 127.0.0.1'),(101,'2016-05-22 14:22:46',1,'Login','Login User : NGURAH KETUT HARIADI, IP : 127.0.0.1'),(102,'2016-05-22 14:24:59',1,'Logout','Logout User : NGURAH KETUT HARIADI, IP : 127.0.0.1'),(103,'2016-05-22 14:25:20',1,'Login','Login User : NGURAH KETUT HARIADI, IP : 127.0.0.1'),(104,'2016-05-24 16:53:38',1,'Login','Login User : NGURAH KETUT HARIADI, IP : 192.168.8.100'),(105,'2016-05-24 16:54:05',1,'Logout','Logout User : NGURAH KETUT HARIADI, IP : 192.168.8.100'),(106,'2016-05-24 16:55:07',1,'Login','Login User : NGURAH KETUT HARIADI, IP : 192.168.8.100'),(107,'2016-05-24 16:57:29',1,'Logout','Logout User : NGURAH KETUT HARIADI, IP : 192.168.8.100'),(108,'2016-05-24 16:58:19',1,'Login','Login User : NGURAH KETUT HARIADI, IP : 192.168.8.100'),(109,'2016-05-24 16:58:29',1,'Logout','Logout User : NGURAH KETUT HARIADI, IP : 192.168.8.100'),(110,'2016-05-24 16:59:35',1,'Login','Login User : NGURAH KETUT HARIADI, IP : 192.168.8.100'),(111,'2016-05-24 17:00:00',1,'Logout','Logout User : NGURAH KETUT HARIADI, IP : 192.168.8.100'),(112,'2016-05-24 17:01:32',1,'Login','Login User : NGURAH KETUT HARIADI, IP : 192.168.8.100'),(113,'2016-05-24 17:01:43',1,'Logout','Logout User : NGURAH KETUT HARIADI, IP : 192.168.8.100'),(114,'2016-05-24 17:02:10',1,'Login','Login User : NGURAH KETUT HARIADI, IP : 192.168.8.100'),(115,'2016-05-24 17:49:40',1,'Logout','Logout User : NGURAH KETUT HARIADI, IP : 192.168.8.100'),(116,'2016-05-25 20:34:07',1,'Login','Login User : NGURAH KETUT HARIADI, IP : 192.168.8.100'),(117,'2016-05-25 20:35:06',1,'Logout','Logout User : NGURAH KETUT HARIADI, IP : 192.168.8.100'),(118,'2016-05-25 20:38:03',1,'Login','Login User : NGURAH KETUT HARIADI, IP : 192.168.8.100'),(119,'2016-05-25 20:38:30',1,'Logout','Logout User : NGURAH KETUT HARIADI, IP : 192.168.8.100'),(120,'2016-05-25 21:12:29',1,'Login','Login User : NGURAH KETUT HARIADI, IP : 127.0.0.1'),(121,'2016-05-25 21:12:53',1,'Logout','Logout User : NGURAH KETUT HARIADI, IP : 127.0.0.1'),(122,'2016-05-25 21:44:05',1,'Login','Login User : NGURAH KETUT HARIADI, IP : 127.0.0.1'),(123,'2016-05-25 21:44:56',1,'Logout','Logout User : NGURAH KETUT HARIADI, IP : 127.0.0.1'),(124,'2016-05-25 21:45:53',1,'Login','Login User : NGURAH KETUT HARIADI, IP : 127.0.0.1'),(125,'2016-05-25 21:49:15',1,'Logout','Logout User : NGURAH KETUT HARIADI, IP : 127.0.0.1'),(126,'2016-05-25 21:55:24',1,'Login','Login User : NGURAH KETUT HARIADI, IP : 127.0.0.1'),(127,'2016-05-25 21:55:59',1,'Logout','Logout User : NGURAH KETUT HARIADI, IP : 127.0.0.1'),(128,'2016-05-25 22:10:05',1,'Login','Login User : NGURAH KETUT HARIADI, IP : 127.0.0.1'),(129,'2016-05-25 22:10:50',1,'Logout','Logout User : NGURAH KETUT HARIADI, IP : 127.0.0.1'),(130,'2016-05-25 22:13:02',1,'Login','Login User : NGURAH KETUT HARIADI, IP : 127.0.0.1'),(131,'2016-05-25 22:13:41',1,'Logout','Logout User : NGURAH KETUT HARIADI, IP : 127.0.0.1'),(132,'2016-05-25 22:40:37',1,'Login','Login User : NGURAH KETUT HARIADI, IP : 192.168.8.100'),(133,'2016-05-25 23:09:07',1,'Login','Login User : NGURAH KETUT HARIADI, IP : 192.168.8.100'),(134,'2016-05-25 23:09:46',1,'Logout','Logout User : NGURAH KETUT HARIADI, IP : 192.168.8.100'),(135,'2016-05-26 17:16:28',1,'Login','Login User : NGURAH KETUT HARIADI, IP : 127.0.0.1'),(136,'2016-05-26 17:18:36',1,'Logout','Logout User : NGURAH KETUT HARIADI, IP : 127.0.0.1'),(137,'2016-05-26 17:21:09',1,'Login','Login User : NGURAH KETUT HARIADI, IP : 127.0.0.1'),(138,'2016-05-26 17:24:50',1,'Logout','Logout User : NGURAH KETUT HARIADI, IP : 127.0.0.1'),(139,'2016-05-26 17:28:50',1,'Login','Login User : NGURAH KETUT HARIADI, IP : 127.0.0.1'),(140,'2016-05-26 17:31:20',1,'Logout','Logout User : NGURAH KETUT HARIADI, IP : 127.0.0.1'),(141,'2016-05-26 17:35:42',1,'Login','Login User : NGURAH KETUT HARIADI, IP : 127.0.0.1'),(142,'2016-05-26 17:40:01',1,'Login','Login User : NGURAH KETUT HARIADI, IP : 127.0.0.1'),(143,'2016-05-26 17:41:03',1,'Logout','Logout User : NGURAH KETUT HARIADI, IP : 127.0.0.1'),(144,'2016-05-26 17:42:37',1,'Login','Login User : NGURAH KETUT HARIADI, IP : 127.0.0.1'),(145,'2016-05-26 17:43:37',1,'Logout','Logout User : NGURAH KETUT HARIADI, IP : 127.0.0.1'),(146,'2016-05-26 17:45:40',1,'Login','Login User : NGURAH KETUT HARIADI, IP : 127.0.0.1'),(147,'2016-05-26 17:46:47',1,'Logout','Logout User : NGURAH KETUT HARIADI, IP : 127.0.0.1'),(148,'2016-05-26 17:50:50',1,'Login','Login User : NGURAH KETUT HARIADI, IP : 127.0.0.1'),(149,'2016-05-26 17:51:39',1,'Logout','Logout User : NGURAH KETUT HARIADI, IP : 127.0.0.1'),(150,'2016-05-26 18:47:44',1,'Login','Login User : NGURAH KETUT HARIADI, IP : 127.0.0.1'),(151,'2016-05-26 18:48:00',1,'Logout','Logout User : NGURAH KETUT HARIADI, IP : 127.0.0.1'),(152,'2016-05-26 18:48:43',1,'Login','Login User : NGURAH KETUT HARIADI, IP : 127.0.0.1'),(153,'2016-05-26 18:49:21',1,'Logout','Logout User : NGURAH KETUT HARIADI, IP : 127.0.0.1'),(154,'2016-05-26 18:51:53',1,'Login','Login User : NGURAH KETUT HARIADI, IP : 127.0.0.1'),(155,'2016-05-26 18:52:13',1,'Logout','Logout User : NGURAH KETUT HARIADI, IP : 127.0.0.1'),(156,'2016-05-26 18:52:57',1,'Login','Login User : NGURAH KETUT HARIADI, IP : 127.0.0.1'),(157,'2016-05-26 18:53:49',1,'Logout','Logout User : NGURAH KETUT HARIADI, IP : 127.0.0.1'),(158,'2016-05-26 18:54:11',1,'Login','Login User : NGURAH KETUT HARIADI, IP : 127.0.0.1'),(159,'2016-05-26 18:54:27',1,'Logout','Logout User : NGURAH KETUT HARIADI, IP : 127.0.0.1'),(160,'2016-05-26 18:55:11',1,'Login','Login User : NGURAH KETUT HARIADI, IP : 127.0.0.1'),(161,'2016-05-26 18:56:15',1,'Logout','Logout User : NGURAH KETUT HARIADI, IP : 127.0.0.1'),(162,'2016-05-26 18:57:44',1,'Login','Login User : NGURAH KETUT HARIADI, IP : 127.0.0.1'),(163,'2016-05-26 18:58:47',1,'Logout','Logout User : NGURAH KETUT HARIADI, IP : 127.0.0.1'),(164,'2016-05-26 19:03:53',1,'Login','Login User : NGURAH KETUT HARIADI, IP : 127.0.0.1'),(165,'2016-05-26 19:08:07',1,'Logout','Logout User : NGURAH KETUT HARIADI, IP : 127.0.0.1'),(166,'2016-05-26 19:12:17',1,'Login','Login User : NGURAH KETUT HARIADI, IP : 127.0.0.1'),(167,'2016-05-26 19:13:07',1,'Logout','Logout User : NGURAH KETUT HARIADI, IP : 127.0.0.1'),(168,'2016-05-26 19:17:08',1,'Login','Login User : NGURAH KETUT HARIADI, IP : 127.0.0.1'),(169,'2016-05-26 19:17:18',1,'Logout','Logout User : NGURAH KETUT HARIADI, IP : 127.0.0.1'),(170,'2016-05-26 19:17:45',1,'Login','Login User : NGURAH KETUT HARIADI, IP : 127.0.0.1'),(171,'2016-05-26 19:18:03',1,'Logout','Logout User : NGURAH KETUT HARIADI, IP : 127.0.0.1'),(172,'2016-05-26 19:18:20',1,'Login','Login User : NGURAH KETUT HARIADI, IP : 127.0.0.1'),(173,'2016-05-26 19:18:35',1,'Logout','Logout User : NGURAH KETUT HARIADI, IP : 127.0.0.1'),(174,'2016-05-27 07:18:57',1,'Login','Login User : NGURAH KETUT HARIADI, IP : 192.168.8.100'),(175,'2016-05-27 07:22:29',1,'Logout','Logout User : NGURAH KETUT HARIADI, IP : 192.168.8.100'),(176,'2016-05-27 07:22:47',1,'Login','Login User : NGURAH KETUT HARIADI, IP : 192.168.8.100'),(177,'2016-05-27 07:36:29',1,'Login','Login User : NGURAH KETUT HARIADI, IP : 192.168.8.100'),(178,'2016-05-27 07:37:11',1,'Logout','Logout User : NGURAH KETUT HARIADI, IP : 192.168.8.100'),(179,'2016-05-27 07:44:46',1,'Logout','Logout User : NGURAH KETUT HARIADI, IP : 192.168.8.100'),(180,'2016-05-27 07:45:05',3,'Login','Login User : JONI, IP : 192.168.8.100'),(181,'2016-05-27 07:45:16',3,'Logout','Logout User : JONI, IP : 192.168.8.100'),(182,'2016-05-27 07:47:38',1,'Login','Login User : NGURAH KETUT HARIADI, IP : 192.168.8.100'),(183,'2016-05-27 07:47:46',1,'Logout','Logout User : NGURAH KETUT HARIADI, IP : 192.168.8.100'),(184,'2016-05-27 07:47:54',3,'Login','Login User : JONI, IP : 192.168.8.100'),(185,'2016-05-27 07:48:05',3,'Logout','Logout User : JONI, IP : 192.168.8.100'),(186,'2016-05-27 07:49:03',3,'Login','Login User : JONI, IP : 192.168.8.100'),(187,'2016-05-27 08:08:34',3,'Logout','Logout User : JONI, IP : 127.0.0.1'),(188,'2016-05-27 08:08:39',4,'Login','Login User : COKI, IP : 127.0.0.1'),(189,'2016-05-27 10:21:39',1,'Login','Login User : NGURAH KETUT HARIADI, IP : 192.168.206.191'),(190,'2016-05-27 10:22:24',1,'Logout','Logout User : NGURAH KETUT HARIADI, IP : 192.168.206.191'),(191,'2016-05-27 10:22:33',1,'Login','Login User : NGURAH KETUT HARIADI, IP : 192.168.206.191'),(192,'2016-05-27 10:23:06',1,'Logout','Logout User : NGURAH KETUT HARIADI, IP : 192.168.206.191'),(193,'2016-05-27 10:23:13',4,'Login','Login User : COKI, IP : 192.168.206.191'),(194,'2016-05-27 10:23:30',4,'Logout','Logout User : COKI, IP : 192.168.206.191'),(195,'2016-05-27 10:23:34',1,'Login','Login User : NGURAH KETUT HARIADI, IP : 192.168.206.191'),(196,'2016-05-27 10:23:43',1,'Logout','Logout User : NGURAH KETUT HARIADI, IP : 192.168.206.191'),(197,'2016-05-27 10:36:52',1,'Login','Login User : NGURAH KETUT HARIADI, IP : 192.168.206.191'),(198,'2016-05-27 10:57:41',1,'Logout','Logout User : NGURAH KETUT HARIADI, IP : 192.168.206.191'),(199,'2016-05-27 10:57:53',3,'Login','Login User : JONI, IP : 192.168.206.191'),(200,'2016-05-27 11:10:00',3,'Logout','Logout User : JONI, IP : 192.168.206.191'),(201,'2016-05-27 11:10:13',4,'Login','Login User : COKI, IP : 192.168.206.191'),(202,'2016-05-27 11:14:57',4,'Logout','Logout User : COKI, IP : 192.168.206.191'),(203,'2016-05-27 11:15:00',1,'Login','Login User : NGURAH KETUT HARIADI, IP : 192.168.206.191'),(204,'2016-05-27 11:15:39',1,'Logout','Logout User : NGURAH KETUT HARIADI, IP : 192.168.206.191'),(205,'2016-05-27 11:15:45',1,'Login','Login User : NGURAH KETUT HARIADI, IP : 192.168.206.191'),(206,'2016-05-27 12:05:02',1,'Logout','Logout User : NGURAH KETUT HARIADI, IP : 192.168.206.191'),(207,'2016-05-27 18:00:54',1,'Login','Login User : NGURAH KETUT HARIADI, IP : 127.0.0.1'),(208,'2016-05-27 18:01:03',1,'Logout','Logout User : NGURAH KETUT HARIADI, IP : 127.0.0.1'),(209,'2016-06-15 15:29:25',1,'Login','Login User : NGURAH KETUT HARIADI, IP : 192.168.8.100'),(210,'2016-06-15 15:31:43',1,'Logout','Logout User : NGURAH KETUT HARIADI, IP : 192.168.8.100'),(211,'2016-06-15 16:15:47',1,'Login','Login User : NGURAH KETUT HARIADI, IP : 192.168.8.100'),(212,'2016-06-15 16:42:03',1,'Logout','Logout User : NGURAH KETUT HARIADI, IP : 192.168.8.100'),(213,'2016-06-15 16:43:02',4,'Login','Login User : COKI, IP : 192.168.8.100'),(214,'2016-06-15 16:45:24',4,'Logout','Logout User : COKI, IP : 192.168.8.100'),(215,'2016-06-15 16:45:28',1,'Login','Login User : NGURAH KETUT HARIADI, IP : 192.168.8.100'),(216,'2016-06-15 17:08:01',1,'Logout','Logout User : NGURAH KETUT HARIADI, IP : 192.168.8.100'),(217,'2016-07-14 09:09:31',1,'Login','Login User : NGURAH KETUT HARIADI, IP : 127.0.0.1'),(218,'2016-07-14 09:10:20',1,'Logout','Logout User : NGURAH KETUT HARIADI, IP : 127.0.0.1'),(219,'2016-07-14 09:12:51',1,'Login','Login User : NGURAH KETUT HARIADI, IP : 127.0.0.1'),(220,'2016-07-14 09:13:28',1,'Logout','Logout User : NGURAH KETUT HARIADI, IP : 127.0.0.1'),(221,'2016-07-14 09:15:41',1,'Login','Login User : NGURAH KETUT HARIADI, IP : 127.0.0.1'),(222,'2016-07-14 09:15:57',1,'Logout','Logout User : NGURAH KETUT HARIADI, IP : 127.0.0.1'),(223,'2016-07-14 09:16:26',1,'Login','Login User : NGURAH KETUT HARIADI, IP : 127.0.0.1'),(224,'2016-07-14 09:18:07',1,'Logout','Logout User : NGURAH KETUT HARIADI, IP : 127.0.0.1'),(225,'2016-07-14 09:47:21',1,'Login','Login User : NGURAH KETUT HARIADI, IP : 127.0.0.1'),(226,'2016-07-14 09:47:55',1,'Logout','Logout User : NGURAH KETUT HARIADI, IP : 127.0.0.1'),(227,'2016-07-14 09:49:28',1,'Login','Login User : NGURAH KETUT HARIADI, IP : 127.0.0.1'),(228,'2016-07-14 09:50:05',1,'Logout','Logout User : NGURAH KETUT HARIADI, IP : 127.0.0.1'),(229,'2016-07-14 09:50:45',1,'Login','Login User : NGURAH KETUT HARIADI, IP : 127.0.0.1'),(230,'2016-07-14 09:51:00',1,'Logout','Logout User : NGURAH KETUT HARIADI, IP : 127.0.0.1'),(231,'2016-07-14 09:51:41',1,'Login','Login User : NGURAH KETUT HARIADI, IP : 127.0.0.1'),(232,'2016-07-14 09:52:16',1,'Logout','Logout User : NGURAH KETUT HARIADI, IP : 127.0.0.1'),(233,'2016-07-14 10:23:33',1,'Login','Login User : NGURAH KETUT HARIADI, IP : 127.0.0.1'),(234,'2016-07-14 10:24:10',1,'Logout','Logout User : NGURAH KETUT HARIADI, IP : 127.0.0.1'),(235,'2016-07-14 10:42:07',1,'Login','Login User : NGURAH KETUT HARIADI, IP : 127.0.0.1'),(236,'2016-07-14 10:43:26',1,'Logout','Logout User : NGURAH KETUT HARIADI, IP : 127.0.0.1'),(237,'2016-07-14 11:01:44',1,'Login','Login User : NGURAH KETUT HARIADI, IP : 127.0.0.1'),(238,'2016-07-14 11:03:17',1,'Logout','Logout User : NGURAH KETUT HARIADI, IP : 127.0.0.1'),(239,'2016-07-14 11:04:12',1,'Login','Login User : NGURAH KETUT HARIADI, IP : 127.0.0.1'),(240,'2016-07-14 11:04:24',1,'Logout','Logout User : NGURAH KETUT HARIADI, IP : 127.0.0.1'),(241,'2016-07-14 11:05:02',1,'Login','Login User : NGURAH KETUT HARIADI, IP : 127.0.0.1'),(242,'2016-07-14 11:05:29',1,'Logout','Logout User : NGURAH KETUT HARIADI, IP : 127.0.0.1'),(243,'2016-07-14 11:06:26',1,'Login','Login User : NGURAH KETUT HARIADI, IP : 127.0.0.1'),(244,'2016-07-14 11:06:47',1,'Logout','Logout User : NGURAH KETUT HARIADI, IP : 127.0.0.1'),(245,'2016-07-14 11:07:02',1,'Login','Login User : NGURAH KETUT HARIADI, IP : 127.0.0.1'),(246,'2016-07-14 11:07:53',1,'Logout','Logout User : NGURAH KETUT HARIADI, IP : 127.0.0.1'),(247,'2016-07-14 11:09:23',1,'Login','Login User : NGURAH KETUT HARIADI, IP : 127.0.0.1'),(248,'2016-07-14 11:13:45',1,'Login','Login User : NGURAH KETUT HARIADI, IP : 127.0.0.1'),(249,'2016-07-14 11:14:26',1,'Logout','Logout User : NGURAH KETUT HARIADI, IP : 127.0.0.1'),(250,'2016-07-14 11:15:38',1,'Login','Login User : NGURAH KETUT HARIADI, IP : 127.0.0.1'),(251,'2016-07-14 11:15:47',1,'Logout','Logout User : NGURAH KETUT HARIADI, IP : 127.0.0.1'),(252,'2016-07-14 11:20:51',1,'Login','Login User : NGURAH KETUT HARIADI, IP : 127.0.0.1'),(253,'2016-07-14 11:21:52',1,'Logout','Logout User : NGURAH KETUT HARIADI, IP : 127.0.0.1'),(254,'2016-07-14 11:27:15',1,'Login','Login User : NGURAH KETUT HARIADI, IP : 127.0.0.1'),(255,'2016-07-14 11:27:47',1,'Logout','Logout User : NGURAH KETUT HARIADI, IP : 127.0.0.1'),(256,'2016-07-14 12:24:18',1,'Login','Login User : NGURAH KETUT HARIADI, IP : 127.0.0.1'),(257,'2016-07-14 12:26:17',1,'Logout','Logout User : NGURAH KETUT HARIADI, IP : 127.0.0.1'),(258,'2016-07-14 12:33:34',1,'Login','Login User : NGURAH KETUT HARIADI, IP : 127.0.0.1'),(259,'2016-07-14 12:34:42',1,'Logout','Logout User : NGURAH KETUT HARIADI, IP : 127.0.0.1'),(260,'2016-07-14 12:52:00',1,'Login','Login User : NGURAH KETUT HARIADI, IP : 127.0.0.1'),(261,'2016-07-14 12:52:41',1,'Logout','Logout User : NGURAH KETUT HARIADI, IP : 127.0.0.1'),(262,'2016-07-14 13:11:42',1,'Login','Login User : NGURAH KETUT HARIADI, IP : 127.0.0.1'),(263,'2016-07-14 13:11:55',1,'Logout','Logout User : NGURAH KETUT HARIADI, IP : 127.0.0.1'),(264,'2016-07-14 13:12:46',1,'Login','Login User : NGURAH KETUT HARIADI, IP : 127.0.0.1'),(265,'2016-07-14 13:13:29',1,'Login','Login User : NGURAH KETUT HARIADI, IP : 127.0.0.1'),(266,'2016-07-14 13:17:42',1,'Logout','Logout User : NGURAH KETUT HARIADI, IP : 127.0.0.1'),(267,'2016-07-14 15:22:44',1,'Login','Login User : NGURAH KETUT HARIADI, IP : 127.0.0.1'),(268,'2016-07-14 15:55:19',1,'Login','Login User : NGURAH KETUT HARIADI, IP : 10.1.1.123'),(269,'2016-07-14 15:58:54',1,'Logout','Logout User : NGURAH KETUT HARIADI, IP : 10.1.1.123'),(270,'2016-07-14 15:58:59',6,'Login','Login User : FITRIA AGUSTINA, IP : 10.1.1.123'),(271,'2016-07-14 16:13:36',6,'Logout','Logout User : FITRIA AGUSTINA, IP : 10.1.1.123'),(272,'2016-07-16 12:01:09',1,'Login','Login User : NGURAH KETUT HARIADI, IP : 127.0.0.1'),(273,'2016-07-16 13:57:28',1,'Login','Login User : NGURAH KETUT HARIADI, IP : 127.0.0.1'),(274,'2016-07-16 13:57:45',1,'Logout','Logout User : NGURAH KETUT HARIADI, IP : 127.0.0.1'),(275,'2016-07-16 14:01:42',1,'Login','Login User : NGURAH KETUT HARIADI, IP : 127.0.0.1'),(276,'2016-07-16 14:02:02',1,'Logout','Logout User : NGURAH KETUT HARIADI, IP : 127.0.0.1'),(277,'2016-07-16 14:02:47',1,'Login','Login User : NGURAH KETUT HARIADI, IP : 127.0.0.1'),(278,'2016-07-16 14:03:06',1,'Logout','Logout User : NGURAH KETUT HARIADI, IP : 127.0.0.1'),(279,'2016-07-16 14:05:24',1,'Login','Login User : NGURAH KETUT HARIADI, IP : 127.0.0.1'),(280,'2016-07-16 14:09:24',1,'Logout','Logout User : NGURAH KETUT HARIADI, IP : 127.0.0.1'),(281,'2016-07-18 11:46:22',1,'Login','Login User : NGURAH KETUT HARIADI, IP : 127.0.0.1'),(282,'2016-07-18 11:47:31',1,'Login','Login User : NGURAH KETUT HARIADI, IP : 127.0.0.1'),(283,'2016-07-18 11:47:42',1,'Logout','Logout User : NGURAH KETUT HARIADI, IP : 127.0.0.1'),(284,'2016-07-18 11:50:26',1,'Login','Login User : NGURAH KETUT HARIADI, IP : 127.0.0.1'),(285,'2016-07-18 11:50:40',1,'Logout','Logout User : NGURAH KETUT HARIADI, IP : 127.0.0.1'),(286,'2016-07-18 11:52:20',1,'Login','Login User : NGURAH KETUT HARIADI, IP : 127.0.0.1'),(287,'2016-07-18 11:53:27',1,'Logout','Logout User : NGURAH KETUT HARIADI, IP : 127.0.0.1'),(288,'2016-07-18 11:59:45',1,'Login','Login User : NGURAH KETUT HARIADI, IP : 127.0.0.1'),(289,'2016-07-18 12:00:37',1,'Login','Login User : NGURAH KETUT HARIADI, IP : 127.0.0.1'),(290,'2016-07-18 12:00:49',1,'Logout','Logout User : NGURAH KETUT HARIADI, IP : 127.0.0.1'),(291,'2016-07-18 12:01:22',1,'Login','Login User : NGURAH KETUT HARIADI, IP : 127.0.0.1'),(292,'2016-07-18 12:01:46',1,'Logout','Logout User : NGURAH KETUT HARIADI, IP : 127.0.0.1'),(293,'2016-07-18 12:03:23',1,'Login','Login User : NGURAH KETUT HARIADI, IP : 127.0.0.1'),(294,'2016-07-18 12:03:54',1,'Logout','Logout User : NGURAH KETUT HARIADI, IP : 127.0.0.1'),(295,'2016-07-18 12:05:33',1,'Login','Login User : NGURAH KETUT HARIADI, IP : 127.0.0.1'),(296,'2016-07-18 12:05:57',1,'Logout','Logout User : NGURAH KETUT HARIADI, IP : 127.0.0.1'),(297,'2016-07-18 12:09:15',1,'Login','Login User : NGURAH KETUT HARIADI, IP : 127.0.0.1'),(298,'2016-07-18 12:09:27',1,'Logout','Logout User : NGURAH KETUT HARIADI, IP : 127.0.0.1'),(299,'2016-07-18 12:11:17',1,'Login','Login User : NGURAH KETUT HARIADI, IP : 127.0.0.1'),(300,'2016-07-18 12:11:33',1,'Logout','Logout User : NGURAH KETUT HARIADI, IP : 127.0.0.1'),(301,'2016-07-18 12:12:00',1,'Login','Login User : NGURAH KETUT HARIADI, IP : 127.0.0.1'),(302,'2016-07-18 12:12:16',1,'Logout','Logout User : NGURAH KETUT HARIADI, IP : 127.0.0.1'),(303,'2016-07-18 12:14:16',1,'Login','Login User : NGURAH KETUT HARIADI, IP : 127.0.0.1'),(304,'2016-07-18 12:14:35',1,'Logout','Logout User : NGURAH KETUT HARIADI, IP : 127.0.0.1'),(305,'2016-07-18 12:17:13',1,'Login','Login User : NGURAH KETUT HARIADI, IP : 127.0.0.1'),(306,'2016-07-18 12:19:23',1,'Logout','Logout User : NGURAH KETUT HARIADI, IP : 127.0.0.1'),(307,'2016-07-18 12:20:37',1,'Login','Login User : NGURAH KETUT HARIADI, IP : 127.0.0.1'),(308,'2016-07-18 12:20:48',1,'Logout','Logout User : NGURAH KETUT HARIADI, IP : 127.0.0.1'),(309,'2016-07-18 12:24:02',1,'Login','Login User : NGURAH KETUT HARIADI, IP : 127.0.0.1'),(310,'2016-07-18 12:24:17',1,'Logout','Logout User : NGURAH KETUT HARIADI, IP : 127.0.0.1'),(311,'2016-07-18 12:24:36',1,'Login','Login User : NGURAH KETUT HARIADI, IP : 127.0.0.1'),(312,'2016-07-18 12:24:53',1,'Logout','Logout User : NGURAH KETUT HARIADI, IP : 127.0.0.1'),(313,'2016-07-18 12:27:34',1,'Login','Login User : NGURAH KETUT HARIADI, IP : 127.0.0.1'),(314,'2016-07-18 12:28:05',1,'Logout','Logout User : NGURAH KETUT HARIADI, IP : 127.0.0.1'),(315,'2016-07-18 12:28:39',1,'Login','Login User : NGURAH KETUT HARIADI, IP : 127.0.0.1'),(316,'2016-07-18 12:29:00',1,'Logout','Logout User : NGURAH KETUT HARIADI, IP : 127.0.0.1'),(317,'2016-07-18 12:36:17',1,'Login','Login User : NGURAH KETUT HARIADI, IP : 127.0.0.1'),(318,'2016-07-18 12:36:29',1,'Logout','Logout User : NGURAH KETUT HARIADI, IP : 127.0.0.1'),(319,'2016-07-18 12:37:03',1,'Login','Login User : NGURAH KETUT HARIADI, IP : 127.0.0.1'),(320,'2016-07-18 12:37:19',1,'Logout','Logout User : NGURAH KETUT HARIADI, IP : 127.0.0.1'),(321,'2016-07-18 12:37:52',1,'Login','Login User : NGURAH KETUT HARIADI, IP : 127.0.0.1'),(322,'2016-07-18 12:38:42',1,'Login','Login User : NGURAH KETUT HARIADI, IP : 127.0.0.1'),(323,'2016-07-18 12:38:52',1,'Logout','Logout User : NGURAH KETUT HARIADI, IP : 127.0.0.1'),(324,'2016-07-18 12:39:14',1,'Login','Login User : NGURAH KETUT HARIADI, IP : 127.0.0.1'),(325,'2016-07-18 12:40:07',1,'Login','Login User : NGURAH KETUT HARIADI, IP : 127.0.0.1'),(326,'2016-07-18 12:40:27',1,'Login','Login User : NGURAH KETUT HARIADI, IP : 127.0.0.1'),(327,'2016-07-18 12:40:37',1,'Logout','Logout User : NGURAH KETUT HARIADI, IP : 127.0.0.1'),(328,'2016-07-18 12:44:24',1,'Login','Login User : NGURAH KETUT HARIADI, IP : 127.0.0.1'),(329,'2016-07-18 12:45:46',1,'Logout','Logout User : NGURAH KETUT HARIADI, IP : 127.0.0.1'),(330,'2016-07-18 12:48:07',1,'Login','Login User : NGURAH KETUT HARIADI, IP : 127.0.0.1'),(331,'2016-07-18 12:50:11',1,'Logout','Logout User : NGURAH KETUT HARIADI, IP : 127.0.0.1'),(332,'2016-07-18 13:02:06',1,'Login','Login User : NGURAH KETUT HARIADI, IP : 127.0.0.1'),(333,'2016-07-18 13:02:19',1,'Logout','Logout User : NGURAH KETUT HARIADI, IP : 127.0.0.1'),(334,'2016-07-18 13:03:27',1,'Login','Login User : NGURAH KETUT HARIADI, IP : 127.0.0.1'),(335,'2016-07-18 13:03:36',1,'Logout','Logout User : NGURAH KETUT HARIADI, IP : 127.0.0.1'),(336,'2016-07-18 13:05:14',1,'Login','Login User : NGURAH KETUT HARIADI, IP : 127.0.0.1'),(337,'2016-07-18 13:05:32',1,'Logout','Logout User : NGURAH KETUT HARIADI, IP : 127.0.0.1'),(338,'2016-07-18 13:06:06',1,'Login','Login User : NGURAH KETUT HARIADI, IP : 127.0.0.1'),(339,'2016-07-18 13:06:38',1,'Logout','Logout User : NGURAH KETUT HARIADI, IP : 127.0.0.1'),(340,'2016-07-18 13:09:37',1,'Login','Login User : NGURAH KETUT HARIADI, IP : 127.0.0.1'),(341,'2016-07-18 13:11:02',1,'Logout','Logout User : NGURAH KETUT HARIADI, IP : 127.0.0.1'),(342,'2016-07-18 13:22:47',1,'Login','Login User : NGURAH KETUT HARIADI, IP : 192.168.8.101'),(343,'2016-07-18 13:23:19',1,'Logout','Logout User : NGURAH KETUT HARIADI, IP : 192.168.8.101'),(344,'2016-07-18 13:24:34',1,'Login','Login User : NGURAH KETUT HARIADI, IP : 192.168.8.101'),(345,'2016-07-18 13:48:19',1,'Logout','Logout User : NGURAH KETUT HARIADI, IP : 192.168.8.101'),(346,'2016-07-18 14:07:42',1,'Login','Login User : NGURAH KETUT HARIADI, IP : 127.0.0.1'),(347,'2016-07-18 14:08:04',1,'Logout','Logout User : NGURAH KETUT HARIADI, IP : 127.0.0.1'),(348,'2016-07-18 14:10:41',1,'Login','Login User : NGURAH KETUT HARIADI, IP : 127.0.0.1'),(349,'2016-07-18 14:11:19',1,'Logout','Logout User : NGURAH KETUT HARIADI, IP : 127.0.0.1'),(350,'2016-07-18 14:12:16',1,'Login','Login User : NGURAH KETUT HARIADI, IP : 127.0.0.1'),(351,'2016-07-18 14:12:56',1,'Logout','Logout User : NGURAH KETUT HARIADI, IP : 127.0.0.1'),(352,'2016-07-18 14:42:06',1,'Login','Login User : NGURAH KETUT HARIADI, IP : 192.168.8.101'),(353,'2016-07-18 14:42:22',1,'Logout','Logout User : NGURAH KETUT HARIADI, IP : 192.168.8.101'),(354,'2016-07-18 14:45:46',1,'Login','Login User : NGURAH KETUT HARIADI, IP : 192.168.8.101'),(355,'2016-07-18 14:46:22',1,'Logout','Logout User : NGURAH KETUT HARIADI, IP : 192.168.8.101'),(356,'2016-07-18 15:09:20',1,'Login','Login User : NGURAH KETUT HARIADI, IP : 127.0.0.1'),(357,'2016-07-18 15:09:27',1,'Logout','Logout User : NGURAH KETUT HARIADI, IP : 127.0.0.1'),(358,'2016-07-18 15:14:42',1,'Login','Login User : NGURAH KETUT HARIADI, IP : 192.168.8.101'),(359,'2016-07-18 15:14:52',1,'Logout','Logout User : NGURAH KETUT HARIADI, IP : 192.168.8.101'),(360,'2016-07-18 15:15:48',1,'Login','Login User : NGURAH KETUT HARIADI, IP : 192.168.8.101'),(361,'2016-07-18 15:15:52',1,'Logout','Logout User : NGURAH KETUT HARIADI, IP : 192.168.8.101'),(362,'2016-07-18 15:21:15',1,'Login','Login User : NGURAH KETUT HARIADI, IP : 192.168.8.101'),(363,'2016-07-18 15:21:30',1,'Logout','Logout User : NGURAH KETUT HARIADI, IP : 192.168.8.101'),(364,'2016-07-18 17:52:14',1,'Login','Login User : NGURAH KETUT HARIADI, IP : 192.168.8.101'),(365,'2016-07-18 17:52:34',1,'Logout','Logout User : NGURAH KETUT HARIADI, IP : 192.168.8.101'),(366,'2016-07-18 17:56:07',1,'Login','Login User : NGURAH KETUT HARIADI, IP : 192.168.8.101'),(367,'2016-07-18 17:56:32',1,'Logout','Logout User : NGURAH KETUT HARIADI, IP : 192.168.8.101'),(368,'2016-07-18 17:59:31',1,'Login','Login User : NGURAH KETUT HARIADI, IP : 192.168.8.101'),(369,'2016-07-18 21:40:31',1,'Logout','Logout User : NGURAH KETUT HARIADI, IP : 192.168.8.101'),(370,'2016-07-20 09:43:14',1,'Login','Login User : NGURAH KETUT HARIADI, IP : 192.168.8.101'),(371,'2016-07-20 09:51:31',1,'Login','Login User : NGURAH KETUT HARIADI, IP : 192.168.8.101'),(372,'2016-07-20 09:51:55',1,'Logout','Logout User : NGURAH KETUT HARIADI, IP : 192.168.8.101'),(373,'2016-07-20 09:52:55',1,'Login','Login User : NGURAH KETUT HARIADI, IP : 192.168.8.101'),(374,'2016-07-20 09:53:11',1,'Logout','Logout User : NGURAH KETUT HARIADI, IP : 192.168.8.101'),(375,'2016-07-20 09:57:58',1,'Login','Login User : NGURAH KETUT HARIADI, IP : 192.168.8.101'),(376,'2016-07-20 09:59:09',1,'Login','Login User : NGURAH KETUT HARIADI, IP : 192.168.8.101'),(377,'2016-07-20 10:04:54',1,'Logout','Logout User : NGURAH KETUT HARIADI, IP : 192.168.8.101'),(378,'2016-07-20 10:07:26',1,'Login','Login User : NGURAH KETUT HARIADI, IP : 192.168.8.101'),(379,'2016-07-20 10:07:41',1,'Logout','Logout User : NGURAH KETUT HARIADI, IP : 192.168.8.101'),(380,'2016-07-20 10:10:44',1,'Login','Login User : NGURAH KETUT HARIADI, IP : 192.168.8.101'),(381,'2016-07-20 10:10:59',1,'Logout','Logout User : NGURAH KETUT HARIADI, IP : 192.168.8.101'),(382,'2016-07-20 10:12:11',1,'Login','Login User : NGURAH KETUT HARIADI, IP : 192.168.8.101'),(383,'2016-07-20 10:12:26',1,'Logout','Logout User : NGURAH KETUT HARIADI, IP : 192.168.8.101'),(384,'2016-07-20 10:13:00',1,'Login','Login User : NGURAH KETUT HARIADI, IP : 192.168.8.101'),(385,'2016-07-20 10:13:16',1,'Logout','Logout User : NGURAH KETUT HARIADI, IP : 192.168.8.101'),(386,'2016-07-20 10:26:16',1,'Login','Login User : NGURAH KETUT HARIADI, IP : 192.168.8.101'),(387,'2016-07-20 10:26:35',1,'Logout','Logout User : NGURAH KETUT HARIADI, IP : 192.168.8.101'),(388,'2016-07-20 10:27:21',1,'Login','Login User : NGURAH KETUT HARIADI, IP : 192.168.8.101'),(389,'2016-07-20 10:28:16',1,'Logout','Logout User : NGURAH KETUT HARIADI, IP : 192.168.8.101'),(390,'2016-07-20 10:29:06',1,'Login','Login User : NGURAH KETUT HARIADI, IP : 192.168.8.101'),(391,'2016-07-20 10:29:17',1,'Logout','Logout User : NGURAH KETUT HARIADI, IP : 192.168.8.101'),(392,'2016-07-20 10:31:26',1,'Login','Login User : NGURAH KETUT HARIADI, IP : 192.168.8.101'),(393,'2016-07-20 10:31:37',1,'Logout','Logout User : NGURAH KETUT HARIADI, IP : 192.168.8.101'),(394,'2016-07-20 10:34:14',1,'Login','Login User : NGURAH KETUT HARIADI, IP : 192.168.8.101'),(395,'2016-07-20 10:35:19',1,'Logout','Logout User : NGURAH KETUT HARIADI, IP : 192.168.8.101'),(396,'2016-07-20 10:36:05',1,'Login','Login User : NGURAH KETUT HARIADI, IP : 192.168.8.101'),(397,'2016-07-20 10:46:26',1,'Logout','Logout User : NGURAH KETUT HARIADI, IP : 192.168.8.101'),(398,'2016-07-20 10:57:48',1,'Login','Login User : NGURAH KETUT HARIADI, IP : 192.168.8.101'),(399,'2016-07-20 10:58:16',1,'Logout','Logout User : NGURAH KETUT HARIADI, IP : 192.168.8.101'),(400,'2016-07-20 11:00:53',1,'Login','Login User : NGURAH KETUT HARIADI, IP : 192.168.8.101'),(401,'2016-07-20 11:01:14',1,'Logout','Logout User : NGURAH KETUT HARIADI, IP : 192.168.8.101'),(402,'2016-07-20 11:03:00',1,'Login','Login User : NGURAH KETUT HARIADI, IP : 192.168.8.101'),(403,'2016-07-20 11:03:51',1,'Logout','Logout User : NGURAH KETUT HARIADI, IP : 192.168.8.101'),(404,'2016-07-20 11:04:44',1,'Login','Login User : NGURAH KETUT HARIADI, IP : 192.168.8.101'),(405,'2016-07-20 11:05:12',1,'Logout','Logout User : NGURAH KETUT HARIADI, IP : 192.168.8.101'),(406,'2016-07-20 11:07:50',1,'Login','Login User : NGURAH KETUT HARIADI, IP : 192.168.8.101'),(407,'2016-07-20 11:08:28',1,'Logout','Logout User : NGURAH KETUT HARIADI, IP : 192.168.8.101'),(408,'2016-07-20 11:09:12',1,'Login','Login User : NGURAH KETUT HARIADI, IP : 192.168.8.101'),(409,'2016-07-20 11:09:55',1,'Logout','Logout User : NGURAH KETUT HARIADI, IP : 192.168.8.101'),(410,'2016-07-20 11:11:00',1,'Login','Login User : NGURAH KETUT HARIADI, IP : 192.168.8.101'),(411,'2016-07-20 11:12:07',1,'Logout','Logout User : NGURAH KETUT HARIADI, IP : 192.168.8.101'),(412,'2016-07-20 11:16:16',1,'Login','Login User : NGURAH KETUT HARIADI, IP : 192.168.8.101'),(413,'2016-07-20 11:17:50',1,'Logout','Logout User : NGURAH KETUT HARIADI, IP : 192.168.8.101'),(414,'2016-07-20 11:19:38',1,'Login','Login User : NGURAH KETUT HARIADI, IP : 192.168.8.101'),(415,'2016-07-20 11:20:12',1,'Logout','Logout User : NGURAH KETUT HARIADI, IP : 192.168.8.101'),(416,'2016-07-20 11:43:16',1,'Login','Login User : NGURAH KETUT HARIADI, IP : 192.168.8.101'),(417,'2016-07-20 11:43:51',1,'Logout','Logout User : NGURAH KETUT HARIADI, IP : 192.168.8.101'),(418,'2016-07-20 12:12:39',1,'Login','Login User : NGURAH KETUT HARIADI, IP : 192.168.8.101'),(419,'2016-07-20 12:13:07',1,'Logout','Logout User : NGURAH KETUT HARIADI, IP : 192.168.8.101'),(420,'2016-07-20 13:26:28',1,'Login','Login User : NGURAH KETUT HARIADI, IP : 192.168.8.101'),(421,'2016-07-20 13:26:46',1,'Logout','Logout User : NGURAH KETUT HARIADI, IP : 192.168.8.101'),(422,'2016-07-20 13:27:27',1,'Login','Login User : NGURAH KETUT HARIADI, IP : 192.168.8.101'),(423,'2016-07-20 13:28:23',1,'Logout','Logout User : NGURAH KETUT HARIADI, IP : 192.168.8.101'),(424,'2016-07-20 13:29:33',1,'Login','Login User : NGURAH KETUT HARIADI, IP : 192.168.8.101'),(425,'2016-07-20 13:29:57',1,'Logout','Logout User : NGURAH KETUT HARIADI, IP : 192.168.8.101'),(426,'2016-07-20 13:44:48',1,'Login','Login User : NGURAH KETUT HARIADI, IP : 192.168.8.101'),(427,'2016-07-20 13:45:23',1,'Logout','Logout User : NGURAH KETUT HARIADI, IP : 192.168.8.101'),(428,'2016-07-20 13:46:00',1,'Login','Login User : NGURAH KETUT HARIADI, IP : 192.168.8.101'),(429,'2016-07-20 13:46:03',1,'Logout','Logout User : NGURAH KETUT HARIADI, IP : 192.168.8.101'),(430,'2016-07-20 13:58:00',1,'Login','Login User : NGURAH KETUT HARIADI, IP : 192.168.8.101'),(431,'2016-07-20 13:58:28',1,'Logout','Logout User : NGURAH KETUT HARIADI, IP : 192.168.8.101'),(432,'2016-07-20 13:58:43',1,'Login','Login User : NGURAH KETUT HARIADI, IP : 192.168.8.101'),(433,'2016-07-20 13:58:57',1,'Logout','Logout User : NGURAH KETUT HARIADI, IP : 192.168.8.101'),(434,'2016-07-20 13:59:19',1,'Login','Login User : NGURAH KETUT HARIADI, IP : 192.168.8.101'),(435,'2016-07-20 13:59:44',1,'Logout','Logout User : NGURAH KETUT HARIADI, IP : 192.168.8.101'),(436,'2016-07-20 14:00:18',1,'Login','Login User : NGURAH KETUT HARIADI, IP : 192.168.8.101'),(437,'2016-07-20 14:01:20',1,'Logout','Logout User : NGURAH KETUT HARIADI, IP : 192.168.8.101'),(438,'2016-07-20 16:06:26',1,'Login','Login User : NGURAH KETUT HARIADI, IP : 192.168.8.101'),(439,'2016-07-20 16:06:53',1,'Logout','Logout User : NGURAH KETUT HARIADI, IP : 192.168.8.101'),(440,'2016-07-20 16:57:41',1,'Login','Login User : NGURAH KETUT HARIADI, IP : 192.168.8.101'),(441,'2016-07-20 16:59:42',1,'Login','Login User : NGURAH KETUT HARIADI, IP : 192.168.8.101'),(442,'2016-07-20 16:59:59',1,'Logout','Logout User : NGURAH KETUT HARIADI, IP : 192.168.8.101'),(443,'2016-07-20 17:00:47',1,'Login','Login User : NGURAH KETUT HARIADI, IP : 192.168.8.101'),(444,'2016-07-20 17:01:57',1,'Logout','Logout User : NGURAH KETUT HARIADI, IP : 192.168.8.101'),(445,'2016-07-20 17:04:07',1,'Login','Login User : NGURAH KETUT HARIADI, IP : 192.168.8.101'),(446,'2016-07-20 17:04:35',1,'Logout','Logout User : NGURAH KETUT HARIADI, IP : 192.168.8.101'),(447,'2016-07-20 17:05:19',1,'Login','Login User : NGURAH KETUT HARIADI, IP : 192.168.8.101'),(448,'2016-07-20 17:06:01',1,'Logout','Logout User : NGURAH KETUT HARIADI, IP : 192.168.8.101'),(449,'2016-07-20 17:10:29',1,'Login','Login User : NGURAH KETUT HARIADI, IP : 192.168.8.101'),(450,'2016-07-20 17:11:16',1,'Logout','Logout User : NGURAH KETUT HARIADI, IP : 192.168.8.101'),(451,'2016-07-20 17:11:39',1,'Login','Login User : NGURAH KETUT HARIADI, IP : 192.168.8.101'),(452,'2016-07-20 17:39:24',1,'Logout','Logout User : NGURAH KETUT HARIADI, IP : 192.168.8.101'),(453,'2016-07-20 17:41:25',1,'Login','Login User : NGURAH KETUT HARIADI, IP : 192.168.8.101'),(454,'2016-07-20 17:42:34',1,'Logout','Logout User : NGURAH KETUT HARIADI, IP : 192.168.8.101'),(455,'2016-07-20 17:44:09',1,'Login','Login User : NGURAH KETUT HARIADI, IP : 192.168.8.101'),(456,'2016-07-20 17:44:47',1,'Logout','Logout User : NGURAH KETUT HARIADI, IP : 192.168.8.101'),(457,'2016-07-20 20:01:51',1,'Login','Login User : NGURAH KETUT HARIADI, IP : 192.168.8.101'),(458,'2016-07-20 20:02:24',1,'Logout','Logout User : NGURAH KETUT HARIADI, IP : 192.168.8.101'),(459,'2016-07-20 20:02:56',1,'Login','Login User : NGURAH KETUT HARIADI, IP : 192.168.8.101'),(460,'2016-07-20 20:03:31',1,'Logout','Logout User : NGURAH KETUT HARIADI, IP : 192.168.8.101'),(461,'2016-07-20 20:04:06',1,'Login','Login User : NGURAH KETUT HARIADI, IP : 192.168.8.101'),(462,'2016-07-20 20:04:54',1,'Logout','Logout User : NGURAH KETUT HARIADI, IP : 192.168.8.101'),(463,'2016-07-20 20:05:36',1,'Login','Login User : NGURAH KETUT HARIADI, IP : 192.168.8.101'),(464,'2016-07-20 20:06:32',1,'Logout','Logout User : NGURAH KETUT HARIADI, IP : 192.168.8.101'),(465,'2016-07-21 09:31:24',1,'Login','Login User : NGURAH KETUT HARIADI, IP : 192.168.8.100'),(466,'2016-07-21 09:31:45',1,'Logout','Logout User : NGURAH KETUT HARIADI, IP : 192.168.8.100'),(467,'2016-07-21 09:32:22',1,'Login','Login User : NGURAH KETUT HARIADI, IP : 192.168.8.100'),(468,'2016-07-21 09:35:39',1,'Logout','Logout User : NGURAH KETUT HARIADI, IP : 192.168.8.100'),(469,'2016-07-21 09:36:25',1,'Login','Login User : NGURAH KETUT HARIADI, IP : 192.168.8.100'),(470,'2016-07-21 11:21:02',1,'Logout','Logout User : NGURAH KETUT HARIADI, IP : 192.168.8.100'),(471,'2016-07-21 11:31:52',1,'Login','Login User : NGURAH KETUT HARIADI, IP : 192.168.8.100'),(472,'2016-07-21 11:32:29',1,'Logout','Logout User : NGURAH KETUT HARIADI, IP : 192.168.8.100'),(473,'2016-07-21 11:33:31',1,'Login','Login User : NGURAH KETUT HARIADI, IP : 192.168.8.100'),(474,'2016-07-21 11:34:02',1,'Logout','Logout User : NGURAH KETUT HARIADI, IP : 192.168.8.100'),(475,'2016-07-21 11:34:33',1,'Login','Login User : NGURAH KETUT HARIADI, IP : 192.168.8.100'),(476,'2016-07-21 11:35:08',1,'Logout','Logout User : NGURAH KETUT HARIADI, IP : 192.168.8.100'),(477,'2016-07-21 14:00:17',1,'Login','Login User : NGURAH KETUT HARIADI, IP : 192.168.8.100'),(478,'2016-07-21 14:01:18',1,'Logout','Logout User : NGURAH KETUT HARIADI, IP : 192.168.8.100'),(479,'2016-07-21 14:13:02',1,'Login','Login User : NGURAH KETUT HARIADI, IP : 192.168.8.100'),(480,'2016-07-21 14:13:19',1,'Logout','Logout User : NGURAH KETUT HARIADI, IP : 192.168.8.100'),(481,'2016-07-21 14:14:27',1,'Login','Login User : NGURAH KETUT HARIADI, IP : 192.168.8.100'),(482,'2016-07-21 14:15:18',1,'Logout','Logout User : NGURAH KETUT HARIADI, IP : 192.168.8.100'),(483,'2016-07-21 14:16:51',1,'Login','Login User : NGURAH KETUT HARIADI, IP : 192.168.8.100'),(484,'2016-07-21 14:17:54',1,'Login','Login User : NGURAH KETUT HARIADI, IP : 192.168.8.100'),(485,'2016-07-21 14:18:43',1,'Login','Login User : NGURAH KETUT HARIADI, IP : 192.168.8.100'),(486,'2016-07-21 14:19:15',1,'Logout','Logout User : NGURAH KETUT HARIADI, IP : 192.168.8.100'),(487,'2016-07-21 14:20:21',1,'Login','Login User : NGURAH KETUT HARIADI, IP : 192.168.8.100'),(488,'2016-07-21 14:20:43',1,'Logout','Logout User : NGURAH KETUT HARIADI, IP : 192.168.8.100'),(489,'2016-07-21 14:21:48',1,'Login','Login User : NGURAH KETUT HARIADI, IP : 192.168.8.100'),(490,'2016-07-21 14:22:05',1,'Logout','Logout User : NGURAH KETUT HARIADI, IP : 192.168.8.100'),(491,'2016-07-21 14:23:48',1,'Login','Login User : NGURAH KETUT HARIADI, IP : 192.168.8.100'),(492,'2016-07-21 14:31:58',1,'Logout','Logout User : NGURAH KETUT HARIADI, IP : 192.168.8.100'),(493,'2016-07-21 14:32:42',1,'Login','Login User : NGURAH KETUT HARIADI, IP : 192.168.8.100'),(494,'2016-07-21 14:33:06',1,'Logout','Logout User : NGURAH KETUT HARIADI, IP : 192.168.8.100'),(495,'2016-07-21 14:33:31',1,'Login','Login User : NGURAH KETUT HARIADI, IP : 192.168.8.100'),(496,'2016-07-21 14:33:34',1,'Logout','Logout User : NGURAH KETUT HARIADI, IP : 192.168.8.100'),(497,'2016-07-21 14:34:24',1,'Login','Login User : NGURAH KETUT HARIADI, IP : 192.168.8.100'),(498,'2016-07-21 14:39:05',1,'Logout','Logout User : NGURAH KETUT HARIADI, IP : 192.168.8.100'),(499,'2016-07-21 14:40:27',1,'Login','Login User : NGURAH KETUT HARIADI, IP : 192.168.8.100'),(500,'2016-07-21 14:41:51',1,'Logout','Logout User : NGURAH KETUT HARIADI, IP : 192.168.8.100'),(501,'2016-07-21 14:42:52',1,'Login','Login User : NGURAH KETUT HARIADI, IP : 192.168.8.100'),(502,'2016-07-21 14:45:13',1,'Login','Login User : NGURAH KETUT HARIADI, IP : 192.168.8.100'),(503,'2016-07-21 14:47:32',1,'Logout','Logout User : NGURAH KETUT HARIADI, IP : 192.168.8.100'),(504,'2016-07-21 14:50:21',1,'Login','Login User : NGURAH KETUT HARIADI, IP : 192.168.8.100'),(505,'2016-07-21 15:23:53',1,'Login','Login User : NGURAH KETUT HARIADI, IP : 192.168.8.100'),(506,'2016-07-21 15:27:41',1,'Logout','Logout User : NGURAH KETUT HARIADI, IP : 192.168.8.100'),(507,'2016-07-21 15:32:14',1,'Login','Login User : NGURAH KETUT HARIADI, IP : 192.168.8.100'),(508,'2016-07-21 15:33:38',1,'Logout','Logout User : NGURAH KETUT HARIADI, IP : 192.168.8.100'),(509,'2016-07-21 15:52:14',1,'Login','Login User : NGURAH KETUT HARIADI, IP : 192.168.8.100'),(510,'2016-07-21 15:54:43',1,'Logout','Logout User : NGURAH KETUT HARIADI, IP : 192.168.8.100'),(511,'2016-07-21 15:59:03',1,'Login','Login User : NGURAH KETUT HARIADI, IP : 192.168.8.100'),(512,'2016-07-21 16:05:00',1,'Login','Login User : NGURAH KETUT HARIADI, IP : 192.168.8.100'),(513,'2016-07-21 16:09:06',1,'Login','Login User : NGURAH KETUT HARIADI, IP : 192.168.8.100'),(514,'2016-07-21 16:11:42',1,'Login','Login User : NGURAH KETUT HARIADI, IP : 192.168.8.100'),(515,'2016-07-21 16:12:02',1,'Logout','Logout User : NGURAH KETUT HARIADI, IP : 192.168.8.100'),(516,'2016-07-21 16:15:42',1,'Login','Login User : NGURAH KETUT HARIADI, IP : 192.168.8.100'),(517,'2016-07-21 16:18:36',1,'Logout','Logout User : NGURAH KETUT HARIADI, IP : 192.168.8.100'),(518,'2016-07-21 16:19:56',1,'Login','Login User : NGURAH KETUT HARIADI, IP : 192.168.8.100'),(519,'2016-07-21 16:26:13',1,'Login','Login User : NGURAH KETUT HARIADI, IP : 192.168.8.100'),(520,'2016-07-21 17:00:13',1,'Login','Login User : NGURAH KETUT HARIADI, IP : 192.168.8.100'),(521,'2016-07-21 17:01:32',1,'Login','Login User : NGURAH KETUT HARIADI, IP : 192.168.8.100'),(522,'2016-07-21 17:01:56',1,'Logout','Logout User : NGURAH KETUT HARIADI, IP : 192.168.8.100'),(523,'2016-07-21 17:03:14',1,'Login','Login User : NGURAH KETUT HARIADI, IP : 192.168.8.100'),(524,'2016-07-21 17:04:28',1,'Logout','Logout User : NGURAH KETUT HARIADI, IP : 192.168.8.100'),(525,'2016-07-21 17:06:09',1,'Login','Login User : NGURAH KETUT HARIADI, IP : 192.168.8.100'),(526,'2016-07-21 17:10:31',1,'Login','Login User : NGURAH KETUT HARIADI, IP : 192.168.8.100'),(527,'2016-07-21 17:11:37',1,'Logout','Logout User : NGURAH KETUT HARIADI, IP : 192.168.8.100'),(528,'2016-07-21 17:18:21',1,'Login','Login User : NGURAH KETUT HARIADI, IP : 192.168.8.100'),(529,'2016-07-21 17:18:39',1,'Logout','Logout User : NGURAH KETUT HARIADI, IP : 192.168.8.100'),(530,'2016-07-21 19:33:33',1,'Login','Login User : NGURAH KETUT HARIADI, IP : 127.0.0.1'),(531,'2016-07-21 19:34:08',1,'Logout','Logout User : NGURAH KETUT HARIADI, IP : 127.0.0.1'),(532,'2016-07-23 09:34:33',1,'Login','Login User : NGURAH KETUT HARIADI, IP : 192.168.8.101'),(533,'2016-07-23 09:35:23',1,'Logout','Logout User : NGURAH KETUT HARIADI, IP : 192.168.8.101'),(534,'2016-07-23 09:35:49',1,'Login','Login User : NGURAH KETUT HARIADI, IP : 192.168.8.101'),(535,'2016-07-23 09:35:58',1,'Logout','Logout User : NGURAH KETUT HARIADI, IP : 192.168.8.101'),(536,'2016-07-23 09:37:24',1,'Login','Login User : NGURAH KETUT HARIADI, IP : 192.168.8.101'),(537,'2016-07-23 09:37:37',1,'Logout','Logout User : NGURAH KETUT HARIADI, IP : 192.168.8.101'),(538,'2016-07-23 09:39:14',1,'Login','Login User : NGURAH KETUT HARIADI, IP : 192.168.8.101'),(539,'2016-07-23 09:39:38',1,'Logout','Logout User : NGURAH KETUT HARIADI, IP : 192.168.8.101'),(540,'2016-07-23 09:41:35',1,'Login','Login User : NGURAH KETUT HARIADI, IP : 192.168.8.101'),(541,'2016-07-23 09:41:52',1,'Logout','Logout User : NGURAH KETUT HARIADI, IP : 192.168.8.101'),(542,'2016-07-23 09:43:01',1,'Login','Login User : NGURAH KETUT HARIADI, IP : 192.168.8.101'),(543,'2016-07-23 09:43:17',1,'Logout','Logout User : NGURAH KETUT HARIADI, IP : 192.168.8.101'),(544,'2016-07-23 09:51:47',1,'Login','Login User : NGURAH KETUT HARIADI, IP : 192.168.8.101'),(545,'2016-07-23 09:52:21',1,'Logout','Logout User : NGURAH KETUT HARIADI, IP : 192.168.8.101'),(546,'2016-07-23 09:52:48',1,'Login','Login User : NGURAH KETUT HARIADI, IP : 192.168.8.101'),(547,'2016-07-23 09:53:02',1,'Logout','Logout User : NGURAH KETUT HARIADI, IP : 192.168.8.101'),(548,'2016-07-23 09:58:41',1,'Login','Login User : NGURAH KETUT HARIADI, IP : 192.168.8.101'),(549,'2016-07-23 09:59:07',1,'Logout','Logout User : NGURAH KETUT HARIADI, IP : 192.168.8.101'),(550,'2016-07-23 09:59:29',1,'Login','Login User : NGURAH KETUT HARIADI, IP : 192.168.8.101'),(551,'2016-07-23 10:00:41',1,'Login','Login User : NGURAH KETUT HARIADI, IP : 192.168.8.101'),(552,'2016-07-23 10:00:53',1,'Logout','Logout User : NGURAH KETUT HARIADI, IP : 192.168.8.101'),(553,'2016-07-23 10:01:11',1,'Login','Login User : NGURAH KETUT HARIADI, IP : 192.168.8.101'),(554,'2016-07-23 10:01:32',1,'Logout','Logout User : NGURAH KETUT HARIADI, IP : 192.168.8.101'),(555,'2016-07-23 10:01:57',1,'Login','Login User : NGURAH KETUT HARIADI, IP : 192.168.8.101'),(556,'2016-07-23 10:02:04',1,'Logout','Logout User : NGURAH KETUT HARIADI, IP : 192.168.8.101'),(557,'2016-07-23 10:02:31',1,'Login','Login User : NGURAH KETUT HARIADI, IP : 192.168.8.101'),(558,'2016-07-23 10:02:39',1,'Logout','Logout User : NGURAH KETUT HARIADI, IP : 192.168.8.101'),(559,'2016-07-23 10:02:56',1,'Login','Login User : NGURAH KETUT HARIADI, IP : 192.168.8.101'),(560,'2016-07-23 10:03:16',1,'Logout','Logout User : NGURAH KETUT HARIADI, IP : 192.168.8.101'),(561,'2016-07-23 10:04:19',1,'Login','Login User : NGURAH KETUT HARIADI, IP : 192.168.8.101'),(562,'2016-07-23 10:04:30',1,'Logout','Logout User : NGURAH KETUT HARIADI, IP : 192.168.8.101'),(563,'2016-07-23 10:05:51',1,'Login','Login User : NGURAH KETUT HARIADI, IP : 192.168.8.101'),(564,'2016-07-23 10:06:07',1,'Logout','Logout User : NGURAH KETUT HARIADI, IP : 192.168.8.101'),(565,'2016-07-23 10:08:12',1,'Login','Login User : NGURAH KETUT HARIADI, IP : 192.168.8.101'),(566,'2016-07-23 10:08:26',1,'Logout','Logout User : NGURAH KETUT HARIADI, IP : 192.168.8.101'),(567,'2016-07-23 10:12:11',1,'Login','Login User : NGURAH KETUT HARIADI, IP : 192.168.8.101'),(568,'2016-07-23 10:13:16',1,'Logout','Logout User : NGURAH KETUT HARIADI, IP : 192.168.8.101'),(569,'2016-07-23 10:13:51',1,'Login','Login User : NGURAH KETUT HARIADI, IP : 192.168.8.101'),(570,'2016-07-23 10:14:46',1,'Logout','Logout User : NGURAH KETUT HARIADI, IP : 192.168.8.101'),(571,'2016-07-23 10:21:47',1,'Login','Login User : NGURAH KETUT HARIADI, IP : 192.168.8.101'),(572,'2016-07-23 10:22:16',1,'Logout','Logout User : NGURAH KETUT HARIADI, IP : 192.168.8.101'),(573,'2016-07-23 10:23:11',1,'Login','Login User : NGURAH KETUT HARIADI, IP : 192.168.8.101'),(574,'2016-07-23 10:23:25',1,'Logout','Logout User : NGURAH KETUT HARIADI, IP : 192.168.8.101'),(575,'2016-07-23 10:24:24',1,'Login','Login User : NGURAH KETUT HARIADI, IP : 192.168.8.101'),(576,'2016-07-23 10:29:06',1,'Logout','Logout User : NGURAH KETUT HARIADI, IP : 192.168.8.101'),(577,'2016-07-23 11:00:26',1,'Login','Login User : NGURAH KETUT HARIADI, IP : 192.168.8.101'),(578,'2016-07-23 11:00:49',1,'Logout','Logout User : NGURAH KETUT HARIADI, IP : 192.168.8.101'),(579,'2016-07-23 11:02:13',1,'Login','Login User : NGURAH KETUT HARIADI, IP : 192.168.8.101'),(580,'2016-07-23 11:02:53',1,'Logout','Logout User : NGURAH KETUT HARIADI, IP : 192.168.8.101'),(581,'2016-07-23 11:05:39',1,'Login','Login User : NGURAH KETUT HARIADI, IP : 192.168.8.101'),(582,'2016-07-23 11:12:13',1,'Login','Login User : NGURAH KETUT HARIADI, IP : 192.168.8.101'),(583,'2016-07-23 11:14:23',1,'Logout','Logout User : NGURAH KETUT HARIADI, IP : 192.168.8.101'),(584,'2016-07-23 11:16:07',1,'Login','Login User : NGURAH KETUT HARIADI, IP : 192.168.8.101'),(585,'2016-07-23 11:17:26',1,'Logout','Logout User : NGURAH KETUT HARIADI, IP : 192.168.8.101'),(586,'2016-07-23 11:20:28',1,'Login','Login User : NGURAH KETUT HARIADI, IP : 192.168.8.101'),(587,'2016-07-23 11:20:56',1,'Logout','Logout User : NGURAH KETUT HARIADI, IP : 192.168.8.101'),(588,'2016-07-23 12:06:16',1,'Login','Login User : NGURAH KETUT HARIADI, IP : 192.168.8.101'),(589,'2016-07-23 12:07:05',1,'Logout','Logout User : NGURAH KETUT HARIADI, IP : 192.168.8.101'),(590,'2016-07-24 11:01:53',1,'Login','Login User : NGURAH KETUT HARIADI, IP : 127.0.0.1'),(591,'2016-07-24 11:02:03',1,'Logout','Logout User : NGURAH KETUT HARIADI, IP : 127.0.0.1'),(592,'2016-07-24 11:03:31',1,'Login','Login User : NGURAH KETUT HARIADI, IP : 127.0.0.1'),(593,'2016-07-24 11:11:47',1,'Logout','Logout User : NGURAH KETUT HARIADI, IP : 127.0.0.1'),(594,'2016-07-24 11:21:33',1,'Login','Login User : NGURAH KETUT HARIADI, IP : 127.0.0.1'),(595,'2016-07-24 11:59:31',1,'Login','Login User : NGURAH KETUT HARIADI, IP : 192.168.8.101'),(596,'2016-07-24 12:31:01',1,'Logout','Logout User : NGURAH KETUT HARIADI, IP : 192.168.8.101'),(597,'2016-07-24 16:18:31',1,'Login','Login User : NGURAH KETUT HARIADI, IP : 192.168.8.101'),(598,'2016-07-24 16:18:47',1,'Logout','Logout User : NGURAH KETUT HARIADI, IP : 192.168.8.101'),(599,'2016-07-24 16:22:44',1,'Login','Login User : NGURAH KETUT HARIADI, IP : 192.168.8.101'),(600,'2016-07-24 16:23:07',1,'Logout','Logout User : NGURAH KETUT HARIADI, IP : 192.168.8.101'),(601,'2016-07-24 16:25:42',1,'Login','Login User : NGURAH KETUT HARIADI, IP : 192.168.8.101'),(602,'2016-07-24 16:26:16',1,'Logout','Logout User : NGURAH KETUT HARIADI, IP : 192.168.8.101'),(603,'2016-07-24 16:28:39',1,'Login','Login User : NGURAH KETUT HARIADI, IP : 192.168.8.101'),(604,'2016-07-24 16:29:18',1,'Logout','Logout User : NGURAH KETUT HARIADI, IP : 192.168.8.101'),(605,'2016-07-24 16:30:47',1,'Login','Login User : NGURAH KETUT HARIADI, IP : 192.168.8.101'),(606,'2016-07-24 16:31:20',1,'Logout','Logout User : NGURAH KETUT HARIADI, IP : 192.168.8.101'),(607,'2016-07-24 16:31:56',1,'Login','Login User : NGURAH KETUT HARIADI, IP : 192.168.8.101'),(608,'2016-07-24 16:32:15',1,'Logout','Logout User : NGURAH KETUT HARIADI, IP : 192.168.8.101'),(609,'2016-07-24 16:32:57',1,'Login','Login User : NGURAH KETUT HARIADI, IP : 192.168.8.101'),(610,'2016-07-24 16:33:12',1,'Logout','Logout User : NGURAH KETUT HARIADI, IP : 192.168.8.101'),(611,'2016-07-24 16:33:25',1,'Login','Login User : NGURAH KETUT HARIADI, IP : 192.168.8.101'),(612,'2016-07-24 16:42:36',1,'Logout','Logout User : NGURAH KETUT HARIADI, IP : 192.168.8.101'),(613,'2016-07-24 16:47:58',1,'Login','Login User : NGURAH KETUT HARIADI, IP : 192.168.8.101'),(614,'2016-07-24 16:49:44',1,'Logout','Logout User : NGURAH KETUT HARIADI, IP : 192.168.8.101'),(615,'2016-07-24 16:50:45',1,'Login','Login User : NGURAH KETUT HARIADI, IP : 192.168.8.101'),(616,'2016-07-24 16:55:27',1,'Logout','Logout User : NGURAH KETUT HARIADI, IP : 192.168.8.101'),(617,'2016-07-24 17:38:07',1,'Login','Login User : NGURAH KETUT HARIADI, IP : 192.168.8.101'),(618,'2016-07-24 17:38:36',1,'Logout','Logout User : NGURAH KETUT HARIADI, IP : 192.168.8.101'),(619,'2016-07-24 18:08:18',1,'Login','Login User : NGURAH KETUT HARIADI, IP : 192.168.8.101'),(620,'2016-07-24 18:21:43',1,'Login','Login User : NGURAH KETUT HARIADI, IP : 192.168.8.101'),(621,'2016-07-24 18:22:08',1,'Logout','Logout User : NGURAH KETUT HARIADI, IP : 192.168.8.101'),(622,'2016-07-24 18:22:24',1,'Login','Login User : NGURAH KETUT HARIADI, IP : 192.168.8.101'),(623,'2016-07-24 18:23:53',1,'Logout','Logout User : NGURAH KETUT HARIADI, IP : 192.168.8.101'),(624,'2016-07-25 09:44:20',1,'Login','Login User : NGURAH KETUT HARIADI, IP : 192.168.8.101'),(625,'2016-07-25 09:59:02',1,'Logout','Logout User : NGURAH KETUT HARIADI, IP : 192.168.8.101'),(626,'2016-07-25 10:40:13',1,'Login','Login User : NGURAH KETUT HARIADI, IP : 192.168.8.101'),(627,'2016-07-25 10:40:48',1,'Logout','Logout User : NGURAH KETUT HARIADI, IP : 192.168.8.101'),(628,'2016-07-25 10:42:01',1,'Login','Login User : NGURAH KETUT HARIADI, IP : 192.168.8.101'),(629,'2016-07-25 10:42:34',1,'Logout','Logout User : NGURAH KETUT HARIADI, IP : 192.168.8.101'),(630,'2016-07-25 10:50:43',1,'Login','Login User : NGURAH KETUT HARIADI, IP : 192.168.8.101'),(631,'2016-07-25 10:50:59',1,'Logout','Logout User : NGURAH KETUT HARIADI, IP : 192.168.8.101'),(632,'2016-07-25 10:51:57',1,'Login','Login User : NGURAH KETUT HARIADI, IP : 192.168.8.101'),(633,'2016-07-25 10:52:14',1,'Logout','Logout User : NGURAH KETUT HARIADI, IP : 192.168.8.101'),(634,'2016-07-25 10:54:26',1,'Login','Login User : NGURAH KETUT HARIADI, IP : 192.168.8.101'),(635,'2016-07-25 10:54:47',1,'Logout','Logout User : NGURAH KETUT HARIADI, IP : 192.168.8.101'),(636,'2016-07-25 10:55:17',1,'Login','Login User : NGURAH KETUT HARIADI, IP : 192.168.8.101'),(637,'2016-07-25 10:55:52',1,'Logout','Logout User : NGURAH KETUT HARIADI, IP : 192.168.8.101'),(638,'2016-07-25 10:57:46',1,'Login','Login User : NGURAH KETUT HARIADI, IP : 192.168.8.101'),(639,'2016-07-25 11:07:36',1,'Logout','Logout User : NGURAH KETUT HARIADI, IP : 192.168.8.101'),(640,'2016-07-25 11:10:09',1,'Login','Login User : NGURAH KETUT HARIADI, IP : 192.168.8.101'),(641,'2016-07-25 11:10:36',1,'Logout','Logout User : NGURAH KETUT HARIADI, IP : 192.168.8.101'),(642,'2016-07-25 11:27:28',1,'Login','Login User : NGURAH KETUT HARIADI, IP : 192.168.8.101'),(643,'2016-07-25 11:33:18',1,'Login','Login User : NGURAH KETUT HARIADI, IP : 192.168.8.101'),(644,'2016-07-25 11:34:11',1,'Logout','Logout User : NGURAH KETUT HARIADI, IP : 192.168.8.101'),(645,'2016-07-25 11:36:08',1,'Login','Login User : NGURAH KETUT HARIADI, IP : 192.168.8.101'),(646,'2016-07-25 11:37:02',1,'Logout','Logout User : NGURAH KETUT HARIADI, IP : 192.168.8.101'),(647,'2016-07-25 11:39:24',1,'Login','Login User : NGURAH KETUT HARIADI, IP : 192.168.8.101'),(648,'2016-07-25 11:42:06',1,'Login','Login User : NGURAH KETUT HARIADI, IP : 192.168.8.101'),(649,'2016-07-25 11:42:44',1,'Logout','Logout User : NGURAH KETUT HARIADI, IP : 192.168.8.101'),(650,'2016-07-25 11:45:04',1,'Login','Login User : NGURAH KETUT HARIADI, IP : 192.168.8.101'),(651,'2016-07-25 11:46:18',1,'Logout','Logout User : NGURAH KETUT HARIADI, IP : 192.168.8.101'),(652,'2016-07-25 11:47:14',1,'Login','Login User : NGURAH KETUT HARIADI, IP : 192.168.8.101'),(653,'2016-07-25 11:48:01',1,'Logout','Logout User : NGURAH KETUT HARIADI, IP : 192.168.8.101'),(654,'2016-07-25 11:48:08',1,'Login','Login User : NGURAH KETUT HARIADI, IP : 192.168.8.101'),(655,'2016-07-25 11:48:57',1,'Logout','Logout User : NGURAH KETUT HARIADI, IP : 192.168.8.101'),(656,'2016-07-25 12:04:05',1,'Login','Login User : NGURAH KETUT HARIADI, IP : 192.168.8.101'),(657,'2016-07-25 12:05:04',1,'Logout','Logout User : NGURAH KETUT HARIADI, IP : 192.168.8.101'),(658,'2016-07-25 12:07:10',1,'Login','Login User : NGURAH KETUT HARIADI, IP : 192.168.8.101'),(659,'2016-07-25 12:08:22',1,'Logout','Logout User : NGURAH KETUT HARIADI, IP : 192.168.8.101'),(660,'2016-07-25 12:10:17',1,'Login','Login User : NGURAH KETUT HARIADI, IP : 192.168.8.101'),(661,'2016-07-25 12:11:24',1,'Logout','Logout User : NGURAH KETUT HARIADI, IP : 192.168.8.101'),(662,'2016-07-25 12:14:30',1,'Login','Login User : NGURAH KETUT HARIADI, IP : 192.168.8.101'),(663,'2016-07-25 12:16:27',1,'Logout','Logout User : NGURAH KETUT HARIADI, IP : 192.168.8.101'),(664,'2016-07-25 14:25:46',1,'Login','Login User : NGURAH KETUT HARIADI, IP : 192.168.8.101'),(665,'2016-07-25 14:25:54',1,'Logout','Logout User : NGURAH KETUT HARIADI, IP : 192.168.8.101'),(666,'2016-07-25 14:27:32',1,'Login','Login User : NGURAH KETUT HARIADI, IP : 192.168.8.101'),(667,'2016-07-25 14:28:04',1,'Logout','Logout User : NGURAH KETUT HARIADI, IP : 192.168.8.101'),(668,'2016-07-25 14:36:07',1,'Login','Login User : NGURAH KETUT HARIADI, IP : 192.168.8.101'),(669,'2016-07-25 14:38:08',1,'Logout','Logout User : NGURAH KETUT HARIADI, IP : 192.168.8.101'),(670,'2016-07-25 15:17:25',3,'Login','Login User : JONI, IP : 192.168.8.101'),(671,'2016-07-25 15:17:58',3,'Logout','Logout User : JONI, IP : 192.168.8.101'),(672,'2016-07-25 17:13:13',1,'Login','Login User : NGURAH KETUT HARIADI, IP : 192.168.8.101'),(673,'2016-07-25 17:14:06',1,'Logout','Logout User : NGURAH KETUT HARIADI, IP : 192.168.8.101'),(674,'2016-07-25 17:16:01',1,'Login','Login User : NGURAH KETUT HARIADI, IP : 192.168.8.101'),(675,'2016-07-25 17:19:02',1,'Logout','Logout User : NGURAH KETUT HARIADI, IP : 192.168.8.101'),(676,'2016-07-25 17:20:02',1,'Login','Login User : NGURAH KETUT HARIADI, IP : 192.168.8.101'),(677,'2016-07-26 10:00:07',1,'Login','Login User : NGURAH KETUT HARIADI, IP : 192.168.8.100'),(678,'2016-07-26 10:03:24',1,'Login','Login User : NGURAH KETUT HARIADI, IP : 192.168.8.100'),(679,'2016-07-26 10:32:04',1,'Login','Login User : NGURAH KETUT HARIADI, IP : 192.168.8.100'),(680,'2016-07-26 10:41:43',1,'Login','Login User : NGURAH KETUT HARIADI, IP : 192.168.8.100'),(681,'2016-07-26 10:43:05',1,'Logout','Logout User : NGURAH KETUT HARIADI, IP : 192.168.8.100'),(682,'2016-07-26 10:43:41',1,'Login','Login User : NGURAH KETUT HARIADI, IP : 192.168.8.100'),(683,'2016-07-26 10:56:03',1,'Login','Login User : NGURAH KETUT HARIADI, IP : 192.168.8.100'),(684,'2016-07-26 10:57:45',1,'Logout','Logout User : NGURAH KETUT HARIADI, IP : 192.168.8.100'),(685,'2016-07-26 11:02:14',1,'Login','Login User : NGURAH KETUT HARIADI, IP : 192.168.8.100'),(686,'2016-07-26 11:04:15',1,'Login','Login User : NGURAH KETUT HARIADI, IP : 192.168.8.100'),(687,'2016-07-27 09:42:34',1,'Login','Login User : NGURAH KETUT HARIADI, IP : 192.168.8.103'),(688,'2016-07-27 09:43:47',1,'Logout','Logout User : NGURAH KETUT HARIADI, IP : 192.168.8.103'),(689,'2016-07-27 12:33:23',1,'Login','Login User : NGURAH KETUT HARIADI, IP : 192.168.8.103'),(690,'2016-07-27 12:33:38',1,'Logout','Logout User : NGURAH KETUT HARIADI, IP : 192.168.8.103'),(691,'2016-07-27 12:34:36',1,'Login','Login User : NGURAH KETUT HARIADI, IP : 192.168.8.103'),(692,'2016-07-27 12:35:38',1,'Logout','Logout User : NGURAH KETUT HARIADI, IP : 192.168.8.103'),(693,'2016-07-27 12:54:29',1,'Login','Login User : NGURAH KETUT HARIADI, IP : 192.168.8.103'),(694,'2016-07-27 12:57:17',1,'Logout','Logout User : NGURAH KETUT HARIADI, IP : 192.168.8.103'),(695,'2016-08-10 10:41:04',1,'Login','Login User : NGURAH KETUT HARIADI, IP : 192.168.8.100'),(696,'2016-08-10 10:48:19',1,'Logout','Logout User : NGURAH KETUT HARIADI, IP : 192.168.8.100'),(697,'2016-08-12 09:48:46',1,'Login','Login User : NGURAH KETUT HARIADI, IP : 192.168.8.100'),(698,'2016-08-12 10:07:25',1,'Logout','Logout User : NGURAH KETUT HARIADI, IP : 192.168.8.100'),(699,'2016-08-13 09:27:07',1,'Login','Login User : NGURAH KETUT HARIADI, IP : 127.0.0.1'),(700,'2016-08-13 10:25:29',1,'Logout','Logout User : NGURAH KETUT HARIADI, IP : 127.0.0.1'),(701,'2016-08-15 16:56:25',1,'Login','Login User : NGURAH KETUT HARIADI, IP : 192.168.8.100'),(702,'2016-08-15 17:24:56',1,'Logout','Logout User : NGURAH KETUT HARIADI, IP : 192.168.8.100'),(703,'2016-09-15 13:33:35',1,'Login','Login User : NGURAH KETUT HARIADI, IP : 192.168.8.102'),(704,'2016-09-15 13:36:12',1,'Logout','Logout User : NGURAH KETUT HARIADI, IP : 192.168.8.102'),(705,'2016-10-05 09:27:15',1,'Login','Login User : NGURAH KETUT HARIADI, IP : 10.1.1.103'),(706,'2016-10-05 09:29:11',1,'Logout','Logout User : NGURAH KETUT HARIADI, IP : 10.1.1.103'),(707,'2016-10-18 15:29:05',1,'Login','Login User : NGURAH KETUT HARIADI, IP : 192.168.8.100'),(708,'2016-10-18 15:34:18',1,'Logout','Logout User : NGURAH KETUT HARIADI, IP : 192.168.8.100'),(709,'2016-10-31 22:20:13',1,'Login','Login User : NGURAH KETUT HARIADI, IP : 192.168.8.100'),(710,'2016-10-31 22:43:28',1,'Logout','Logout User : NGURAH KETUT HARIADI, IP : 192.168.8.100'),(711,'2016-11-01 15:41:24',1,'Login','Login User : NGURAH KETUT HARIADI, IP : 192.168.8.100'),(712,'2016-11-01 21:02:20',1,'Login','Login User : NGURAH KETUT HARIADI, IP : 192.168.8.101'),(713,'2016-11-01 21:48:57',1,'Logout','Logout User : NGURAH KETUT HARIADI, IP : 192.168.8.101'),(714,'2016-11-02 11:41:36',1,'Login','Login User : NGURAH KETUT HARIADI, IP : 192.168.8.100'),(715,'2016-11-02 12:02:43',1,'Login','Login User : NGURAH KETUT HARIADI, IP : 192.168.8.100'),(716,'2016-11-02 12:03:04',1,'Logout','Logout User : NGURAH KETUT HARIADI, IP : 192.168.8.100'),(717,'2016-12-17 16:06:08',1,'Login','Login User : NGURAH KETUT HARIADI, IP : 192.168.8.100'),(718,'2016-12-17 18:02:22',1,'Logout','Logout User : NGURAH KETUT HARIADI, IP : 192.168.8.100'),(719,'2016-12-19 12:37:12',1,'Login','Login User : NGURAH KETUT HARIADI, IP : 192.168.8.100'),(720,'2016-12-19 12:44:40',1,'Logout','Logout User : NGURAH KETUT HARIADI, IP : 192.168.8.100'),(721,'2017-04-11 15:59:31',1,'Login','Login User : NGURAH KETUT HARIADI, IP : 192.168.8.100'),(722,'2017-04-11 16:34:57',1,'Login','Login User : NGURAH KETUT HARIADI, IP : 192.168.8.101');

/*Table structure for table `tb_inventaris` */

DROP TABLE IF EXISTS `tb_inventaris`;

CREATE TABLE `tb_inventaris` (
  `ID_INVENTARIS` int(11) NOT NULL AUTO_INCREMENT,
  `KODE_INVENTARIS` varchar(255) NOT NULL,
  `NAMA_INVENTARIS` varchar(255) NOT NULL,
  `JENIS_INVENTARIS` varchar(255) NOT NULL,
  `TANGGAL_PEMBELIAN` date NOT NULL,
  `NILAI_PEROLEHAN` int(11) NOT NULL,
  `UMUR_MANFAAT` int(11) NOT NULL,
  `LOKASI_INVENTORY` varchar(255) NOT NULL,
  `IS_AMORTISASI` int(11) NOT NULL,
  `IS_ACTIVE` int(1) NOT NULL,
  `LAST_UPDATES` timestamp NOT NULL DEFAULT CURRENT_TIMESTAMP ON UPDATE CURRENT_TIMESTAMP,
  `ID_USER` int(11) NOT NULL,
  PRIMARY KEY (`ID_INVENTARIS`)
) ENGINE=InnoDB DEFAULT CHARSET=latin1;

/*Data for the table `tb_inventaris` */

/*Table structure for table `tb_item` */

DROP TABLE IF EXISTS `tb_item`;

CREATE TABLE `tb_item` (
  `ID_ITEM` int(11) NOT NULL AUTO_INCREMENT,
  `KODE_ITEM` varchar(6) NOT NULL,
  `NAMA_ITEM` varchar(200) NOT NULL,
  `PRICE_ITEM` int(11) NOT NULL,
  `DESKRIPSI_ITEM` varchar(255) NOT NULL,
  `ID_USER` int(11) NOT NULL,
  `IS_ACTIVE` int(1) NOT NULL DEFAULT '1',
  `LAST_UPDATE` timestamp NOT NULL DEFAULT CURRENT_TIMESTAMP ON UPDATE CURRENT_TIMESTAMP,
  PRIMARY KEY (`ID_ITEM`),
  KEY `FK_ITEM_USER` (`ID_USER`),
  CONSTRAINT `FK_ITEM_USER` FOREIGN KEY (`ID_USER`) REFERENCES `tb_user` (`ID_USER`) ON DELETE NO ACTION ON UPDATE CASCADE
) ENGINE=InnoDB AUTO_INCREMENT=6 DEFAULT CHARSET=latin1;

/*Data for the table `tb_item` */

insert  into `tb_item`(`ID_ITEM`,`KODE_ITEM`,`NAMA_ITEM`,`PRICE_ITEM`,`DESKRIPSI_ITEM`,`ID_USER`,`IS_ACTIVE`,`LAST_UPDATE`) values (1,'KUR001','KURSI BANGKET',10,'Kursi bangket standart \r\nTanpa cover dan pita \r\nHarga sewa per hari/event',1,1,'2017-01-30 12:21:36'),(2,'KUR002','KURSI LIPAT',7000,'Kursi yang bisa dilipat',1,1,'2016-05-19 21:29:25'),(3,'MJA001','MEJA BUNDAR',30000,'Meja yang bentuknya bundar',1,1,'2016-05-19 21:30:06'),(4,'KAR001','KARPET',120000,'Karpet biasa',1,1,'2016-05-27 10:45:08'),(5,'test','test',123444,'test',1,0,'2017-01-30 12:18:22');

/*Table structure for table `tb_item_add` */

DROP TABLE IF EXISTS `tb_item_add`;

CREATE TABLE `tb_item_add` (
  `ID_ITEM_ADD` int(11) NOT NULL AUTO_INCREMENT,
  `ID_BOOKING` int(11) NOT NULL,
  `ID_ITEM` int(11) NOT NULL,
  `JML_ITEM` int(11) NOT NULL DEFAULT '0',
  `PRICE_ITEM` int(11) NOT NULL DEFAULT '0',
  `IS_INCLUDED` enum('YES','NO') NOT NULL DEFAULT 'YES',
  `ID_USER` int(11) NOT NULL,
  `LAST_UPDATE` timestamp NOT NULL DEFAULT CURRENT_TIMESTAMP ON UPDATE CURRENT_TIMESTAMP,
  PRIMARY KEY (`ID_ITEM_ADD`),
  KEY `FK_BOOKING_ITEMADD` (`ID_BOOKING`),
  KEY `FK_ITEMADD_USER` (`ID_USER`),
  KEY `FK_ITEM_ADD` (`ID_ITEM`),
  CONSTRAINT `FK_BOOKING_ITEMADD` FOREIGN KEY (`ID_BOOKING`) REFERENCES `tb_booking` (`ID_BOOKING`) ON DELETE CASCADE ON UPDATE CASCADE,
  CONSTRAINT `FK_ITEMADD_USER` FOREIGN KEY (`ID_USER`) REFERENCES `tb_user` (`ID_USER`) ON DELETE NO ACTION ON UPDATE CASCADE,
  CONSTRAINT `FK_ITEM_ADD` FOREIGN KEY (`ID_ITEM`) REFERENCES `tb_item` (`ID_ITEM`) ON DELETE NO ACTION ON UPDATE CASCADE
) ENGINE=InnoDB AUTO_INCREMENT=175 DEFAULT CHARSET=latin1;

/*Data for the table `tb_item_add` */

insert  into `tb_item_add`(`ID_ITEM_ADD`,`ID_BOOKING`,`ID_ITEM`,`JML_ITEM`,`PRICE_ITEM`,`IS_INCLUDED`,`ID_USER`,`LAST_UPDATE`) values (1,8,1,50,0,'YES',1,'2016-05-26 17:24:30'),(2,8,2,50,0,'YES',1,'2016-05-26 17:24:30'),(3,8,3,50,0,'YES',1,'2016-05-26 17:24:30'),(4,9,1,100,0,'YES',1,'2016-05-26 17:30:18'),(5,10,2,1,0,'YES',1,'2016-05-26 17:36:32'),(6,11,1,20,0,'YES',1,'2016-05-26 17:40:42'),(7,11,1,1,0,'YES',1,'2016-05-26 17:40:42'),(8,12,1,100,0,'YES',1,'2016-05-26 17:43:12'),(9,13,1,100,0,'YES',1,'2016-05-26 17:46:39'),(10,13,2,200,0,'YES',1,'2016-05-26 17:46:39'),(11,13,3,30,0,'YES',1,'2016-05-26 17:46:39'),(12,13,1,100,10000,'NO',1,'2016-05-26 17:46:39'),(13,13,2,300,7000,'NO',1,'2016-05-26 17:46:39'),(14,14,1,100,0,'YES',1,'2016-05-27 10:52:32'),(15,14,4,5,0,'YES',1,'2016-05-27 10:52:32'),(16,14,1,100,10000,'NO',1,'2016-05-27 10:52:32'),(17,14,4,5,120000,'NO',1,'2016-05-27 10:52:32'),(18,15,1,1,0,'YES',1,'2016-07-16 12:02:20'),(19,15,1,0,0,'YES',1,'2016-07-16 12:02:20'),(20,15,1,1,10000,'NO',1,'2016-07-16 12:02:20'),(21,15,1,100,10000,'NO',1,'2016-07-16 12:02:20'),(22,15,3,10,30000,'NO',1,'2016-07-16 12:02:20'),(23,16,1,200,0,'YES',1,'2016-07-18 13:47:12'),(24,16,3,20,0,'YES',1,'2016-07-18 13:47:12'),(25,16,1,300,10000,'NO',1,'2016-07-18 13:47:13'),(26,16,3,10,30000,'NO',1,'2016-07-18 13:47:13'),(27,17,1,200,0,'YES',1,'2016-07-21 14:38:27'),(28,17,3,10,0,'YES',1,'2016-07-21 14:38:27'),(29,17,1,300,10000,'NO',1,'2016-07-21 14:38:27'),(30,17,3,30,30000,'NO',1,'2016-07-21 14:38:27'),(31,18,1,100,0,'YES',1,'2016-07-21 14:41:38'),(32,18,3,10,0,'YES',1,'2016-07-21 14:41:38'),(33,18,1,100,10000,'NO',1,'2016-07-21 14:41:38'),(34,18,3,10,30000,'NO',1,'2016-07-21 14:41:38'),(35,19,1,100,0,'YES',1,'2016-07-21 14:44:00'),(36,19,3,10,0,'YES',1,'2016-07-21 14:44:00'),(37,19,1,100,10000,'NO',1,'2016-07-21 14:44:00'),(38,19,3,10,30000,'NO',1,'2016-07-21 14:44:00'),(39,19,4,2,120000,'NO',1,'2016-07-21 14:44:00'),(40,20,1,100,0,'YES',1,'2016-07-21 14:46:33'),(41,20,3,10,0,'YES',1,'2016-07-21 14:46:33'),(42,20,1,100,10000,'NO',1,'2016-07-21 14:46:34'),(43,20,3,20,30000,'NO',1,'2016-07-21 14:46:34'),(44,20,4,10,120000,'NO',1,'2016-07-21 14:46:34'),(45,21,1,300,0,'YES',1,'2016-07-21 14:53:03'),(46,21,3,30,0,'YES',1,'2016-07-21 14:53:04'),(47,21,4,10,0,'YES',1,'2016-07-21 14:53:04'),(48,21,1,300,10000,'NO',1,'2016-07-21 14:53:04'),(49,21,3,10,30000,'NO',1,'2016-07-21 14:53:04'),(50,21,4,10,120000,'NO',1,'2016-07-21 14:53:04'),(51,22,1,1,0,'YES',1,'2016-07-23 11:07:01'),(52,22,1,1,10000,'NO',1,'2016-07-23 11:07:01'),(53,22,2,20,7000,'NO',1,'2016-07-23 11:07:01'),(54,22,4,20,120000,'NO',1,'2016-07-23 11:07:01'),(55,23,4,1,0,'YES',1,'2016-07-23 11:13:07'),(56,23,1,1,10000,'NO',1,'2016-07-23 11:13:07'),(57,20,1,100,10000,'NO',1,'2016-07-24 11:01:57'),(58,20,3,20,30000,'NO',1,'2016-07-24 11:01:57'),(59,20,4,10,120000,'NO',1,'2016-07-24 11:01:57'),(60,20,1,100,10000,'NO',1,'2016-07-24 11:03:36'),(61,20,1,100,10000,'NO',1,'2016-07-24 11:03:36'),(62,20,3,20,30000,'NO',1,'2016-07-24 11:03:36'),(63,20,3,20,30000,'NO',1,'2016-07-24 11:03:37'),(64,20,4,10,120000,'NO',1,'2016-07-24 11:03:37'),(65,20,4,10,120000,'NO',1,'2016-07-24 11:03:37'),(66,20,1,100,10000,'NO',1,'2016-07-24 11:21:57'),(67,20,1,100,10000,'NO',1,'2016-07-24 11:21:57'),(68,20,1,100,10000,'NO',1,'2016-07-24 11:21:57'),(69,20,1,100,10000,'NO',1,'2016-07-24 11:21:57'),(70,20,3,20,30000,'NO',1,'2016-07-24 11:21:57'),(71,20,3,20,30000,'NO',1,'2016-07-24 11:21:57'),(72,20,3,20,30000,'NO',1,'2016-07-24 11:21:57'),(73,20,3,20,30000,'NO',1,'2016-07-24 11:21:57'),(74,20,4,10,120000,'NO',1,'2016-07-24 11:21:57'),(75,20,4,10,120000,'NO',1,'2016-07-24 11:21:57'),(76,20,4,10,120000,'NO',1,'2016-07-24 11:21:57'),(77,20,4,10,120000,'NO',1,'2016-07-24 11:21:57'),(78,24,1,1,0,'YES',1,'2016-07-26 10:01:31'),(79,24,1,1,10000,'NO',1,'2016-07-26 10:01:32'),(80,25,1,1,0,'YES',1,'2016-07-26 10:04:52'),(81,25,1,1,10000,'NO',1,'2016-07-26 10:04:52'),(82,26,1,1,0,'YES',1,'2016-07-26 10:34:12'),(83,26,1,100,10000,'NO',1,'2016-07-26 10:34:12'),(84,20,1,100,10000,'NO',1,'2016-07-26 10:41:49'),(85,20,1,100,10000,'NO',1,'2016-07-26 10:41:49'),(86,20,1,100,10000,'NO',1,'2016-07-26 10:41:49'),(87,20,1,100,10000,'NO',1,'2016-07-26 10:41:49'),(88,20,1,100,10000,'NO',1,'2016-07-26 10:41:49'),(89,20,1,100,10000,'NO',1,'2016-07-26 10:41:49'),(90,20,1,100,10000,'NO',1,'2016-07-26 10:41:49'),(91,20,1,100,10000,'NO',1,'2016-07-26 10:41:49'),(92,20,3,20,30000,'NO',1,'2016-07-26 10:41:49'),(93,20,3,20,30000,'NO',1,'2016-07-26 10:41:49'),(94,20,3,20,30000,'NO',1,'2016-07-26 10:41:49'),(95,20,3,20,30000,'NO',1,'2016-07-26 10:41:49'),(96,20,3,20,30000,'NO',1,'2016-07-26 10:41:49'),(97,20,3,20,30000,'NO',1,'2016-07-26 10:41:49'),(98,20,3,20,30000,'NO',1,'2016-07-26 10:41:49'),(99,20,3,20,30000,'NO',1,'2016-07-26 10:41:49'),(100,20,4,10,120000,'NO',1,'2016-07-26 10:41:49'),(101,20,4,10,120000,'NO',1,'2016-07-26 10:41:50'),(102,20,4,10,120000,'NO',1,'2016-07-26 10:41:50'),(103,20,4,10,120000,'NO',1,'2016-07-26 10:41:50'),(104,20,4,10,120000,'NO',1,'2016-07-26 10:41:50'),(105,20,4,10,120000,'NO',1,'2016-07-26 10:41:50'),(106,20,4,10,120000,'NO',1,'2016-07-26 10:41:50'),(107,20,4,10,120000,'NO',1,'2016-07-26 10:41:50'),(108,20,1,100,10000,'NO',1,'2016-07-26 10:42:21'),(109,20,1,100,10000,'NO',1,'2016-07-26 10:42:21'),(110,20,1,100,10000,'NO',1,'2016-07-26 10:42:21'),(111,20,1,100,10000,'NO',1,'2016-07-26 10:42:21'),(112,20,1,100,10000,'NO',1,'2016-07-26 10:42:21'),(113,20,1,100,10000,'NO',1,'2016-07-26 10:42:21'),(114,20,1,100,10000,'NO',1,'2016-07-26 10:42:21'),(115,20,1,100,10000,'NO',1,'2016-07-26 10:42:21'),(116,20,1,100,10000,'NO',1,'2016-07-26 10:42:21'),(117,20,1,100,10000,'NO',1,'2016-07-26 10:42:21'),(118,20,1,100,10000,'NO',1,'2016-07-26 10:42:21'),(119,20,1,100,10000,'NO',1,'2016-07-26 10:42:21'),(120,20,1,100,10000,'NO',1,'2016-07-26 10:42:21'),(121,20,1,100,10000,'NO',1,'2016-07-26 10:42:21'),(122,20,1,100,10000,'NO',1,'2016-07-26 10:42:21'),(123,20,1,100,10000,'NO',1,'2016-07-26 10:42:21'),(124,20,3,20,30000,'NO',1,'2016-07-26 10:42:21'),(125,20,3,20,30000,'NO',1,'2016-07-26 10:42:21'),(126,20,3,20,30000,'NO',1,'2016-07-26 10:42:21'),(127,20,3,20,30000,'NO',1,'2016-07-26 10:42:21'),(128,20,3,20,30000,'NO',1,'2016-07-26 10:42:21'),(129,20,3,20,30000,'NO',1,'2016-07-26 10:42:22'),(130,20,3,20,30000,'NO',1,'2016-07-26 10:42:22'),(131,20,3,20,30000,'NO',1,'2016-07-26 10:42:22'),(132,20,3,20,30000,'NO',1,'2016-07-26 10:42:22'),(133,20,3,20,30000,'NO',1,'2016-07-26 10:42:22'),(134,20,3,20,30000,'NO',1,'2016-07-26 10:42:22'),(135,20,3,20,30000,'NO',1,'2016-07-26 10:42:22'),(136,20,3,20,30000,'NO',1,'2016-07-26 10:42:22'),(137,20,3,20,30000,'NO',1,'2016-07-26 10:42:22'),(138,20,3,20,30000,'NO',1,'2016-07-26 10:42:22'),(139,20,3,20,30000,'NO',1,'2016-07-26 10:42:22'),(140,20,4,10,120000,'NO',1,'2016-07-26 10:42:22'),(141,20,4,10,120000,'NO',1,'2016-07-26 10:42:22'),(142,20,4,10,120000,'NO',1,'2016-07-26 10:42:22'),(143,20,4,10,120000,'NO',1,'2016-07-26 10:42:22'),(144,20,4,10,120000,'NO',1,'2016-07-26 10:42:22'),(145,20,4,10,120000,'NO',1,'2016-07-26 10:42:22'),(146,20,4,10,120000,'NO',1,'2016-07-26 10:42:22'),(147,20,4,10,120000,'NO',1,'2016-07-26 10:42:22'),(148,20,4,10,120000,'NO',1,'2016-07-26 10:42:22'),(149,20,4,10,120000,'NO',1,'2016-07-26 10:42:22'),(150,20,4,10,120000,'NO',1,'2016-07-26 10:42:22'),(151,20,4,10,120000,'NO',1,'2016-07-26 10:42:22'),(152,20,4,10,120000,'NO',1,'2016-07-26 10:42:22'),(153,20,4,10,120000,'NO',1,'2016-07-26 10:42:22'),(154,20,4,10,120000,'NO',1,'2016-07-26 10:42:22'),(155,20,4,10,120000,'NO',1,'2016-07-26 10:42:22'),(156,15,1,1,10000,'NO',1,'2016-07-26 10:43:59'),(157,15,1,100,10000,'NO',1,'2016-07-26 10:43:59'),(158,15,3,10,30000,'NO',1,'2016-07-26 10:43:59'),(159,27,1,1,0,'YES',1,'2016-08-13 09:33:05'),(160,27,2,0,0,'YES',1,'2016-08-13 09:33:05'),(161,27,3,10,0,'YES',1,'2016-08-13 09:33:05'),(162,27,1,100,10000,'NO',1,'2016-08-13 09:33:05'),(163,27,2,100,7000,'NO',1,'2016-08-13 09:33:05'),(164,27,3,10,30000,'NO',1,'2016-08-13 09:33:05'),(165,27,4,10,120000,'NO',1,'2016-08-13 09:33:06'),(166,27,1,100,10000,'NO',1,'2016-08-13 10:01:06'),(167,27,2,100,7000,'NO',1,'2016-08-13 10:01:06'),(168,27,3,10,30000,'NO',1,'2016-08-13 10:01:06'),(169,27,4,10,120000,'NO',1,'2016-08-13 10:01:06'),(170,21,1,300,10000,'NO',1,'2016-08-13 10:17:33'),(171,21,3,10,30000,'NO',1,'2016-08-13 10:17:33'),(172,21,4,10,120000,'NO',1,'2016-08-13 10:17:33'),(173,21,1,1,10000,'NO',1,'2016-08-13 10:17:33'),(174,26,1,100,10000,'NO',1,'2016-08-15 16:56:40');

/*Table structure for table `tb_item_included` */

DROP TABLE IF EXISTS `tb_item_included`;

CREATE TABLE `tb_item_included` (
  `ID_ITEM_INCLUDED` int(11) NOT NULL AUTO_INCREMENT,
  `ID_BOOKING` int(11) NOT NULL,
  `ID_ITEM` int(11) NOT NULL,
  `JML_ITEM` int(11) NOT NULL,
  `ID_VENDOR` int(11) NOT NULL,
  `PRICE_VENDOR` int(11) NOT NULL DEFAULT '0',
  `ID_USER` int(11) NOT NULL,
  `LAST_UPDATE` timestamp NOT NULL DEFAULT CURRENT_TIMESTAMP ON UPDATE CURRENT_TIMESTAMP,
  PRIMARY KEY (`ID_ITEM_INCLUDED`),
  KEY `FK_BOOKING_ITEMINC` (`ID_BOOKING`),
  CONSTRAINT `FK_BOOKING_ITEMINC` FOREIGN KEY (`ID_BOOKING`) REFERENCES `tb_booking` (`ID_BOOKING`) ON DELETE CASCADE ON UPDATE CASCADE
) ENGINE=InnoDB DEFAULT CHARSET=latin1;

/*Data for the table `tb_item_included` */

/*Table structure for table `tb_jenis_setup` */

DROP TABLE IF EXISTS `tb_jenis_setup`;

CREATE TABLE `tb_jenis_setup` (
  `ID_JENIS_SETUP` int(11) NOT NULL AUTO_INCREMENT,
  `NAMA_JENIS_SETUP` varchar(100) NOT NULL,
  `DESKRIPSI` text NOT NULL,
  `IS_ACTIVE` int(1) NOT NULL DEFAULT '1',
  `LAST_UPDATE` timestamp NOT NULL DEFAULT CURRENT_TIMESTAMP ON UPDATE CURRENT_TIMESTAMP,
  PRIMARY KEY (`ID_JENIS_SETUP`)
) ENGINE=InnoDB AUTO_INCREMENT=4 DEFAULT CHARSET=latin1;

/*Data for the table `tb_jenis_setup` */

insert  into `tb_jenis_setup`(`ID_JENIS_SETUP`,`NAMA_JENIS_SETUP`,`DESKRIPSI`,`IS_ACTIVE`,`LAST_UPDATE`) values (1,'SEMI STANDING','Diisi kursi hanya sebagian, sebagian lagi pengunjung akan berdiri',1,'2016-05-19 17:21:09'),(2,'SEMINAR','Setup table dan kursi seperti ruangan seminar, tanpa stage. Meja moderator dan narasumber disediakan.',1,'2016-05-19 17:23:22'),(3,'TEST','TEST',1,'2017-01-26 17:33:41');

/*Table structure for table `tb_jurnal` */

DROP TABLE IF EXISTS `tb_jurnal`;

CREATE TABLE `tb_jurnal` (
  `ID_JURNAL` int(11) NOT NULL AUTO_INCREMENT,
  `NO_BUKTI` varchar(20) DEFAULT NULL,
  `TGL_TRANSAKSI` date NOT NULL,
  `AYAT_JURNAL` varchar(200) NOT NULL,
  `JENIS_JURNAL` varchar(100) NOT NULL,
  `REF_JURNAL` varchar(30) NOT NULL,
  `ID_USER` int(11) NOT NULL,
  `LAST_UPDATE` timestamp NOT NULL DEFAULT CURRENT_TIMESTAMP ON UPDATE CURRENT_TIMESTAMP,
  PRIMARY KEY (`ID_JURNAL`)
) ENGINE=InnoDB AUTO_INCREMENT=43 DEFAULT CHARSET=latin1;

/*Data for the table `tb_jurnal` */

insert  into `tb_jurnal`(`ID_JURNAL`,`NO_BUKTI`,`TGL_TRANSAKSI`,`AYAT_JURNAL`,`JENIS_JURNAL`,`REF_JURNAL`,`ID_USER`,`LAST_UPDATE`) values (2,'1','2016-07-21','Sewa Ruangan ABHIPRAYA untuk Event test3 pada 2016-07-31','PENDAPATAN SEWA','20',1,'2016-07-24 16:18:56'),(3,'1','2016-07-21','Sewa Ruangan GRAND BALLROOM untuk Event GOLDEN HORSE SEMINAR pada 2016-08-21','PENDAPATAN SEWA','21',1,'2016-07-24 16:18:57'),(13,'B-160721-0001','2016-07-21','Pembayaran Sewa Ruangan Termin 1','PEMBAYARAN SEWA','20',1,'2016-07-21 17:03:23'),(14,'B-160721-0001','2016-07-21','Pembayaran Sewa Ruangan Termin 2 dan Jaminan Kerusakan','PEMBAYARAN SEWA','20',1,'2016-07-21 17:03:52'),(15,'B-160721-0010','2016-07-21','Pembayaran Sewa Ruangan Termin 3','PEMBAYARAN SEWA','20',1,'2016-07-21 17:06:16'),(16,'B-160721-0010','2016-07-21','Pembayaran Sewa Ruangan Termin 1','PEMBAYARAN SEWA','20',1,'2016-07-21 17:10:41'),(17,'B-160723-0001','2016-07-23','Pembayaran Sewa Ruangan Termin 2 dan Jaminan Kerusakan','PEMBAYARAN SEWA','20',1,'2016-07-23 10:12:21'),(18,'B-160723-0002','2016-07-23','Pembayaran Sewa Ruangan Termin 3','PEMBAYARAN SEWA','20',1,'2016-07-23 10:13:58'),(19,'1','2016-07-23','Sewa Ruangan ABHINAYA untuk Event Test 23 juli pada 2016-07-30','PENDAPATAN SEWA','22',1,'2016-07-24 16:19:01'),(20,'P-160723-0009','2016-07-23','Sewa Ruangan ABHINAYA untuk Event sdasdasd pada 2016-07-31','PENDAPATAN SEWA','23',1,'2016-07-23 11:13:08'),(21,'P-160721-0006','2016-07-24','Adjustment Sewa Ruangan ABHIPRAYA untuk Event TEST3 pada 2016-07-31','PENDAPATAN SEWA','20',1,'2016-07-24 11:21:57'),(22,'sdad','2016-07-25','sdasdas','JURNAL MANUAL','-',1,'2016-07-25 11:36:31'),(23,'23123','2016-07-25','231232','JURNAL MANUAL','-',1,'2016-07-25 11:39:51'),(24,'131231','2016-07-25','saeqwe','JURNAL MANUAL','-',1,'2016-07-25 11:42:28'),(25,'23131','2016-07-25','312da','JURNAL MANUAL','-',1,'2016-07-25 11:45:52'),(26,'891793723','2016-07-25','Test Entri Jurnal Manual','JURNAL MANUAL','-',1,'2016-07-25 11:47:43'),(27,'12345','2016-07-25','Petty Cash Event XXX','JURNAL MANUAL','-',1,'2016-07-25 14:36:41'),(28,'PC-160725-0001','2016-07-25','Test Petty Cash Entry','PETTY CASH','1',1,'2016-07-25 17:16:32'),(29,'P-160726-0010','2016-07-26','Sewa Ruangan ABHINAYA untuk Event Tes Pengiriman Email pada 2016-07-26','PENDAPATAN SEWA','24',1,'2016-07-26 10:01:32'),(30,'P-160726-0011','2016-07-26','Sewa Ruangan ABHINAYA untuk Event TEST EVENT pada 2016-07-26','PENDAPATAN SEWA','25',1,'2016-07-26 10:04:52'),(31,'P-160726-0012','2016-07-26','Sewa Ruangan PASEBAN untuk Event PROGRAMMING SEMINAR pada 2016-08-07','PENDAPATAN SEWA','26',1,'2016-07-26 10:34:14'),(32,'B-160726-0001','2016-07-26','Pembayaran Sewa Ruangan Termin 1','PEMBAYARAN SEWA','26',1,'2016-07-26 10:56:35'),(33,'B-160726-0002','2016-07-26','Pembayaran Sewa Ruangan Termin 2 dan Jaminan Kerusakan','PEMBAYARAN SEWA','26',1,'2016-07-26 11:02:42'),(34,'B-160726-0003','2016-07-26','Pembayaran Sewa Ruangan Termin 3','PEMBAYARAN SEWA','26',1,'2016-07-26 11:05:12'),(35,'B-160727-0001','2016-07-27','Pembayaran Sewa Ruangan Termin 1','PEMBAYARAN SEWA','16',1,'2016-07-27 09:42:50'),(36,'B-160727-0002','2016-07-27','Pembayaran Sewa Ruangan Termin 2 dan Jaminan Kerusakan','PEMBAYARAN SEWA','16',1,'2016-07-27 09:43:14'),(37,'RF-160727-0001','2016-07-27','Refund Sewa Bagus Ayu','REFUND','1',1,'2016-07-27 12:55:02'),(38,'P-160813-0001','2016-08-13','Sewa Ruangan ABHINAYA untuk Event test pada 2016-09-15','PENDAPATAN SEWA','27',1,'2016-08-13 09:33:06'),(39,'B-160813-0001','2016-08-13','Pembayaran Sewa Ruangan Termin 1','PEMBAYARAN SEWA','27',1,'2016-08-13 09:37:05'),(40,'B-160813-0002','2016-08-13','Pembayaran Sewa Ruangan Termin 2 dan Jaminan Kerusakan','PEMBAYARAN SEWA','27',1,'2016-08-13 09:40:52'),(41,'P-160721-0007','2016-08-13','Adjustment Sewa Ruangan GRAND BALLROOM untuk Event GOLDEN HORSE SEMINAR pada 2016-08-21','PENDAPATAN SEWA','21',1,'2016-08-13 10:17:33'),(42,'B-161018-0001','2016-10-18','Pembayaran Sewa Ruangan Termin 1','PEMBAYARAN SEWA','21',1,'2016-10-18 15:30:25');

/*Table structure for table `tb_payment_schedule` */

DROP TABLE IF EXISTS `tb_payment_schedule`;

CREATE TABLE `tb_payment_schedule` (
  `ID_PAYMENT_SCHEDULE` int(11) NOT NULL AUTO_INCREMENT,
  `ID_BOOKING` int(11) NOT NULL,
  `NO_BUKTI` varchar(255) NOT NULL DEFAULT '-',
  `TGL_PAYMENT_SCHEDULE` date NOT NULL,
  `ALOKASI_PAYMENT` float NOT NULL DEFAULT '0',
  `STATUS_PAYMENT` enum('OUTSTANDING','PAID') NOT NULL DEFAULT 'OUTSTANDING',
  `TGL_PAYMENT_RECEIVED` date DEFAULT NULL,
  `JML_PAYMENT_RECEIVED` int(11) NOT NULL DEFAULT '0',
  `CARA_PAYMENT` enum('TUNAI','BANK') NOT NULL DEFAULT 'TUNAI',
  `ID_USER` int(11) DEFAULT NULL,
  `LAST_UPDATE` timestamp NOT NULL DEFAULT CURRENT_TIMESTAMP ON UPDATE CURRENT_TIMESTAMP,
  PRIMARY KEY (`ID_PAYMENT_SCHEDULE`)
) ENGINE=InnoDB AUTO_INCREMENT=40 DEFAULT CHARSET=latin1;

/*Data for the table `tb_payment_schedule` */

insert  into `tb_payment_schedule`(`ID_PAYMENT_SCHEDULE`,`ID_BOOKING`,`NO_BUKTI`,`TGL_PAYMENT_SCHEDULE`,`ALOKASI_PAYMENT`,`STATUS_PAYMENT`,`TGL_PAYMENT_RECEIVED`,`JML_PAYMENT_RECEIVED`,`CARA_PAYMENT`,`ID_USER`,`LAST_UPDATE`) values (1,15,'-','2016-07-16',30,'PAID','2016-07-20',5000000,'TUNAI',1,'2016-07-20 16:37:29'),(2,15,'B-160720-0001','2016-07-22',30,'PAID','2016-07-20',8000000,'TUNAI',1,'2016-07-20 17:01:14'),(3,15,'B-160720-0002','2016-07-31',40,'PAID','2016-07-20',3310000,'TUNAI',1,'2016-07-20 17:10:55'),(4,16,'B-160727-0001','2016-07-18',30,'PAID','2016-07-27',5000000,'TUNAI',1,'2016-07-27 09:42:50'),(5,16,'B-160727-0002','2016-07-26',30,'PAID','2016-07-27',15000000,'TUNAI',1,'2016-07-27 09:43:14'),(6,16,'-','2016-08-31',40,'OUTSTANDING',NULL,0,'TUNAI',NULL,'2016-07-20 16:37:30'),(7,17,'-','2016-07-21',30,'OUTSTANDING',NULL,0,'TUNAI',NULL,'2016-07-21 14:38:27'),(8,17,'-','2016-07-28',40,'OUTSTANDING',NULL,0,'TUNAI',NULL,'2016-07-21 14:38:27'),(9,17,'-','2016-07-30',30,'OUTSTANDING',NULL,0,'TUNAI',NULL,'2016-07-21 14:38:27'),(10,18,'-','2016-07-21',30,'OUTSTANDING',NULL,0,'TUNAI',NULL,'2016-07-21 14:41:38'),(11,18,'-','2016-07-26',40,'OUTSTANDING',NULL,0,'TUNAI',NULL,'2016-07-21 14:41:38'),(12,18,'-','2016-07-31',30,'OUTSTANDING',NULL,0,'TUNAI',NULL,'2016-07-21 14:41:38'),(13,19,'-','2016-07-21',30,'OUTSTANDING',NULL,0,'TUNAI',NULL,'2016-07-21 14:44:00'),(14,19,'-','2016-07-25',40,'OUTSTANDING',NULL,0,'TUNAI',NULL,'2016-07-21 14:44:00'),(15,19,'-','2016-07-31',30,'OUTSTANDING',NULL,0,'TUNAI',NULL,'2016-07-21 14:44:00'),(16,20,'B-160721-0010','2016-07-21',30,'PAID','2016-07-21',5000000,'TUNAI',1,'2016-07-21 17:10:41'),(17,20,'B-160723-0001','2016-07-25',40,'PAID','2016-07-23',11000000,'TUNAI',1,'2016-07-23 10:12:21'),(18,20,'B-160723-0002','2016-07-31',30,'PAID','2016-07-23',5800000,'BANK',1,'2016-07-23 10:13:58'),(19,21,'B-161018-0001','2016-07-21',30,'PAID','2016-10-18',5000000,'TUNAI',1,'2016-10-18 15:30:25'),(20,21,'-','2016-07-31',40,'OUTSTANDING',NULL,0,'TUNAI',NULL,'2016-07-21 14:53:04'),(21,21,'-','2016-08-21',30,'OUTSTANDING',NULL,0,'TUNAI',NULL,'2016-07-21 14:53:04'),(22,22,'-','2016-07-23',30,'OUTSTANDING',NULL,0,'TUNAI',NULL,'2016-07-23 11:07:01'),(23,22,'-','2016-07-27',40,'OUTSTANDING',NULL,0,'TUNAI',NULL,'2016-07-23 11:07:01'),(24,22,'-','2016-07-31',30,'OUTSTANDING',NULL,0,'TUNAI',NULL,'2016-07-23 11:07:01'),(25,23,'-','2016-07-23',30,'OUTSTANDING',NULL,0,'TUNAI',NULL,'2016-07-23 11:13:07'),(26,23,'-','2016-07-23',40,'OUTSTANDING',NULL,0,'TUNAI',NULL,'2016-07-23 11:13:07'),(27,23,'-','2016-07-23',30,'OUTSTANDING',NULL,0,'TUNAI',NULL,'2016-07-23 11:13:08'),(28,24,'-','2016-07-26',30,'OUTSTANDING',NULL,0,'TUNAI',NULL,'2016-07-26 10:01:32'),(29,24,'-','2016-07-30',40,'OUTSTANDING',NULL,0,'TUNAI',NULL,'2016-07-26 10:01:32'),(30,24,'-','2016-08-06',30,'OUTSTANDING',NULL,0,'TUNAI',NULL,'2016-07-26 10:01:32'),(31,25,'-','2016-07-26',10,'OUTSTANDING',NULL,0,'TUNAI',NULL,'2016-07-26 10:04:52'),(32,25,'-','2016-07-26',20,'OUTSTANDING',NULL,0,'TUNAI',NULL,'2016-07-26 10:04:52'),(33,25,'-','2016-07-26',70,'OUTSTANDING',NULL,0,'TUNAI',NULL,'2016-07-26 10:04:52'),(34,26,'B-160726-0001','2016-07-26',30,'PAID','2016-07-26',5000000,'TUNAI',1,'2016-07-26 10:56:35'),(35,26,'B-160726-0002','2016-07-30',40,'PAID','2016-07-26',11000000,'BANK',1,'2016-07-26 11:02:41'),(36,26,'B-160726-0003','2016-08-07',30,'PAID','2016-07-26',4900000,'TUNAI',1,'2016-07-26 11:05:12'),(37,27,'B-160813-0001','2016-08-13',30,'PAID','2016-08-13',5000000,'BANK',1,'2016-08-13 09:37:05'),(38,27,'B-160813-0002','2016-08-31',40,'PAID','2016-08-13',10000000,'TUNAI',1,'2016-08-13 09:40:52'),(39,27,'-','2016-09-15',30,'OUTSTANDING',NULL,0,'TUNAI',NULL,'2016-08-13 09:33:06');

/*Table structure for table `tb_pembayaran` */

DROP TABLE IF EXISTS `tb_pembayaran`;

CREATE TABLE `tb_pembayaran` (
  `ID_PEMBAYARAN` int(11) NOT NULL AUTO_INCREMENT,
  `NO_HARIAN` int(11) NOT NULL DEFAULT '0',
  `NO_BUKTI` varchar(255) NOT NULL DEFAULT '-',
  `TGL_PEMBAYARAN` date NOT NULL,
  `CARA_PEMBAYARAN` enum('TUNAI','BANK') NOT NULL DEFAULT 'TUNAI',
  `JUMLAH_PEMBAYARAN` int(11) NOT NULL,
  `ID_JURNAL` int(11) DEFAULT NULL,
  `ID_BOOKING` int(11) NOT NULL,
  `ID_USER` int(11) NOT NULL,
  `WAKTU_POSTING` timestamp NOT NULL DEFAULT CURRENT_TIMESTAMP ON UPDATE CURRENT_TIMESTAMP,
  PRIMARY KEY (`ID_PEMBAYARAN`)
) ENGINE=InnoDB AUTO_INCREMENT=26 DEFAULT CHARSET=latin1;

/*Data for the table `tb_pembayaran` */

insert  into `tb_pembayaran`(`ID_PEMBAYARAN`,`NO_HARIAN`,`NO_BUKTI`,`TGL_PEMBAYARAN`,`CARA_PEMBAYARAN`,`JUMLAH_PEMBAYARAN`,`ID_JURNAL`,`ID_BOOKING`,`ID_USER`,`WAKTU_POSTING`) values (1,1,'B-160720-0001','2016-07-20','TUNAI',8000000,NULL,15,1,'2016-07-21 16:02:45'),(2,2,'B-160720-0002','2016-07-21','TUNAI',3310000,NULL,15,1,'2016-07-23 09:46:38'),(15,3,'B-160721-0010','2016-07-21','TUNAI',5000000,NULL,20,1,'2016-07-23 09:49:26'),(16,1,'B-160723-0001','2016-07-23','TUNAI',11000000,NULL,20,1,'2016-07-23 10:12:21'),(17,2,'B-160723-0002','2016-07-23','BANK',5800000,NULL,20,1,'2016-07-23 10:13:58'),(18,1,'B-160726-0001','2016-07-26','TUNAI',5000000,NULL,26,1,'2016-07-26 10:56:35'),(19,2,'B-160726-0002','2016-07-26','BANK',11000000,NULL,26,1,'2016-07-26 11:02:41'),(20,3,'B-160726-0003','2016-07-26','TUNAI',4900000,NULL,26,1,'2016-07-26 11:05:12'),(21,1,'B-160727-0001','2016-07-27','TUNAI',5000000,NULL,16,1,'2016-07-27 09:42:50'),(22,2,'B-160727-0002','2016-07-27','TUNAI',15000000,NULL,16,1,'2016-07-27 09:43:14'),(23,1,'B-160813-0001','2016-08-13','BANK',5000000,NULL,27,1,'2016-08-13 09:37:05'),(24,2,'B-160813-0002','2016-08-13','TUNAI',10000000,NULL,27,1,'2016-08-13 09:40:52'),(25,1,'B-161018-0001','2016-10-18','TUNAI',5000000,NULL,21,1,'2016-10-18 15:30:25');

/*Table structure for table `tb_petty_cash` */

DROP TABLE IF EXISTS `tb_petty_cash`;

CREATE TABLE `tb_petty_cash` (
  `ID_PETTY_CASH` int(11) NOT NULL AUTO_INCREMENT,
  `NO_HARIAN` int(11) NOT NULL,
  `NO_BUKTI` varchar(20) NOT NULL,
  `TGL_TRANSAKSI` date NOT NULL,
  `ID_BOOKING` int(11) NOT NULL,
  `JML_TRANSAKSI` int(11) NOT NULL DEFAULT '0',
  `ID_USER` int(11) NOT NULL,
  `WAKTU_POSTING` timestamp NOT NULL DEFAULT CURRENT_TIMESTAMP ON UPDATE CURRENT_TIMESTAMP,
  PRIMARY KEY (`ID_PETTY_CASH`)
) ENGINE=InnoDB AUTO_INCREMENT=2 DEFAULT CHARSET=latin1;

/*Data for the table `tb_petty_cash` */

insert  into `tb_petty_cash`(`ID_PETTY_CASH`,`NO_HARIAN`,`NO_BUKTI`,`TGL_TRANSAKSI`,`ID_BOOKING`,`JML_TRANSAKSI`,`ID_USER`,`WAKTU_POSTING`) values (1,1,'PC-160725-0001','2016-07-25',21,1000000,1,'2016-07-25 17:16:32');

/*Table structure for table `tb_profil` */

DROP TABLE IF EXISTS `tb_profil`;

CREATE TABLE `tb_profil` (
  `ID_PROFIL` int(11) NOT NULL AUTO_INCREMENT,
  `NAMA` varchar(100) NOT NULL,
  `ALAMAT` varchar(300) NOT NULL,
  `TELEPON` varchar(50) NOT NULL,
  `FAX` varchar(50) NOT NULL,
  `EMAIL` varchar(100) NOT NULL,
  `WEBSITE` varchar(100) NOT NULL,
  `NPWP` varchar(100) NOT NULL,
  `PKP` varchar(100) NOT NULL,
  `LOGO` longblob,
  PRIMARY KEY (`ID_PROFIL`)
) ENGINE=InnoDB AUTO_INCREMENT=2 DEFAULT CHARSET=latin1;

/*Data for the table `tb_profil` */

insert  into `tb_profil`(`ID_PROFIL`,`NAMA`,`ALAMAT`,`TELEPON`,`FAX`,`EMAIL`,`WEBSITE`,`NPWP`,`PKP`,`LOGO`) values (1,'BHUMIKU','Jl. Gunung Soputan 49 Denpasar - Bali','(0361) 480514','(0361) 483339','info@bhumiku.com','www.bhumiku.com','-','-','\0\0\0\0\0\0\0\0\0 \0�\0f\0\0\0��\0\0\0 \0(\0\Z\0@@\0\0\0 \0(B\0\0@\"\000\0\0\0 \0�%\0\0hd\0  \0\0\0 \0�\0\0�\0\0\0\0 \0h\0\0��\0�PNG\r\n\Z\n\0\0\0\rIHDR\0\0\0\0\0\0\0\0\0�?1\0\0\0bKGD\0�\0�\0�����\0\0\0	pHYs\0\0\0\0��~�\0\0EzTXtRaw profile type exif\0\0x���An� ��=������:F�\rz�. ��VU�TzH��f�՟ηב�m�2����\Z-\0�-�\0�a�\0�f�~��\0�\Zi���~��s^��h\0�j�����O.�~�q^o��J��%H� A�	$H� A�	�P��1�cw�\Z���Qc82w2;�^��9F)�\0����itv:�A���Xٹs��6����b����G�p4o��r5���/��F��̌1ƚ��Ђ^�<����(/_�|��3FHA�	$H� A�	$HЏ��Q���i̎�P@�����o�\0 �G���}�8\0\0zTXtRaw profile type xmp\0\0x�՘M�� �����\0U�*|��]�,s�,��L��tF�-/,*��W�,ү?��r� ���q�9����:�UY�;<��z�0�;\\�\Z�9�sPUMK���P��\Z���UW�����=��ܸ��;��:T��Եi�\\�;���T����\'���PH\\+\"B�\"�\"I쀚���Ӷm���4dL.\\�`2���o��L/\Z7t\r���US4�8;�hj ?̫������jQp�T$VA�`ETH:�B]EA��+H2)hV6Bb�gh��/�ab<T7�b���n*Θ,̏eޅ֠����4jhjj㈢�L�*r�j�MSM�9X�@�֢�дMn��I��گ�^#�7������Q���kb&��o��Th�|��io����t�^8z�:�퓞�����0\'F��Th_�96Z^O��\\vj��]v2��D��h����h�r�\r����{�9��]v�{#sH����1О������Ɯ��.;�}�9(�w��(hY�,��\\�H����ߧ��z��npY=�\0\0�\0IDATx����z$Ir&������%zx�gg��Z����:����=T�C�Gr�=S�\r�PȄ���W(�����o�}���o�����߾���۷߾��۷o���/�{���k~���ۯ߾����߾}���o�����c���ώ�_��Io�۷_���o����߾���o��o��o��o����oM�����6|������~��o�����G���\\z��?~�:��߾��~�_���o����o�����߆ǯ���뷿��w��~���oß��~�m�2O��o�~�5���%�۷_���׿}���������~���f���?�۷o�?���ο�����}��7G\0���\Zӗ\"`���/J�\r_	�o>~-�O~���������	N�?9����gN?6������w��ݿ-����/\r������_�П�	���O����~�p5����i0�r��w��(�!�p���>l�\0~�?�|��]��#�k���?�������b~�fM~��8��3�wN����\'��}D�쌾��������/\\>�4������|���,Z\0���8KP���er�,L%�\"��_�ӗ�g�8%.�_��<�ſ9�~�=O���0��?I�&�?��m�~x+Og�,�g�\"��<9q�\r�e	1��O��>�T��,�����yW}���� \0\"2<��g?��m�}OO$���?+΂^��ُp���˩&����� ��R>,\\�rK�%�\"j��؝�S:a��A�~�Y#�ȁ�j���C��	���8��������W\n,��x~�p�l��9��L��F���ɿ��ñv�Y��&v\n��;�����)���q�I�(8��y���>(�p^�#~����}{��\0 ���5�?�\0��_�?\"�GE�} ܥ0.����E�L�E]�a��}~�Iy�\0�贇p��3&W�̊��8�)\rf�1�b$�w�Ģn�w�<���?�/\"\"!\nᢢ��)�t�25ˋ�a���O�p�g1=��B�/΁�	0���M�(��o��S��\r�A,2a:��9\0x�;���H��Ə���w�\\N��ԟ�\0��?\"����G�����L��\0�{����u<�t󧼜F��#�&�Gg���߱˪�������Lzާ��LSA��y���d}^3,������d�w��B��w����|l�At�����.%�o�?�`��\0?��~(45W�<ˆ\Z�+��i�o[��d�a�(\"\",0�\Z��ن?/�ǰ[T���������6�a./��<��hZ+?��]@�r�~�����	��	�4�^��w�y����4}��B�i� 2����4[�t	�Xo�4\Z��y�(���l\\����x����*����RZ�\0N9�pw��|�%���I���]�O�$�8��H��f�	�#���w~	��@��/D�\'��/4.�K�ˢk�)LAX��aN���8����!�c�1F����\'p�d�%N�-�?�b��|Iz��Z�;���ݾmy���g�2�\'�\"\\V;�?h�#-�M�ǡ/�Āˊ��i�8߷s�<o��\0�n\\��dܵ\n����ab!������{���އ����\\ȟt�9����}������1�G��\r�&���j>ɺ�����*	������}�.�q��lXã����4���,.�[\\�,s�âx�\n�\0l�w�仃sH��<�� �B?�e!ǽ�1����9�s�9���9��!���O���nH��=}>��5^�]�~�t��8ڹ���1VCw�cy�R���A�.�M/-ާ�O�x�y���o	0;�E~���E��Qi<�-e�7�1���q�h-���g�G�a8�\\��~8�S��˧~���ޥwBp)C�x��!������1�zz���c1K1�B�?�X!EΧx.����c��gGǐ��7��rƑ)�ݩx��X��2�/?��\'�\0�)̀���*��D��>��\0x��&C����T�����s�w�s�s��;�:�:��T��bt�\\�>��6����#��<K����b�l?��S\Z�1���SV���!�F1Đ�9��..�$�,_�-�r�?��Vx�����Ŀ���Xƽ�19ư����~k$�~\\��Ӑt�}�����]��}뺶�۾k��黶�Z׷��!�1��].Dه�b�>r`�,Q$2G����)4�pd��A�Đ�RF�!�O��O���g����>7鞙�\"���	xw��L;禎��Zq~G�O.�)�:K����?�gÂn@���xw�\\�L\0��<e�|��0�!7�}�~�Z�:׷�o�k]��������=�g��.���+�!���\0(��� ����\0,Ȑ�3��\0D�(X$�D��9�a��/�����\"*�5��<>\Zn��ߝ@s��pQ���f⮜�� ��\n���������	�t��W\0X`N�Pp�$�bљ��\'��ŏM���]��|c��I��$\0F��0E $F�H�$����@\n�Z�U$��zx�A)T\nH��DR����\0QF�4���S��?8��&͎x`�Iz�P�c�r�,n��E�%��|���]���`)�[�/���u��7F����Ny#,c��w޹��]~�|�{�����Kt�% �H�J�R��h\rJ�RBZ�NoAP�FeP��EmH[4��Am�X2��%c�XJk�TXe������V���V��!c��J)Ҋ�\"B�q\03��k��S{\\��{�8F�9[��y~�����\\�#G��q����S��2��?�	��\0�,0�V%��$�f��P���v��aHGdHC�z�z��}?9��S�C��$z���5���A�tZ��B9��p�P\ZȌ���AT:��5j�ʠ�h\ZC�dPƒ)���Xe�6F��QZS�ED*!?q��� \nG���(O�|Z�I^��Cݔ�K-�wd�θ��o��@��0g?��_i�n��G�\0�yO[�{B��#k���p.�c?����.�.�>�>��1{Hu��@	\"!��L*9�J�H���X���Q����!.�x��~\0%Q�\"$��.5 A @J8OD\ZzX\Z��i�#OD@R��՗߲�r��/�	�7��\"~�ASu:�Ḟov��O�_�g���@\Ze̎�Pe�	��C��N�c��u����A/�b$d��(=X砇��R�1+� 2C���91H�\\}p.�>����Oo�����{ߥ���C�{�G�����]�>z��8x�A8Jda��hHQ���\"��V�)B\" �D4ADX�@����b���;��}�6���|�J�o����\0#f�ѻjr;,[܌S��\n�\\�u}��]��ֻ.�.��$�~�$��(�J�EB)��Hd	QKd����Qb��9���:��o]��]�wu��][umզGSo�.?��m��q}�K��I�&燚̻�G�Vq\"�B*\"E�H)���:UJJR��BRy� <v�y��q��ۗq,�^����&�����?�i�h/��x�K����f�8��a��9��]��9�b�9x�.�:�0*dEQ�BNC�a�\'�C`�9�������z�:W�}��u�U][5��mnMsm�k�\\���4צ�6ͭinM{m�[�ޚ�ֶ���R��]�u�;u�W������.-�RQ�1��t!\0 \"��N��<C`�a�1�w�6a���w��@�x7��#3�?�K�����?Xɿ*㴎���#�0b�w�M�,�߇�8z��)���H@\0��1�]d��⣄ �s�L����ꮿ�ݭm/M{��s]�o���O��t�N��T��9���n�usi�Kݜ���͹i.M{i�K�\\���4����i/msi�k�ܚ�:�J�w�s�s}B��BN��1J�y���K�\"x�A#����(8ΐ�Q�s���Ƒ��3�=��Y,\Z�	s��^�4�\"s*����\Z���C����̳m����	{����\'��.�l�bTȩ��ĚXc $�I�chCh�o��|�B�}t�}�8�\\���sU�]��\\է[}�ևku�����|};��ηõ:ު�>ޚS՜��T5��9V��V�:���S���t��U}��í:Tձ��U}���>V��v;Wե��MS�MݵMߵ��\\����w���<�}Z-�L˸t?�4B%$B\Zh�	��-A0B�S���2F�4 ��l[�臭)�8+����h�_w��o�N|ƙ�Lu��0˸8U\0X�c���\r�߻޹�C�c�v$F���C�(*Ł8�}]�i���]�}�>zǡ!����o]i�S�L�����Z.��R\r�ߜ��ܴ��ˏ�?7ݹj�us��sӝ����\\��:%C�ߩ�S]�ǭ>����SUuM�5M߶}�tm۷m�v}�����Oy}d�8���\0��T�~��=��\0�t��Ah���h8��I�i\0��NL��%������{���s�|��\n�]�0�����*��)�w�c�y|�=J$�\n�BVȄ%�8�N��f��L�}��C4�d��[�꾯���u�\\��z݌}��K�^���t���u��]�|����}�|ջ��ƅƇf���{W���ݭ�n�H�t_�}��M��I�s��:���w~\0�E��8� ґM�\n���ĳ�a~:n��x!��{��↸g���5�����g��n��g<��G�O�	8�o]|1/{8Ą�w���u��͌���8������s�CL	����G��x���Bt�C���i��8v��}k��p��:�-�;7ݵ�/m�\\չ��M��[���.�����#�w<��,>}*r��܅��؅Ѕ���%�Q��|�\\�\'t^[�M��uӴmӶm۷]�v�k����Up�9� F�tJ�T�w�_Ro�PG!��iy�@���{\Z�L<e�+��[�o\'��K)͉E5�i��.0������)�����=.s ��)��hb�~�]mpMp��ѷ�u>��!Bd��@sc�ܥiOUu��õ:VU���uwiݭu��W��.4>v>t!�(N��\0�#��� ��AN\0#/���>��`�죤�܅�{ߧ{ %@�4mӶ]۵]׵�\"�R)�	8�mC�ģ�rLџ�ʤr2�E��_%�NL���#�v`����r~:�oc7�_��M����ݑ����8ј��Of�;�z�ڄU��λ>F\'�C�����1*�\Z������.����w�K�E�y�\\t>z?G�.���ʥZ�>ܪ�:Uͩn�M{iݭUjk\Z��]�>�g�\")�cZ�aF��\"Q�Q\0)}*F� �\0�V:\0�c�4���=7t<��\0��.�|.\r}�J����i0m�F����r��痣\Z��NM�������+�����.�����G_2t��V��&���Bp�!F&�$�$(A�v���j�U}W��v}|���\'��������8��kם��T7�[�v�U}��s�_;�C��	�i\"tQ���� �D���Xs:sN�h$�$}�Erb\"`�@�������p��4��9��+���]�_���>��!ݝs�s}��U��Ę�\'���@�n�ˏ�%fK4�ӣ������R�O>���� (3�{�Cc�S�]�}�	(QkM�0E�\'q$c\'�\r}��[�^���7���R��#p�<�oC����ݱn���V�^��k�v�Ou{�ܭ��:B�e�{A\'�\0�`H�<R\n������	a�U���ߍ ��Z�F��4�BT��sͮ	�wH�!H��c�:皾��Z�M��Νt�t]��.�c���1@ BE8���ȁc�t0�!p���t4mdȊ�j$�_��#��@��q�i�\0\0	�B���!�u18Oi�C�0*$���C�!��7�ծ�u��kn}W�}ݻ·>p`�\0�{�6���1�ߪ��Z�UͱnNm�}��	�2����r@( ��Ȅ�$��aJ�a̾Ж�al\0̄���I�J�D�j�$Ьe��А�b1����w��m>�]��ƹ��ہ�ֹ�y�����\'�̑3��hX\"�$��$D�H�ϛ�L1�т �`�)�̙���/�X�|P����x�a5���s��o��=JPĚX!+��I��5�5�ա�|_������sM�}�.r�#�q��\Z��]��Դ��96���NMw��[��(�@�A�\0*�\n�\")Fb��V0m�I\r��(�0���ZD�G�0���\\�*C���R1ęf���a�5�L:�L\Z�>�޹aO�\\�ejz���<��2}��\r� �e�2!cU3(��(z���T��?�\0\"�>F?�࿷��/���O�\n���������\Z��z�@5��`�h� ^B]뻛k�]s��K�\\��ڵ�wM]��R��D� �37!V��v���M{��cݞ��ܹkj�mP�L:*�dXi&-���(-D�I\nz\"�����6!vr��S��X���	��TvVB+�(1rc��\"0�0N�s��A�9ddT�۾�EB۷]��}j�}��\rk`��;����~�S19��\"̙#\Z��Kf+�y�H]�i���ސ�g��a�G�)3Ll���>\r|����\n�Vb�\r�� H肫]{�k[_���6���vͭ���H�\rB&\n\0=K�í���?�ݱnuw��S�_:_�XG�\"z�H�����F��D\08�)�adg\"҈ [�!�\0��=w�0�:���\Z+f�!��b��!�H��P�&ЄJ�V�5���Fk�Q��0��D���iR:L����\nE�s�IZ�-�\"\"�)QX��y)�w�G\'31Ӂ|��$/�\',��_�@��{�.\r�{��w�f�\\1�1��ֹ�T�=bH�}E�!�8]�k�����7׮����u7��޵!z���%�\0�H�r���S��G۟Zw��Յ*p�c�*VZ��)�\"H��T����(ccFe�A�\n	1i��${f���\0)�	�@H�I�$�D�Q�UXh*4��*�.�ZYSfU�UY��bU���1�h��&R��@(��r,�Q�Q8�()�o���a`�Ԁ��a$D�I�\Z+�{\n�������x�\'&�������1\0Z�FY��k�v�|���b+�x�mt��n}s�K�\\���[���;� \"\nj\"����\"�.\\Zw���[�V���;��܅��*H�ԉ�AyP�t$-dd(x2�Q�!���a8ЧSg�TÈf��< 	�	�G��9�D%ѐ�\n�Fm\n�-�new+�[�ݪxؔ���v��<춏��~��o6��z�^�V��j�Y���r[��X������jm4)�mu���G}� �$�Z\"@��C�����<,�S�N��A����=I����Z��$��&RI�r���f9�i�۶u�֮oBp A��Z�&F�Z�W}s�sW����ڋ��j���GdRH��h�* u,���?��˵�qm^n��q�>^��[P=\ZO&�d\"i&�i�H<N���1\'����a������7�̳b8f\0Ǳ\n\n#03q$ā$h�B�ڨm��+��.����xܮ�������������������~�����v����i�{�������a�{�lv��v�ެ�UQXk��JQ���\n\'�(1���D� HS.ҩ�\Z�Y�ziʛ\\<)@�,�2����?�����;��?��?[x�-�<md���\\8tM�7�o�\"6J4��H�%v�����U�>���u7���[�=�d$�A{$ �,U�M����{���Uwhܥ��C#ԉvh<٠L ä��{��\"�+-�i�ʔ\0�\0fyF8-����\\\n\0��V5�6��԰�j�����i�zޭ�w�O���n��]=m�������������y���v����9��n���=�vO���v��nv��v�Z�VeY�5F+�gC��Y��!��	��t\"���3��R�1k��E�H0\'5����T|�\0�����s�I|�\"I��gPg��\'��Q`FC��ڵ׮>���oo�ob��1�=�@$���mB�v�����;���鏭?w��e�!��	d\"��R�+�$���%>���@Âti�48�-��0-���9�0�R�\r�%(	ךֆ���W�qS>oן��O��������~���<n�O���n��>n7�T�lv���fx��o�9�7��z�Y�׫�:�@QZ�:Ey�3bzD�.��ތD<����<6�\\7�3v�y�\"~������Ϧ@#�;�#y����}?��x��q\'FM`\r��ߺ��k[�������{�H����t:�)\0�Q*��Mw�ڷ[�V�Ǻ?���f�D;�A٨\n�&*;�~�ҨT^:�ĵ�R������IGɆQ�+��ipɘF�1`�Aq4 �Z���}i��Ӧ���|~�~}�}y�}}�}y�y�~�=�6O���v��]�7��z�]����v�ޮW��z���6��f��nv��n��m6��f��l7��z�Y��uj��5Vk��s1$��QWb�&`H�4l��r�����H\\$$���%�}�=��@|�|���yzgp��t�����Z�Q����uU�g���������J\rT��D��R�pn�íy�5)�Om�yn�z0^٨-낕ee��fT@*\r��@������ƥq�l�Ks�I�1�a1ء0z�AK� %��о����iS>oן�ۯ�/ۯ�����/����ۧ��q�گ�ݺܮ�MY��b]��\\��,�e�*�����j�*S�S�eQe��)[k�I�\"\Z�2�`fIX�cV5��\0�*+S *BH�K�y� B��A����F�{\'��V`��O��)!��@�O��(!c�	���\r}ӵ���v͵���{\0V��Q�5*b��ʞ�������uwl���*H�ء�d��QYVFȤ�\'�r��H�����OVݘ��g�����l�8�5U��Yq�-�J�ƨ}aW����[�m��6_���x�|ڭ�����j�.��]zeuiuiTaLitamiLalaMa�Qy!�UB=glCvM܊3mwTL$�X�&7�NS��M7�%��J�r��H��:+{�c���T�o�\0�!n�=�8��db�s}߷�\'�O�����؇���[�����71�(Qh��5���59�6r�µsǺ?�ݡ��;w�F=�j�&(ɤ�.�Un:�i<��К073��x��9��-�z:�>0�B_�h\rl����]a�V����n��_v�<�~y���a��a�y���]?nW��][]j4E+��EF+���Z�R�����i���%�L7@#W��i�C�X\ns4�G܄��,Q ��X�̸d��r<�G2Y�h����t������A3�rdK�,��za�`�\'��5}sk�kW_����:� *M�\ZSXS�Q���o}8��Pwo������ԁv���?7��t?�Z�<qɸa�A�mNe��)�]����]���Q\"1+abA\n�r���M�u���a����_w��`�e���[?oV��bW��Q�DI$�=pD��&��T�I���u}׶]�4U�Tu]�M�4U�5]�u]�4>�NL��GS�$���2�[2�d�\0&����i�\0y>4h��覟 �~6D�o�\0˅7~�<��\\J>���w18�>c���菾u}ݷ���ob�A�\"�V[k��d(\0�o.���Xwi�ylܹ�U���C�I{eb�~äՠ�BSў�?�G�y��\r0y���K���Fe��(��%�\Z؀X��`�pkh_��u�e���q����/�_��/�����y�z\\+�-���R�A!��y�$�HF���O���뺮iںious��[Uߪ�V7u��m״}ۻ.1�2u2	tL�L\"�M��Yl=���,I�e0Q F�Ѐ��4�\r6�(�_a���CH�|P1/+������>FYkŚ�K�oC߸��������De��֠�B��ȷޟ�.�:ujܥ�U�tO&�\rdY�ᡅF���v�k9��	G�l�9=�a։7��.M%��Z���(%�J�֨Ǖ��]�o~y���q��a�e�yZ��Z�6j�� �$\Z� ��q>���C�HD\"�!��kڮj�k]_��R��[u��k�ܚ����s����G�(�	�@Ji��1�k��ڤ��	����d	9E�`��\'Ҳc�6	���4���(�?��?�\0K����$�\0����H�!����uѧE/�V�VB�]�����j�7�u��B�I[c�!cr���y����܇*@�+uu�ڲ��\r+�6\\#�\r�P��hHsP�4���7}��BQ\0\nr�o Z�dE�5�ae?o׿<�����/O�<���O�rW赂�@T�=D��pI�+qS�p`�* -@.r��׺=ߪ��v��N���z;]���m�tM\"F�����B�4i���eQ��bUeQ�EQXk���m�)\nkc�QZ\rо|��Y��g\n�7���28ҹ�Km���O%������,�Y�8�9z���뺶��_��+dc�0��(��C\\�ʵ�wM������d���(�A)Іx�ܹ�ު��ּV͡q���\"O�u)��\0��lD=�`f��\0B��R�(=�Q>s�.4L4d���#*B��\Z� `\\��n5=��y]�����yz��a�e�yZ�;�JXI��!x	^����\0�9�p�̔FRB]�s��9^�o���r=\\n��-IZ\\���vu�Z���90D\0F�Pie��֖	LWeQ�-�-���(lYEY�Ea��q*�NqOJ+��2D\n�0�\\#s�;�)\08/*�n���0�`����7���]�ּˑj{]�w]۷��%�Vb\r\n�pC|�:�����P�h�Z+e4iZG�.�wǺ}���[�zk��	Њ��eY������ƹd��q\Z73V�|Z��(�Y&K�ǎ�G�\\�qA��/���Dl!��k�{K�+�iS~ݯy���q�e�y���l�#�G�8BR��Y^$��)���pk��y;__�����r=\\��9����޷>��]������&Ԩ4)��V�jk�1�M�~Yز,V�r�*�ժ,Kk�1&��1F�4q5)�	ΤI�`h� Ay+J��.�h�DXz���w��d�q�k���\"k��,6x71���.��m��mH�~b��h�Z�>��u��*���՜����Z�6ZiJ1�^����j~\\����˭94�츊Ёv�UD]���L$P�A�Ad�˔9H}��\r��(y9�5f׌�6&�`�.ɴ��G��9�do�ie���y���q�������ie�V�$F\"���!x��3\\��|�f\ZQ�6>����r�~���v�������|}�֧��������38A��ZH��`�����L	�(�֚�(V�r�Ym7��v��n���f�Y�׫U�R���0���ք\n��>\'�2����r�&=�=ld���t5g��?K�o��P|��҅�.NN�����5�C@X��}�w���w�\'d��h1ZEϡu}庛�*��:�>E�V�hT*\"9���s����~?]��oou�c���]D]Fe#��:�Jn^�Z�$m0�S\Zz�Q[&��Ē�V�V��5b儀IX	��^K,��(;�O���]����_���<�>�7�k�5�@V0:	N����P:\'��\"m�XT�I{�6ȥ�_Ϸ?��)�;}?]^���鮝�|�\"x��*yĀĤDe�&d��\Z �D�\'m���(��j�٬6)�7�uQ���պ,WU��m��Y�����6��4��z�W�\"�FZ� �)�*L���\r~|����D�]/���[.��\ncL�pѹ�oۮm��\r�����GQ	��㿯]W{�D�;���5�Q��֨�M���������|{�5�.T[Q=j��FA�G�!��ѥL.@ce=�\0�O{�[9L;�!�`u�����%�\\����Si>�����/���<l?mW��\ZU(�1:�)���!�@8O-&����PB|\\���R?�;�q8}?]^��[�\\ھ�C�c�HUD���\\�3`����;ф�{@N�\"�*��R�c��(�d��\"EJiE\n1_\"��ڟ8�4�0�L�WS-�8p$F/W\\��K�=�P,��\n�?K�_�1-�i��`�L��焘��hP��bp�o��n	�q�6h�h�y���\Z�\Z�Z=�Gऱ`�2F)�I+!r\"u����[��Z�Uͩ�U�VT��a^u�T���rgz>l0E0�A�a�W`���B��\0��)�\0�%�F����u�eS~�o��_���m�/�Z�EV1zb*�E��t({H�FH�6���.�����������x~�T��.�Qz�\0�렂��܇8>:ھ�ۮj��iꦩ�,��4m�6M�{�}�\0J%�>�Z)J�4Z�U�<.EE#c\0A��t�I�PyȀ��ˆ�t�^�b���	�뷿-�V\\�MX8�̍�>���ះ� ���b��y�um۴m��6�\'d��h4\Z�f\Z\Z_���5��:��	Q)�ZY��6��y�6�K׿ު�ۏK�V���W\Z��C�QG�џ>�8X����M>�����\0�<`v	0m�a4�L�t�o4����_w�_�i���)�֬\Z�4��$E?3�\0�,6��$=!�:��ֽ^n��������o������v��[���`@b�YV�IEA�Ї���9�:�tú���Uu�n���z�����z�\\����z��n���۶u�g����ٝ�Zi����(eRb��5�sJi������VD$�!w�N8f��5=8Sa��?�\0d���.�\Zu3)�wa�wd��ֱ_�.O=�6�A��`\r���\0�9v�5�o��b�$z\0&��Zk�\ri-�`���c�����8__o��sU�V��P{��r։�5�\'����𜵊�K�n�wc\0��O͚0����b������Y}�o�����<��]�W�,Jjy3�]��b�3A���e<P��Һí��p�^�����t~�V�������GN3(#JPQ|�>�.�ޅι�sM��M[7�xTuSU���]o�[u��i���s�<�@Oèt��1�q\\�1ZR*aa�w�6}2=����VK�\r�$&�sÂ8\Z�}��?<��݈uӤ��v^CH(g׷��2�K�5XX2\Z���J��y�z���s����@)��r���m��ޟ���V?�~\\o�����D�h�:��H:ĳ�Tp>g��^aQI�`|�_�%�73�D��\\E�|������v�u����|٭Ӟ�Th �AB��%!��`���i�ʈ2^�q�Tw��������������z�5��U.4�{Ɛ��@�4F�@,X�H`�Ir49��\"���|�>�$J��Y�YM(��q�aK��	�IiE\Z���\Z��(��B��A9PHYd]I���5�]�=�Bь|�o!�����_�G?�f>�mJ��A�/\r|�z���l���.Y���3�T����!�1�����:�N8�DDP�V+\Z�Jg���cӾU͏k��R�\\�s��((�*�����*��xK@�\\�l:�����s�%��Y���u�)�8\0G䐺��$�j|(t�?l�>l��֟6�}iVZ\"F/ыw0�&��\"RY��U�@]0/T{>Uݏ��__���v�����r;���w�O2^�I1%;oCڠ2@*[[f�N�Uh��R��X�g�hi�OڣY�;��{�B��K�	@��T�\'c��Jf+�&4+{�YM�겆�{�����Sb���\0w��n뗉��.Vf`��s�k�����8z\"N�Oa�\ZP�(.�.�.�.�����AI/i�*/8{���SۿU�˵�qMS���b��I\"\Z�5�S���f��Y�?�6�$.���kR>A\Z��1s9��H,�7\Z\n��6���_6�<l������0kM\Z�c�8x	IrQ�zD�$��I[2(����ƽ\\�����/���v�q�����|�K3~T��(�ڒ֤LZ�`�m�i�R��ɮIJ�JV�Ze*��ڦ\0,B��,}�w]�|�\\���(������\": $\r-D�(3���K�|z\'�9�K�����5?Y��`����*��<��m�&e�t9���뺦�z��4Z�֠ըI�>�6�6�.����r�X\"���@*\"9���k׿U�˵z�T���P��������l֮&�ĩM�V��6g܁�;%�lɵ������I\"\r�y�`g������v�e���[=��}�ך,��\'�1$ݑG�wL�\nH����j|<7�۵�~������o��۱�n��ﲖQ�|�9�Ae������6*��\0���� �&a���Hb�d2�4�S1�,�bD@�SN�`\ZvBVΣ��3�Fd+�<_\Z�]q��8A���;�꟔@��9����.��8,����H 	���0TZ5F�����	�\r���DB��\"��2�ʟ�����Ǫ}�T�����P��>�Q\\�Q�S��4$>���;*�� ��oV�̈́l�T\\��fe��(�\n��h0ȫ��yZ��u�i]<��Ǖ�\ZU*0\"�#F�1 G�\\2�БT�BeD&�\ZOu��|��x��p��x�q�����c\'�P�\\�P��!$J)�,I�-�L�K&w�㳞�N�LaȓMA��\0P���Ih�h��}�]*�?-��AMD1��P5.z���� g�����P߾�uiV��|7�|�3c?��b,sG#��?�O�����o4�\n]Jk �̣IQ|ǡ	 �*�4��D�6�sǪ}���O�����>u�	҃�d�2�\r+\r��N\n�x>�����!Ǵr�Y	t����DrD�h`�B*����|Z�O��ieJ��j��$p�p H�2Jџ�بH�E�z[ϗ��T�N��0��w�c��6�hڢ1���$A����Q�l9?X#�Teq�j�0J�LR�i��e���u< �ʛ`��2�t梉\0�8+gƳ��4B�s�D�\\�F�Â@���&�b�A�wx����]��K�1������\"�H\n�V�.,)baC|\\|}/�A�Ҥ�&�Q&�k�u�r�^.�����R�r�����N�Q�[���O��k�x��	���˅�ѯ���$^+�\Z|(���~ޔ��⩴�B�(�Ӷ�g?��D��DB\nU��FTm�k�U��t�����S�ǎ�%�^mA�!�\r$���U�����K�^Uf-N��SKH8�ه5_n^%{w\0��Z�uZ�S0\'�<\r��s� �c�,��J%�2\r���z���4\n�,1���g%||���x_q!J��$��}���.E�	��XKi�9��]m�=���\'?��VڀN�j�\\���Z?�~\\n��:��\r�ǡ��=/�U���=��[8~��K�)��-���\"�|(���~ޔ�w�O��4[C+	�r���%ϳ%��IP�6��\"\\;���K��|��x�q��MW��28�Qi�6	��:vY�np�I�>n6�O�� w�g��a���0̅�`J`j�R� �VZk��6��\Zm�R���VD�N�ǖ�\r��>��&��b�=@p�8��>����ߖZ������=̧��t���K6�\\���>E�1h\rY\r�,���b�3�A\"\n&[��c�s��~��q�������(�am�R�j�8F��V�B���y>�_��o0���/\rQ�7�-���}�������[}ݮ>m���g#c����<�Yw-HBiue���]<U�˥�q�}?�~\\�C��\\l���+�ma0M�c�j�@=����x��|~5Hp6�L�?j��L�3TJ)%	�\0�8��UamY�\Z$L�R�D�H;�,8^ϩr���3�\"�3N�4K��ed\"~D~��۷_?8���_��w�D�D����C��J�5d-\Z\r���Eߥ�8 I��J*EZ��U�R�pi��[�������r�OM_��1zԬ�h�֜�TܐNˈ����p��:����T���#$s/!��5D#Q���W��V�Ӷ��-��V�6���l\r����O;H�	Y���t�vE���rm���q��8�^�����H�M!Ƃ)8�f�4�dY��ϙ6�p^�90���A�fjV�P�H���X`a�Q�L)UvUEaQ:�	���$0��d��vyt�L	0�Jq0�J5��������V}���� |\\�{\0�D�1&�uJ\0���e�j2\n\"H��b�c2�Kc���PQ�6>\\��X5?.�ߏ��ۡJU/zT��(�6���D�{�̲y��1ۦ����6A��NE\0!��Z��h0Z+��z����M�.K�3�@6��g��	ў��D�1��P���Sս^n?N��ku��s� =������������8ҙ�Wϊ�Q��2�a6\0�s<6r㋋M&����f�FP�JkWei�QD��PT�Z1Jv���vF%�i�;�R@�m�gG8I	\rx�����\'\0.�����G�8���\0G��U7��)kUi�դ��G����L Di��h�\Z�Hm����U?N�?��?Nחk}j]!g?h�\0*��e���\nwmnJ�w��Ŏe�,�^J塧ha%�%jĕ⍁�����Ӧ��)���C�7�Jd-��0#�9��	J�ys�v؆�Pm�kNu�v��o/��ۭ=w�N�OF�]�6B�cv\\�-�d>D*�i�5�� ��).S��J?6E!Z���Z��H�V�(\"�t�1�|\0�X�<�PA�x�Z\r���F��r�4�?3-�f&N�?�p��Ā�����]�R��G�?�V�6\Z	����K��$f�dz��҆��#)�R9�����������Pw7=�t�[!3`�Ԁ�Is|�27i����34�Mn���ۮ%X�ŵ��R=����>o��M�PꍡEK��b@�����6֤4fu:��DT=c�\'�O�r�~�o���Tw��ʰ.@`,(3���6:��l^2�n����C�n&\"s��y\n�\0b���,����х1Fk�Uata��D���\"�هo^WNR鐌�9	T��{��N�L�Չs8V|�^Lz&4�t��T��}�\Z��C�b����;�e�j��H��ª�*C0?�)\"2ArE��Q3�hB�����~8�q8�8�U{�|$�S�)@�����8f���\\����̉�7��0n�ܼR�3|��BX)�Yz\\駵}�ϛ,g�\"�{J(�0�Ƞ�1KZHGR�t\0ꅚ��Og��~��Ǻ����Ȋ.@Y����<<	3��R�%�7o���L���r:��\0g?�P7D��J�V+ktJ�UQ�k�\"����q#G\"2KB�	��H��p�d�I�r��.��3yJ���Y����ϣ_`���5��CL�o���\rL_V\n�Fk�hT������EH����QI�C	*/�$�U�r��q8?^�n͹su\'�ڠ-P[Pz��&�?�@n�������+��L7@����a��9j�F�M_\r�~�����y]<��Pk�D�A��?=g4�AS����=P�P�xn����8W�Ϸ��]��xH����<�L�!>q��\\\0�&P\Z�L�Ip�q������Ex�JK�O%��0���je�*�ޔ�zUFi�B\0jtN�9�:7i1rJ\0fȦ{#.@$���l�/����h8�#�O���-�s\"Bj?&Xv�M���O������D��Y��� \n{�N؃H5\0d6�$��\"P�ֻS�n���%�|OuW���`,��\")����>��SOF\n��J��\02��tt\r�/�L�o�Pt���R����������im��^k(P�D��G$<\Z��kN\0-��G��>�[wH����Ǽ��]�i�I�B���d�7<Y�I�~��,�2�s�\rA<�`�7�\Z�n7���(B�(U��5I����*J6~��I��.6�q�j-F	~@��ĂK7� 4�<u�����w��\\�߾����?��ɺ:\'�ry��٠��%\"1\n�&kP+P( Q8{?R�G��)/��pn��[�r�~?]��.o��һ.�\'�J���-*\r�d�.�<�J��)�c��ġu��~B,$��5-��/p :�yc?�V���C�׆JbQ�ǔ\0ip������W:�b��\rr���j_���K��R�^�s�r����)H@Z�+��d�/�)�{q���\0�IQ8&\0/x����/c�2lvq4CS�0q�ׅݮ׻�j]�Qh)�/š����b�8D�,�N�D	e�t���\n�*s��?s���	�UngD�w0Ad��]�{z���Q�&���W�HH\"H��A$&�Ȥ�@�����G�u�P�?���ˏ���R�����Xi�u�x�M������Ӡ+W32kr�n�f\"W�j8��QK��m<��q��7ŧm�[C����S�	�C��k�	H�2�+�S����t����R�]�C՞[Wy�EE2��\Zڤ����������\"ȯ�̪�����g��9�`��D�t ���j]��n�Z��dh��Qb�[�Q5��r�~�Vx�ȞLAn��[�~8�S˱�����g S���q�)��?�\\�XM��6�2�?&�\"DU���ڠ2��Z�u��|��p��x~�܎u[��g�J\'����-�캞���>os�.�u\0-6*3�<z%��?	ĵ���Ǖy��k��.v�*�	Fy�Q2�gj�Q�2��h�����?ܚ��˥z��K���ʊ)є�S�N\Zѭ���g����Ѩo7��w���$�!�qFUI7	�!hB��	��MY�6��f���H#����L�Y�E��� �;m�p(��qn;p�\\.��>����۷;`�y�O/��v!�( �����u���c\0�\n�\Z�*LY�%�8�D�/�=�Ze,*���n����_ߎߏ�C�\\;�F�D0�Ѱ8�6ej�hؙ$��k��iFx$�>��M#�d�$c~��y,�Ӧx������*�|R���\'bHF��e����\"$�<������\'1%�m���\'��FT ��G5ߙu�8ڜ�˳���0.�^����wɃ�*!ꄜ@P VӦ���z�^��)��\nS0���Đ{��\"<���QP�0+����(M�׫���	�q�/Ga2��[�!E��߻��\\�Gtai��0E\Z}qX����,6���(S\0)��ݹn_���ߎ;����k|t����L�T�Y\'�e�$m4�uF��uD2_L�� �m�I� 1}�Ť�\0;����iS<��}��h�4���%#�:c�	P�ڏ������֟���Z�\\�c�^��t�ʂ)���O@7���EY��0S>_Ǚ����o\\s���u�E�8\\�t^O��˶y��W�EcM�.�n�ڮV�Ү�.Lڈ�bI(Ip=&w�����\\����H)=��L[�?�s}�\02gw\0����$�q0MKџX/��B���D\ZM�Q��V+8�iQ3*�!�R�X�ml|�������x�������Z�z�Ƒ䡇��(�0��\\v\'\nɋ�9ld�|�q���R6��`�H��AA0�%�Fî��R���ae��J���1���g��Ł����P�<`��uǪ;ܚ�[s���ε!!=-\'����= \ZpB�NV�2��\r0�H�?���31���+.u^gX��xI�c����Y#�\n�[�w�զ��®�)�R�vF���EzN�0#����%΁1�FRͽj��������ˤ,1�p�|τ_3;G8�`?�{�P�\"�Ta���(Ĕ\0��?#K2�_�y��u��z�q<�q8��v�q���	P�2��(\rJ1#1�tSg�S���Ѥz���;���J�?W��LL�T�\nCr�Kƽ�D�q�eg�ԏk���B�4��Š8�\ZV����y��un�?V��~�5��=7���	EeX�M$Ũ\"��d(�$�t�K@rm�\\x/��3�&��Fl;�G��i1>1�r�D�~j@��pe�n�ڮW��H9PX�(�eᐔ��%�L�Y��%���z\'�2����&x�	��F��k\\zυL�i�5���N�b(����PSv���*v�я�����H]��q:��v��p�q��^�k� +fs�a��K �o8��&*�|$�2�tv���\"[��HaJ�4��dc��Ok�i�[���՝�����H�I�QA@u1�o���Zn���.��B�em����c�c3�s�ٴ,wLK\\r:\"˲8��d�M����C�r2rJ\0dֈkkv��n�ޮ�MYnʢ��\r���D�B��ꆡ���@D�h��&��3,�V�\'�\\ee�\'�w\0�`qd��HzL��\\�^bCd��FMF��ē��q��\0)c�*P\Z}Vmw�\\�x;��zx9�_�ե��	�Ec��g/��.ԙ��5Z:.�|��2��-nc\\%��0#DVTr�P���qe���qeVvW��\"���$+�\Z¹��ޗ����z�6�-����������:H\'H�.�$��bʆ��Q&>d6^\"�OD�����pe<��4��Xp�۪�\\D�y��5!�#2�ua���n�ڮ�ݺܬ���Z%V�a�>%�@��}�>��?Y��Q��)���#�	�7�� ��wN�r�(��?�D\r��cRH��G$2!E���(�H+P���/��i��R�(c��1W�;������_�~=���禫}tL����8T��y&���4��-6ef�>E;N��a�3�� 7�V�(9-�H*W���)>mʧ��z�U�Ĥ1GN�������\'ä=�.b���Ǻ�5o����Ub9\"��	��H��\'ȋ�Q��g�#hg�q����b�1�,EE�~O�\0~��&�8H$aC�.�n�ڭ�ݺLi��ƨ�6�Ȧ !�s���0M�)��)���:#$2�)���L�f	�P6yǧ�{�E�!y���8����B�FYk�QF�\"@L�f�9\"	�ꍲ�	����~;_���������p�o��B��d�hbJK������_�V�n~�Xu� �8��\\�Ax<S	��?���h��\n�V=���M�iS>��Ψ�B�%�P��;D���I����@�l���pjܱ�ު�j/����HQi��ES�6���e6�)7qʆ�<I�`�,q�.C�\n�8z,}��i�@2��#3�X�Ua�ٿ[�v��nU�\nk�R4�Z-���P��{�4\'&�\"�F-�V�3��I��6ʣ��w�b��,�fѻާ��C��Y�k��Z�B@�A�+M}!K�i���|�[�.���������r��&�G�I�Lη�8�;�~����\'��̿�(�$�>7XWA!�DdO�R�ƨ��<��/��Ӻ�f�U�b ;�\"3��}�	��uDㅺ���5�\'C˛��`P:j��^�&i��1�qMmդ����l<p	�N��?��3q��)�\0��Db6+c�e�[���r�Y�׫ua�R�o��H�E�g׹���ǡ�v�2}��iz�A�U�o��G��U��OsР�7�W���z���wNbDEd�*�)k�֊FQ�9�H�4���NU����p�~8�]�׮�\"�Y�X�p����ˆݤ�W�0�K��G`6\'�}��@���\0�䍡Q���v��.���V���8Y�$�c -J3j�E��\\Z�GC���B���ڊ�`,Z�ZK��N?r����{�m�ٓ;�{��\"��Q3$L�\'�@��\r`��5�ʚMYlW�n�zخ����,�Vj&��eS�B\0���;�yP�NV���3k��y�x>O��,�#>�Ljns��;�,��������0+\0��h]�(�5Z��!y���uC\"PZ���v��r����������r����������0�#y���j���sC���.��ƴ\Z]\Z�${-�T���i]|ڔ�7�ϛ�SYl�.\r����(��M�\0Φ,qP�L��k�M�V�oU�-�(P�Fl�\0cPU^�Ηs�K���&�#΄\\\'r���gQ��Cx��ְy��I�`��� �Fo�\"5\0���vJ�T�4��	�}�;�u���QR@HYut�i\0�Ik�u����|p�tƏ1㡉���pړ��0�1���w���ށ�\"4J[���$�@���HV��0D�J�^蘯m�r:���������r�V��kG�`�=M~��??����/����t?_��Mb0Wj�P�V���qc�4ϛ�����z��*\n�Vd�GL	��\\F\'��3\n��mXi/�\rps|n���ߪ��$�/w@>���T�$q+��E+�;:e8J9�5]d��y!K)ٻ��� �ß�T�i44�k��JdZ��)���ܭW����v�YV\'Vc暥tbÀ�� A&�Q�TÒ7��*���������;��Qk^\0.������R��}����(���\0J6�\Z��g�jJ�_&��s���~8���������z����^@�]�a��3��Mzq�޳�����lq����z���(\nD���@,I�V=m�����^>�v�U�I�y.�3��p�CJ\n���<�[l�Cݾ5ݩu7[@G:?�\0k�t-�r&�Ҡ\ng�ٯO>��,�-/���qɇʯZg�8�O6]iXC��i\Z\rAi����u�߬�v���f�*�R����c�),)��yc�l-Lj�]M���z��;ɲ�Y�_�����w�w�\ry!9�\'ݟ�}��o4�?�(k�6�T�P#\n(Bc�Z�:\"t!ܺ�p��������ߏ�cU�:�E@�\r��J��v[wn|�g���.�q�Ͱ�EZ�^%K`\0\Z��\n���x��4����ͧ��iU�^Z�C@� ^ǵ$\n�Ңl@�2\\�p��Cݽ�ݩ�/�7�4�BLE��@e�&)�8�r��H��W8p/(.����EKo�E[�wہ�6:C\"��(�t�}�	VFmWEj\0�����f�Jb)��R�!?����S�:���V��M �DZgoV�h�M����o�Ciĩ z�2M9S�{�w�;��o���hcRW������\n�e�h�X�?W��������/o?N�s�6>8����~��W\Z���6�\npN��Ri)�<X��E�ǽ�D��R�+����[�m?m��ni�c���71�!�g)AŤ��U9��[ս�ݱ�Ν�wBA[���L�<0\"KR��ΑȻ���>��%n�XKLy4_���\Z.��ф�?�AX�]�u��]=�7���vU�8\0H1��Y�\\D��	_�C�!��%U\Zk�T�v �1�\Zk�!R��θ d�yD��\0��1-�S��Y)��SY+mH�IHA���MүƠ�B�m�����x���폷���r�>r\0b� Y��γ��2_\\=�9sM����hb����8#���W2�f\r�$(x�dk�Ci�6�����n�*wF�����g �F�$@8kH��_G�u�xs���/U��t�>�����Bl!�ȋ?\"��A�M5�&L9��T��}��;��q 2-?rS�J���6�GC��zS��z��]?�O��ve�B�8�bӖ�@ ��z�����\\�>�(�����ErXI\'�16	N�@����>q6�&y��N�w&{s\0x^\0���.x���0���*��U�|j��&2����s�������p������x��j�\0�b\Z���`����ILt=�;�ˈ�X�j�V��u�T�:�3�o\\kܗ�yS~ڬ>�6ϛ�cY�Y#�H�ē�Ӱ�G L�/y�{�&ȹ�u�R���]]l����b��Ti������X�8}�u�Ձ�:}��t}�wT��Ǘ	=4b\\d��aʛ`XY�]���xܬ��O�Ͷ,\n�$<�ˆ\'!	@��޹�\\�����֖EY*���hP��IHt�giE@�뷿�iH�x@��Z��$�>�޻>F�E+*\nm�6&�0XP3�	�JfwF��צ}�\\���8�/��j�\"b\Z}b�W2x�\n�vs#���4H�[��}�3�fPW��$����l��N����f��.w֔��y��t@|��J�oD�5�.[�Zu�Uw�|�G�������t�k�a2���$E�n�9�]������6`� �rr��̓ix��r%��*�#�*X[�-�æ|خ�6ϩ TC`F9gs<�P�z�ﺾ��X)]���\\)�!����IB�IUp���]�7+�~|����0_�O�ǭw��z��}罋!�DBц\n��\"Ub��:�>_����R�\r�\\W?���޾/���r��]9���ܐTR�����_��\"������v7���(E�dlj$\Z��Z�Ci?mV_v�O���f�/�Fk�\"c)22���\Z�� �f<�6b���Ǧ��������ʤ����Y�*�_�	BN�&?3������޻�2.�n�LV�\Z����L$Yp�� �dB���w��a�zڮ>��ϻ�����$�D���Y^Ӥ1��M�u]bTڔ�\\��2�$�+�N��Aw֗��rJ��}�u���p��1��\"N�W]�y�G���U�(���6P�	1Q\0p1V}�v������������|���\0h��~TB\r���6�E���*�40}��Gp��5�0&ƣ�9�e�`g�Ӻ���|�o������\"4����?��\\V�Q�0*�@՞/�?4ݡ�Mn�-�ͺ�$o���A�s27J�Y�s��)���ʜ�u\'�ԧ��Y��%��W����^cPC\rI�Ă`S��u��]=�֟�ۧ�z[Z�\0�̄��\0 Dv.��w}߶]�v>D�M�Z��Ji3X�Qv ���RiS6\'8�w\r�7�r~>�=Z�t��gf�]�u]�z���Z��B�6��Bٔ\0#��\"��\\{w������/y�q:o�K۶! 0��E���,Ⱥ��6���(���\\M�N���2e8��J\"VV�J����U�i������<�W�¬\Z�b�G�e^GZx#*J�ґL@�	��p����=�ݱ��\r���n[�2���8s(�Yt9�/fi��m�o�{�7����g9���4c�C�_�̺�`Y8�����X(��q�z�m�w�O���n�)�A � \'�nI��y������nr�Z�W�����a$�g� ��RjX��=�1�A����;p�������\nX�9z纮��6�+�Dk�V�)\n����Cd�(� ҅pk�����x����ﯯ��˹�������%cA)@%�r�옵\Zp�Q:-ȼ�<|��\\iRv�1>\'a�)���`8��@o�y���[y�~�mV��(��E�c��(B(4�N�4���#逺�z߷�y�6������Ћ�d���Q:��3�Y����i�%�ef�5_�����w��0p	|/�;��%LN:��V�J�ne������y�yޯ7�К\0�H���2�\"b�{�u]�vU�6MB�Ʈכr�ɫ���\nӒ̘��u��ǽ����[u�����|��\n��R�5��U�&��(���B$b\"����Rׇ������������z�v]�Rh��S	Ҩp57��h�wH�%�|&�Of���m����j�҃��_a��O������n�YmKS*2 *���1�Iq+�˔<���dn)���x���k�V���W�[��o`,h+��w�7����;K�\r4�1��/K��{�����Ա���-�&�|`*#!ja��2�a]<﷟�ϻ��n���+�42���1�	�\"T�C軾iۺ��n�.D6�X����FK3���#����X�4\"��Ή��۷�`�XU~ ����C�pm���&c�e,i�I�A \nr�\0&�$��b���p�������^���{�#�(��� �0�F@��<�o��&�w��3��L�=��H\0�P@1\'�#l�W;�������~�y�yޮV��hK���91��eݚ�m0u�L��(Wέ;���9TݵM�t�yӅ��q=����Ym\r�Y\"3��;\n8�G�7B�_�;��wA\"c�$�\Z;�\nI�5�&�$�\n� \n7�~ܬ>?n�<�w�M�+M�IC��a����8�.�MW�MS7uݶm�Q�-���z�1� ���|(��)��J錳���\0C	��ӈ�o1����뻾u���	A2ViCƠ�ɔ1���,P����R5o�ˏ��������z�\\���\n���:���/,��s3�!�e��>�| �Cf\\N�EP\"�Yq�p����P�O��ׇ�ׇ��v��.7�.5�������On�1M��T$�*ϭ���$�{9��eEY����ysp,��?���Q�2Q�����G�pG����s|��p���@��l�c4F�Q���]a�v���Ϗ����aSl�**������\0Q�&�E�w��۪j��i��3آ�lv���؂�^�0P��\r�?�v���c�94�C!+�����[�;�@\n�Q�k5\Z�$��\0�Z6��#H���V��?�����|�\\o]�33)Q\nuN\0��ɻ_��$����i\"w��8��g���H�u��+D���\'�т��LB=l�>�췏�ծ0+�,��H��?�>Ga��S�/�6ʥ���;TݡjOM�|��N\n�V�����ܷl�+L��#�r�/`|I����\"�\'��K��<��YN��6*� ���µ���>�6_w�wO�ծ4+C�8J�G>���=�t����z���i���^\0�b���6�����i\Z�)�,ɕ���G���g	p�	\\΍GJu~�	�[s�KT\nr�oP�ɄS�	g��Ds���������r<��ϩ�	\0�ҷH���w6�!\\��%�$�!w�ܴ\\7��+���z�4�!���\"o4=��i]~�o�>�?�7�b��%ѐv^�i�.^��ǅi�AĤ�P�T�����Z�����K\')y�BFP�j���=�!և��8����T�h<Aq�#pǦyo���+Wd��\Z��9(��P��z��ϻ�������a]n]*0��Qb�Â4�4D��������F@�GD*��v��nw�(��I3}��*����XRj$�~lv�~��\r?0A\Z��sn%B�t��A�]\Z)��*[(m�(P\nX$F�1�@���N������������KӶ>D$4�Aep�w�7pT枚���͇pn@��\"\"	��x��{�t�P#^q(	v�~\\�v�/�/��O�Ͷ4����M�Ǥs8\\I��$��\"�ߛ����q�^.��qU;&�g�%hd$��v?˯�D칵��\"Ьdb�e�~���.��?���s�g¨W��)���C���V��<��O�������a]���J9&�\0L�/�4iCJ3C�v���|����\\�I�V���a���Jk�H�T|�R��4�h���\r\0K��i�6�N)��9�}���Cp ���*�Q��D�,A�R� D�>�[۾������.���V�]#+�ƒ1�d�nÅ��{����oG��F�a\n4H�P�J�8��ĵ�����]}�m>?l�<l����hLI�C�K�o�����T���H��	rm���~�^���M\0:�aU�.R�/�Dh�b�X]CC3V6\0wM���9ظT\Z1\"KS�R\Z?���b�7f:�)����l�6 ��m����y������{�ove�Ҩ��D�(1��0��HZ)��#Kݴ���t�ܪ��]�B���f��n�e��ڒ2�\n�i���V��GlD���\0>ԕŇXF@��	��(���(����)��H��A\"�̭s��y9������p�\\/M�8�DD)���|~�}vˏ�0u�ZS\0�\\��i|jR�ǚ� �q��!��¤��������y�yX�B�L.8����pt�IxvA$��90vA����\\}?WoUW��@e���B�2�J@	�[�У���u��56\0(3�;� ����[O¹\0�MZ�8ۛ��<�E����k�Vŧ���~�y����{ڬ7�.�01Gf�A�O!*RI�(��=χ�9%@d �W��n����rm�%҈J8�,+RF[c��\Z��?���R��^x�_0���p��{�������*\nU�*\ZN��\'\"��(��!Tmw�U��y�~8oխ��\"\0(�F�J>?0��\'/N��%��\"��0YWs\0��]�s�g�CP5Ădm�q]|�o�<�<l?�7��rcMA�xP��H�4����D��*��e�}����{�6?.ՏK}��&{{��!+��@n�Ǿ���_��<�9�s\'�lF?xj�`)<Xcȴt�s�,�?W�%2��4�� ��]a�7����������a]��6	���U|(鼣2��G�U����v8ݪ�s>\n(eW��~���=��Zk�v�̒��*c\nk\n��R*�\0>R���\0x�!������	�Bp=�M�U�(M�(���2	�|���k�.�?��~}�~<��:��&�H߃������R*�D�<c͓|��w��\\Ϝh�%�8�Z�%Yڕ�y���������}ڮv�]i2��=��fr�C��`uA��/u�ԯ���Z���K;��0)�\Z�-�xd��0��3���|t\Z��R�Gkd\"�ߞ�L�a�W�iј�;��\\�,T�u���#Ũ$Z�am�Ci?�6�<�>�?�6�����R�!a�(�� \n*HVW���r�^���㵪{Hk��������H%�4L���A���(l��Q��\\և�E	��f���\"�!x�%�c�l4V[�A��Qg.9\nbc���z;_�x;����r:]��\r!\00(5L?Q\0Xf��^p��y�1)��?�V@c115�2��q0�+M��<n�O���������n�_k�\n-���J��tQqrN\"Ҡ4(àc��í}��o����N��<;ԢK0%����4K\0X��-�[�}j��B�s6,���/�C���A*5}KbI���I|h���.�8�4�e�i_��u��a��������v�+li(��\"ˠFHz��SQ����r�����v�U�Pi[l�����n�_�+�M�`O	�Q��Xk��I�f��6�?��C��޻]�>y�C�U��O� qT&BR��b�.�[�.ח�鏷��_�^��~N:gJ�֐��w�ĕ��\r@@*[�fw��Ҥ�v��CJ\0����aS~�o�<�>�_ۦЖ@K$����4��9�P��2j��8>7��z9�^oͱ�/.����l):�?JP�|���8r�LS��fQ&��|�;������9��KcZ�e�����\"d�\"\r�F@��P��\n��\r�~\\��v믏�_����b��?Ӣ@�K,$�+Mڢ���]�U����/�/�cU�!2jS��v�����r����\0=�&����\"�c~�O �A�<�a�B�|�K��b%ܬ�6���$�P��:w���������������Z�΋p\Zzj�J�h�\0y�?�E2~��F�6��r�k�o\"���~�>!w����|}�I��~�_�&9O�����Ll�3�C��� �Eu^��?V�K2v��K��uT&�\\\rG��c��2@�ʞ1�g�8ۀ��e��O�%2e��jDU�� �Y�f���Ȝ&���p(�7�x��C�vϻ��0�b����c���!mQF噛�]���p����v8Vm���j���w�}Y��2D\n�\r \"������*c��4K��N�7�Ǟi!˜w����q� �H���(��q���٢H) �E�?^o?N��������t�U��)_�\Z ���;��ɍ砰�:�Y��p�nʝ���%(�\Z�l�zܬ�<�>=|y�}z�>mV����N�Q7n�,i�ݛFS���t�օsݿ]�����Z��湓��S�)�ds_�!��g���*cҔ�g�>������w��sҤĬV�^�c4���G��D��+���eƁ	�3w\"��k�D����͗������~�.�fďDIrf$R�4)CƂ2Q���ִ����p���v8���g\0cm�Zow�����n_���K�Dim�<�*[<,tQghл`�`�)\r2xNv�v�r��g��@��ֵo�ˏ������xz�\\�u��Ȥ������L�셬��?Q���s��4%J2o	��V�0\rlֆ����~�����������z�*VV�Y��GHZ]ZȀ��K�։�]<���ּ^�K��̽�����J\r\0	��}��R+7�S!���q\'�$F�d[$<n�\ne�������5�9�p�kD	!ߟ1��uVb	�U�P�D���|�m>�7�=W�a�(8H���\0F�Q[Qڳ�]�Vo�������p:_���-��j�������(WF[EQ� ���\Zc��i�>�hQ�F����(���c��;�w1�@+���t/e^�����G�6����������r:nյ��hM6�( �2J_MF�86d7�IoY����y\08��d�7�\\U�9��V��xޭ�<>�������y�ٯ�Ma\n�4J��`908F��5�{�K�ED�F����ּ^��k�z�uw�1I�)X��u�D�ݭQ����9p�/{��8\Z��\'�~������r�K����P���D%�QX#\\e�^R\"*F\nAũ��*|(̧u�y����|�o?��ϛ���nlZ�f��D��i>J\'�>ʵn^O�������v<_o��tQ���f������nU���JB�A��Qm���h��H\0ߣ��@��J��av��}�]N\0V�o\0��@b�2#@Jsk\n]�N�����z����v��1d�䑑p`�{n����̟h�����g����\'oS�J��\'��`[�����~����������f�-�J+C�&E�L�qi�M$QU��e#Y\'T�x���K��|{�Շ������HEc%�*Ӿ&��9pK�&?×0�K��e&�M2�2\n4?�Q\0:��so�8���Pj��!e��*�fo�[�k���ϛ��v�e�����Ci7V\nt\Z�s�Sr���!�	�\Z���������z8N�[���6�j��`�*�֖Z[B���10f<\\FC(�?}�Z�.�\"��(sLF`��b�V����\\\n�\01\"x���Su�q8�����t>V�����B�b��dϥ��JsU�a�J��|@E-��[I\n�q��^k��^}�o�<�<�<>|����rm�%�wE~NZ���5) ��@]2\'�z����Z�8]_ηC՜����%%�ң��p�.��s������ٹb�|C&�R�|�F�nZEF!�D��x\ZfP:88i��F0Y�:��\r+\\@\\�z^_v�_�_������f�_eسI�H�\'E:q_\r(QuQ�m�z�|=�x;��/	����j��l���~��m��rU��K�b`�B�����Zm���1���m	��E0G�]ߵ}��E)0Z\r7@z�\" gHJ�c���x��8�x;�].���]���BY���, ��Q�m��31GK��y͌\r<��{X7��e�h[ا����×��/��w��ͦ���$j�n��[��LJT�2%�2���Zw��/������r;5]�cH�1��$�sR�E7��S\r3W^�y��+����A���Ɋ#�=R�QhZ�\n�*Li��du��r���$��T4j#QsPѫ�Mb��&�\Zz(͗��/��_�v_��v�u�)L�C�$ܛH��(m�-�-��H��p���R};����r8�.�[Ӹ��r��7�n��n��պ,W�X\"Bt��.\"�1���N&H>�����]צ(���!��hB��R���؅Pu��v�~8�8ޮ�k�5!z@!�ƒ�0D���մ�쉧��p�s���R�<�7x�V�j�@�#�@4�!\\��.?���<?|y�~�=���7��8&�갖����2%��1V�?�ڷ���t�q��ݪk�:�@��fmD�A���g�2�9r���^xD?Ni���W���r� �R����ua7�]YSje\r�I3J�A	k\rbP���Z��^�7\n�5�F��о�ϛ����/ϻ_w�v��u�+m�|q��sc��Hi��������h�3�:w��/��o��o����Z5M�R�E�Z�7��v������:%�-U��w���E���6h�a�w$\0��D�ٻ��[�w1zV$�	֔o\0�i\n�~?�ql�����z�q<~?��ۭw]ĤјQ�5��&t[2c���M82l%��4��,��u�35%/R%%\0�@\rB�}�믏y~����i�}ܮ�eQj���ḃ�Pk�rZ�(	����x��õz��^�����X��0*�*	\\+�JA8nne�ñ�]:\'�92�MOM��m����(�Nh���R�uaօY]h*-�AɈ@�ؒ(�@(P,��h�R�F��Ҿ��y�������������n\nSh2(�?���4�QƢ2���1T�;�����������t>]���\\�`�Z����v���6��z�Y����ʻط�s�PYSآ4��>�r�o���\'F�w�����}�5��8�H��h4��JF`�%�M �t!��]���r��u���! �J��:��y����{a߹|��36���X&����\0��\n�b��p�ծ(R����ǿ|z�����V[D\Z��a�]<��|V#)QFP�u珷��|}�\\߮�C]_����X)V�G��Q���OXyGR����{o�i��Y�\'I�lt\0����ƕ��B��ZiZi*�@��%J�R\"�(+��d�\\J,$�����~\\��/?��_������v�/�ڐ%P ����\\�Yݟ�In�Ru�xk�/;��v�q<.�[�v�GH��EY��j��n���n�ٮW��*\'�s�k�w�HY[)��+d�]�R,}�\0����8�s}���\r\0Z��h4qt\0\0�\0IDAT�d�-,!\'\0�.���NU�v�|?�^N�S]�>8��*���q������Z�1L&��P�2X1F�,I�w�2\n	(���\Z����է�����_��������q���TdP0�b>���j��$�N����kݽ]n/����z��K����\"���b�8�ď�\Z��dh=E�����N� �B�J��v�����\nY�h��I\n�+��6%�Z��j��D.�K�e�R\"�H�\n�\n��+�5�FC��ږ�w�/�������+M�����/�_ )$���I�6����q��������};�]�צi��Q0)�X[�E�Z�6��n��n���zU�\nS(� )[�EY\Z�W8Zf �q!Է�~�S��:��]��}�\\��?���M�#��D�\\n*\0V��;��t���*HZl��v?�o�ɪ�s�˩\'�I ҅��Z�C\0��裰)�@��ҵ�K�9�v����m�۞.�η ����H�D��ޠ��dԾ�7Bb1jV\"��\r{�(�\0�ٍ�\nQ&vY����b��\\<.f����(��$�7\0�}K%�?��Ǻ�Oo���f���oΗCӞ�o	���z�+ J���ܽ�#��a��\rzYL����\'\nQop�ZĲĹGPH�� q�c�D�D�E�d�E�0�G~* �J��Z�ZZd\n����L/�dY��2]U٪��EZ$:Q������PS�WL��`��s;����?��?�ׯ���t9����\0\n9�\0kS��YVE��Y�gIfMK��s�Bc��J��Tl	�e�̤a���zB�\0���C�)HI��_	jvAR�¹mw������ۿmv���r���@xT9�6J�{�����SG6ݐ�0�\Z^���&+[��V%C���g����r�?-���\"�2�5�!t��F\rc�]\n�Q��tn��T�����e�}���˱�jOb��M�hk�@%����Q�O���=�b��q0f�g3�$���ER@�$\'�	�D�u\n�Ő�R	������Ta�$��\\�Ҫ21Ub�TW��23ϓy�΋d�\'�<�eI���*��¨,���{�R	�A(*�� ;�|�ns��m�������z��;lO��s��v*)�RJ)m�I�ͳ�*�2/�,˒�K ���n�B(��1Id�F��pģ����R����ඦ�	B���$�S���|p�AH�J8�S�lO����ۿmw���Rמ:^��7��N������/6��8�i�(�����0x4�O�����q�x��WEQ%I\"�$�#��;��gK�t!��B��t�����}wx^o^����qW7g\ZB\'D�\n�f�/\n�;�(%�����HܲB)1�G���Hm�}��S-v_�H\'/}\"��4����I�$��[�\r�V�N�3,�Tb�UaT�endaTauiuau��*MfY2˓Y�΋l^f�2���H���ɭN�2%��~2#��J��Si���� ;��ӱq�s��=��������޽��S}�\\K��?�������\"˪�,��H�,�7��|[w���v��8��#��(F$}\r�����yt]CC	$@)T\n�\0 B�P�R:�S�l����cx��և���Ԟ\\J�t	82�qdX_\r}� \\)�ԋ�������;r�dsk�Yz7�}�[}�[=,�wU9ϲ�h��ޅ�%�����	���(�I��=�������e�}����ӱuu�N/)N9P(�ܕ+9(&��h��=������@��_ǖAb�ܯ^�h\r���F?��Z�o�\'�2���s�r-�\n�s�2#s��Ԗ��l��HgeVY�\'ybR���VZ\n{�E�� �Ae@�ҁh�]86��\\�O��ݟ���[�B��Bi�2���PRj�c�<��rV�y,��D�ж�;bK��F)�J�U\']��N�A � ���u�����~ AI��|�� H%����X����}����?v���t��&�:MBr]�T�s\Z�~\Z�?#$h�]E��9��+�L�Y�,��a1�v�z�[��f�<+�*\r�\\\\�#�\Z�\0yn/A� d���\\��/���v����O���rBeHj`��P�z�KT�q�6�D�\"�ρ��l520�qҞ��-�rG�T�L�LɌ�1Ә)JdHd�2X��`eH�RI��T��\'��HHZ	V�h�H�L�N�J�άI�Xm�4Jj�Z\n��T#�EB@��U҃l\\�p��ݹ�����v���=ovo���Ҝ�Pz� 5j#�FΘF�(��F���2�geYU��\r`%*ׅ�u,���hc��\\9�1�����!y���?���o;�h(t�A IA*�X\0�߅��%J�(�/����}�{��?��-K��B��$\nց�����;�y{a\"�*�I8C�~M�BQ!�󂂕�L�EQ��gO������rY��V�\"�(Z����ÞL!PH�]�P��u��?<l~�o^6���iW7\':!�2`�x������Dgh��V@H��71	|@�qP���v+(��\ZQYZUZ5K�,1��TVWVϬ��,�(�_\"7�i��W*)�J�\"�\n�\"zz��k���/%ƒO��@�/z1�q�^�*J�ҁl�\Z�=����������>o�/���񲯻����*(ÔY!5�c��\r�Sk�\"��լ,����,�7��\Z�~h��Q�0~���O��Iك7�!7\"��m���&���lE�� ��� I%QɎ��|���^����as8�ΗK�[� I\rB#�z�Y?`\r�)O��\\�����2��ߧ6�*�X��a��<������U��y�()����uI��a���B��\\Β�-�������v��m�������7�^q�i��E�8���R��	��ѽK\0�\'w^x/�S>h\n)��)�Y&�J�,5���3;O�yjg��%z����Ҋ҈��2�e\"K##\n#r#2��T���ON�N��}c�E(�s��8�q}|أ��kO�t-�&���s��;>o����Ϗ�Ϗ����v(�Фh��\ne8,\nAIi�J��*�y�\0y�d�1��B�t�B)���J+�8�H��/����Zoy�|�a�5��X��(�R�����\0%��w���v���~���ii.��H�P�5Z��1\rj��#N�F��Al:���!�@\n ��LX���v�zZ-��լ,kDp�Zn}�0�ȩ�I\nB�PB)��#�tn�?���������z�q8С$e�0�_��&�K9\r�\nl|��<���A�1�\"��Uj���2[��J�*�eb��~U���������E�\n�2#2-2��BnzZ	V�C�K��, p���S�C�Ѭ�xÏ��G�\0>��yj=5>�.\\�pv�Ը���8�^�����e��������>��&�Py�9\ZTo��P�@$���6y�TE�(�yQY�\'�5V��.�u� P(i�����||V�O6\0ݐ�n\"���]�vM��6�=\n��\0B��f{ H�z�=_7͖ۗ�C�^:�@��Է���7�2c�M�v\\0�!���0X\r���o�̭���b��������jq?�fY�j� �d��ø�n:���ù��_����Ϗ��v�9�\'Z�n)�2�<��4LG�\r�U1�*X��	��oQ�RF��̲t����[1ټ̪<�b#�dFgF%Z�Z%Z$F�Z&VeV�F�F�Z$\Z��i�rH���@+��h���deI�;�w�y�|�>8�\n�	|�����v����u����P��s�;7���}|�^ֻ����pڜ�}ӝ=�(��A��?�cI�xFP \nH�\Z�R��4�ż�fEYfY�����u���b8�b8��`ٿ��JQ� ����`�3i����um�6�Sa��Nh�<�#$V ծ��/���z��v�����.8�$\rHMB�P��CQ�6�uB�Y?8���\n��&�~pi!r�gyv7��߯~{|�~�����E�rE���W�0�Y�.$	�A��NM�>��6����y�}^����}�6�PA\ZP��7�q�b�q�[T�O�Y���:\'|P@��V�5�4]�Ū,�f�jV�f�*fEV�i���j����Hi��J)��6~���DK�?�%-S�R�R-�6P�*i�P�q��N��`t�Z�[�;:�y�¥�֝��x���vw�l������?�n/�=����i{i��pB�2R��P|U�HL��i)�2k�4�`V�E�gij��(\\�����Z�c����h����F��s��g����xx��\"�<G�Jj�m����u�]N�S}n]�G��8�d�1�}���fRMb!��;e�?r��� �R��,]ͪ������o��O��*��$J( �z��hx�o<���W�#8wn�߶�����c�پ��2HCJ��}�\'�$V�7a�lA���$!D���\"�\n�]%v�e�2�+�լX���gEVdI���V��C�_�\0)PJ���D-�H4��L��R\Z)�F	���D����\\�r*z����o��t\\��s�N�;��������\\oO��x�8�������mw|�?N�ݥ9�Ђ�0	�!�9@6p\Zb�Q@ 	`�L�J�)�d����e�7�6��u�Z/PZ����y�מ���r��\r@!��� ��!p�g���^��.n\0N@:\\�S۵�<7��q������U���c�(�����\\�#�L�UU=����V���-��\'\"�B\0����\ry-\Z�r��f}8���?��}p�rl]�KEʀ�<�\Z&�s2���A���|^���,B&e��E�.�|Y䫢X��,O�4ɬ6JJ@�{�&��]�u�q���އ(�Ⓟ����/%@	R��\\��@���y�9�:�8_��nݹq�;5�Pw>�/��������l����l���RoN����.���N��xjA�I%�c�,�#QBv��Q(�X��Z-Sc�$����fyQ�Y�$V�K �!�5�&�1�;�b(;G���\0x}��\nGE�\\׵M�5��@��8L0��\'�\r.]�9߶���~w���Һ&@�(����s�M\\߃Ex�\0���}D�q��!�J������o��=>|�[=�g�\"ύb@1c�{T�cs�> ��І����n{<�mv?�>�����}��?Z�:�<(C�[[*\"~iH�\'��|�G�^\"O���Nx�(X�RUbWlԜ�w�rU�<˭�ZJ��}�6���p:����t8�����r9]�s�^���4��mڮ�\\�����؇�y�Oި��$�����gҷ�·���;^�ùٝ�ͱ����>֛5�S����K���]��;�p�PF�2`4IL��@י(��f�/((+Ujt�&U�ϋ2n\0ۗ@�ok\\�BY�&I��Q��@��S8�/N���2a�P�c�\0M�x��<ǠH���19��(��v{8�m����|96��sm �\n��q@�z��8�L�\'�i�Cs��S\n�ϐ�(Z^�J�({7�~{|��oO�=<<.�\"/�H� ^�#��^u�Y׊�mI�����m�����������z�;7u\0/M,g��?6�{~D(C\\�\0�Q�D/ɋС�w��j�&�\"����yu?��EQeif��������t�����v��o���?���˩n�us��cݜ��ܶM�u���\rQ�\0,���� �ѣ�G��}h�\0�	;Ou�O�;^���ݞ�����ٜͩ���ٞ�ݥ��ݾq��:rt�X�(�xCj��\nmqX�,��IH�1�> cW��5y���|Q���,�,���Z��]�\ZI��D-�b��\n<��� N�@�\\���5��c!��/������������?_�uWw�%��\r=�����?OS��>76>{��Bl<����R��,��q�����|{�v�ZUe/��|z<��Wl�\"���B�R$e�p�߶�_��_��?_?�?��ө�Nc�����Ɔ/v�#!p��_^�㉂7H�ֳ4]��]U�U�jV͋<O��R��r:������[>�/�c����v�;w����mw�0W��zfE�>��{kt��J�2�l��_Zn��v��wlݱ��֟:vtqtvt�P{j[��G�\nR�Ԡ4r��o���+Yc� b��ീT�ܚ2Mgy�(�Y^�I�\Zk�F��{P�\r����o\0�n���\n8u_MJ��j[ߵ�; �J@A��7����a���S���wAhP��\0%�̀W����B��	�-Q�����\'��u��Fȍ���|����?�{||\\�gi�J������hv��{P�� U@�:����������?_?�?6���Z��0I����\rb�l�����1�&�����!��Zͳ�������nV͋\"O�p]w9���v��l���v���O��>5����������_�q�u�u�y�]���\"������$�����\r��*(	d\0�I���\r�h��m����@v(;�N��s�/I����(���3�I�4�\"���;I�HL�.[f���y9���&��J*A�w�u>xP2:��R�n��<���?�3k\Z�7yx�@�mP\nW�,�`�հ��;�\0��z�_�s��.t�$5*��0��O�>u��2�u*�D�1	f��n|G��%fYr���[�x����,b�E<�}$�P�ED�B����M��h�����ǯ��|����;�	�F����i$��� Q��I����M��Y��_V��r���Fm�\'V	���x8�כ������}����N�c�\\�k�o|hBh}hBh�o�o�o}�<9�\'��|�:v@�g;��|�}�~\"KDT���(\r(MByT�ңtBz�َ�v~�*^�\\�*��(�\n x`z�d�����C��H$x+EfM�$U���|^e�g6��h���w�u!�R�Xk�!�8{��ڠ���|�\'	�a�\\�λ���;���_L�@��o�;7��xZ����q�Om׸��@[�v�b&�<D��V��v��\\�g?\'��r�WU��n���᷇������l�%�=��NȲ ��>��v���ϯ������z����e�۝��\'�}�D\"�z��I\r$� ~���!��(3z��˪|��W���r^�Yb����Yo��?�����f����S��>t\0��:���%j7���!��{�����I��O*���p���\"�B�=����X�P!� d��ۈ�g2H	R�/^�()NE ��NQ���r��4P�dnM�$e���|�U���&�(!�Dp�Q@%�5�X��aG�4 �&1�\n�ا��_e*ń$�z�B���I���]�s��ٝN��as</\r:� 4Kd	e�Ǆ���^�y��(	$\0�c���u��`-�Y��\\����������l^dE��p��A�2�~!QI�v��P��S����z_�|������c�9�ϝ�P�Ԥ4�p��`�kŐ�2F���%J^��%�4]Ϊ���~�|X,��,�	՗�p8�7۷���z���v�ӱi.�k��@/�C�P8D��?z�a��#����B\"b����L���b���~��ʀ��F�c�Q��c@X:�PKD9���\rc�8N�q0b� N-	��1E�TY:��y�W��\n#��{\0Jj���H�W1W�������:	��!�(�wQ�I����G��\0|�\0�[�.m�?�7���t>6�)n\0(I\Z: cJ$��\r=$��^���OHɳ�c	S-�Ԯ�����|��oOO�Ų�k�\n����%�˯��W?IEB;��}�?�>�xy����y��؟M��~�H��c�$��������Y��`�,��iu�t��\\���2��˥ެ7�o�o����v�;_N]�r�TA頔gӽ�AI�n�������������e���sd�v�1�U�x���|]�C�#\0�����O�\r �@���&���I���|C��%y\r�*�[S���E�e��F�+,?�^d%F8����$��vx+�F�<g�g�򹯂���@�Ｏ��p�l����|��s�j�cTj�P�H��F�b��a��*%&Q�ǿ�	r�B�D��e�?,f�=>���O�==�ϫ*M�O&y�2�=�鲈o_�/x�E����<�7�x~�������mw؟�%h���D�c����k�d:��B<R@F���*��oO�w�y�Vi߹�v����������}�۝ϧ�k���Ai2��J�H� )J�R}Ԭd�	o\0���ٚ��k���i=z��\0_�-J��B�ah��脇\0�M�i��^�>���U`��0\ru\Z�Ƽ\"�1�J��TYZe٬��yQfyf��Z�dz7D�R�9���L�n��Z=da��|-�!����y��Ma�9��@.Pp���.���;����t<(�)��`�[E�-��~�=�a�ድ��E�̭���m�������V�y�gZjD$!���ÐpJC��T ��pqai>v�?_����K���rl\\K�FmQ� ���?��\Z�b0�!`��[W!2��4]T��j����a���E�\r�P���z�������c�۟/g1�4iͫ�����$H�w֧&aA$B@r��`\n#J�g����DW@`/�%��1��ZȘ��:A��݄����c���^�￭�jY$���*��E>+�*�S�h~��i\'\0�PF*�A������7��?k!x�p��] @=�, 8��xO�q�p�l����t�ԧ�7\0ǁ����p���jZ�MW���W?_��,y\\�~<�������������������~��jU*�ڣ�V������?~�����?_�?v�C�5�J�Zh�Z3�0�[GːS�9};��4B�U��˪���W�ǻ�r6ˌE\n��>���oo��_^�?����y�KIZ�1`LP���B0|ehE�yd�d�*���\n\0!�:J����D=�eB��!���ǟ�Bh���u�X�aF�7\n�}=�o��a�]��A��x�e�$�<����(�eYfy����W�H\"(%�b:t�\0r�H�4����~���e��\n�O�C��w�b��C_\nz@��9ѭ����p���s}��\0�\n�Eeb8��bTK�3���I�C?E\"\'��e\"g�������������o��ݬ,�8�vIC����G(8�*HPv�Ǻy���|{����?~=������nOu�CIBq9�U`��\"\ZBgO���m��[�(����a�xX-��*ϵ�i���f�y}{}y}��nOM�!��`,\ZƂ�^r=�؊��X�\n d.hDA��:R\02F�-���H!�@��=ߗ��d���ߘO�y�t��\r0<�\'>8�!�&r}ǒ�NI���կ!X��QU���lV��e�剶F��� ��o\0����z@#\"|�\n�����!�&��7\0B@j�;�8��T7��uH(TV� �[OJ�	\n`���\'IA�[�\rB�Di�\"��==��o�~<��ϫ*KS��@c�b�3��0�~��v/��N?�?�����^�xy{�ج�S�:� ٴ�Q��W?!N~��O|h�����\n Q�L�ݬz\\.����|Y���\"��|�ow�������c�=k炔h,�����.\'-�O1�9�\r����-���R��l�Z\n��QR	�ލLl�i�A���F ��׭k�w��E��������\nd���/)(�i۹QU���l�糢�e�eV	�� �����o\0�tt䤳���oؠ�+��D!�y\"����`IR�����\'^���|�����x�Ou�t�7����r0�y+}\n0��g<R!����0t2�m�Ub�e���}�_����o����<�r�b�4�����aJ2�\0��M�=�_֛�z��?�������NǦky�\r*�Z�T��\0�	��j�-����j5�����i�|��WUYf��2t��x�m6��v��l��c]wD�5Xq�+/�G�{���zcHD�I��=�����s�,��D�W���jN�E�@��b�����Ӟ�j�o:�v���O爍�>���=�kR�� �IS���٬�gy1+�<Ɍ�HH1kO\"HZI�Mb��fȉ��%p�p\"H�d4�����\r�5�k�w�[�\"�; �Ā��x���>7m�yG�3�5���^:m��\0B�B8����0tµ����,�^��b��~������߭VUɥ��.��s(%rH��E�Զ���u������~���?������SӵAH��Am�]��ҙ>0��MI��y	�Ү�SZ̿����,�2�%P�\\���f����x>ם�I06h^�£�Ǉ�U6�%��c�u|����^�\'()�D-�hi�`�%GJ$v�K�$���!���\\h:ߺ�y���=�c�y�C�͸��	@�\n�F�R%\nk��E�,/ʼ�l���\0!n\0���Rcc���F��=�~�/n\0���>21��7@��P��=�Gd:4u�/���;������\0�BiP�\0\"�0<yG�	�g�\0)@\"H>\Z�����	�Q�,��W��V��x�����jy7��,I����<7@l�K�?B����u���u���������������fw�ԭ� $��?h�EL�8I%��Ŀ#��G\n\n�J�jU�vQO���jy7+�4�Jb���r����~8�Χ�i�w(Hk�&����|���7��K?�_�X�/����E������Z`L~�ʤ�P r�&┘�ӹ�:߹���BX\0�����0¤~�A�e��Y������2��$x�7�D�^kkLjl�7@Oہ�����N�I�SZ������/1\"�s�t�쎧��t��纫;�y\n�Pj�@���e�o7�Ξ#�D��y+�0j��UU<.�=�~��?�w�r���V\ZQ�B��H�1�e$al᷁.��/��v���㏗�?^^���~l��s�y��C\ng�\n^�꿶V��+�4!1�%s��4]U��r�/��H�����t<���t:_NM}�\\��?�v��_^K��Da�4l\0��Y\"����R%���VZ�`����c�g1L���|�.����ZZ����!����K�+�h�^U��Db�%�����Ȳ�X%$���\0����&1&��*��d�.:���Ϡ��z��f��o��l����)��z�`<���\\7uӵ.x� 5���9�=�3�yV��1\\������UjWe񰨾�-{��~���UU�$Z���ηQO���Y|��(��8w���������_������׷��vs<������U��w��I}�\'���� �����2��\"������a1[�yn�Cp]W_.���|�����r95m����}�_�+7��!2��N\Z�|%$2��(�i�4��0��ܛ�>*aP���?z��:OM���\\��I��FE\Z��m��?ռ<#�D�L�\"5���y�eE�&&�(y�F��F)�ub��l!�$������n��7ٻ��\\\n����۠H�A��F�yw����|8�O��\\7��k] 	y��ް�S�0����}+���2%�Ԭ��~1��\\|�_~�[=.��\"ˌR�b����1�H�f9b@�\0j��zs<�n�����������}�9��C鯢>\"B�����L�bW\rQ�1멀����*K�e���������ij�D�sM�\\��R7���p��&n\0���$�b���U����5��؏9z�(�>AJR�@���H�����B�����S=	=��	[�=7m�}\0dS��F�O�\\O�`�C��V�T�ܨ*�,*��L�<�m$H�| �ZI���&�61�H�p�X����d�6�\n�=�1{3��mB��K!0����伿���t9^.纽�mݺΓg,\nF7P|�q�j:3����w�;I�\nȵ�2�,�E�m�|�[~[-�Yl<��})�\"%�������Pכ��u�����ǯ��������njږ( �O\rJE�gL��HS\Z vE1��������ճ<Y���*�f�*�4I�����\\۶M��\ro��n\Z�����/{vHT�\\\'h\"	��� n�Q�r��0��\"��H�Z&J=��G酫<���_�Â�Y� a���n�M�8�IJ��@���}�)���� �4R\"E�E��2��<��,ˋ4�lb��(���	H\n��J�N���&�)e�*�����\'N~��-��n��9�:ׅ�\0�@�={#�)ιKӞ��\\7u�]��� *BE�e\"�tbA�����K�� �V΋�~V>-��V?��/�eU��M�T}\"�R�����B��(5���z�?<�����ϟ/�������u�9�/��`ePkTj���Q۸�[oHw��A$��X�1��E���Y�-C �s]�/t��9�/��鈇\'��0�t���J��=B�h��f�v�$�d0.�*~\r+���7\0��\'��I�pA,lb\0�Qt�u�OMs���{��$D���x��G��a�{��FJ�ȍ*\n:�S6�)��!j�T�M��5�j������f0U�����4�&H���2\Z�������\r��X�Iy��m�v\\6�k=y�d@�9+R�c�w�(`�x�|���R��,K�շ�����[�VUYZ�H��܀8�n�PB\ZT&�j=/�zx}_�����������ϗ���fw<�Γ��Xi��F(\rJ7=���V|�k�)Uc#��-��YB�skfy�(�y�͋�ʒLk�\0���և��.�/��\\���\")�s3p���?���|�d�Ǹ�qD�b��7@���@ǧp�U�����0`�z�1(�q�q\"!;���SS���v��AH/��e3\"��B\"r�]��	��`�ZV�i2��y�ϋ���,IR6�E( J)�y$�G�*;\rҜ�\n���7���O�\'�m��#�}�}}��4����|Qx>�\"M�c~#yBߣ�\"�0D`�=�1p���2#���͊���������������n^Vi�H�(H\"I��p =����F�<ʸ�w�����/o�����������z�=�.]�\0Qe��V(��_BQ�QG&��]߷ � �\0�0A^�y�gy6/�y�͊�L�Tk)\0�ޑ\\�w>���x��u�\n2��\"<g�Ӊ���,�o���(��\'�?Z4��%&J�O�ά�J���Q���d�����B8��sǦ=5m�V+�\0ܶbU�f�cy��UȾU$z�%�,����(�4�lb��;|�����d|Ą`!\0����\'4���\r@\0S����y��9R�{���N��=�r��\Zgf�{\"��\\ϼ\Z����c�E8b@y>�!ӢL̢H��_��[=-��c�)%1������J`����]�K�w���v������?�_�xy�������ϗ�s���*�m�ێ�C/\0H@�č��.P�>�c�Q8��*�3+�EY̊l�gU��V+! ��6��t����ri�֓����Xr��t0�����:����ѻ4C��#1B�\r�d�e�Uftfu��F!Fk\"�*������� 0�r��4��m<u������e��=��?�|�VbfT��*�fy6/�yQY�jk$�i�ɈJ�T�̘Tin�*q��I��?�%�$�����R�FGs��s�u޷!t�\01>�� #$��{�K���ι*�@�y���	���y�d%r#���U��r��n��~��~�m�����<ͭ�BH\"8�Ƈ>q��\0�P4\Z��Om�9�^֛?^^���?���˯���n�ԍ%jW�1B� z���&���w���0Ŕ�ށ���M��`Yo6+�*K3k50{�2�t�.M{���m}�u�:�et|;�p՘�N�Fƨo�ad����̄�S�����V�5�5QG|$��e�.�\"f�\n��#��;3Ǔ췮��W|�_�@�3C\0 +DaU��\Z�Y�If��B	�A j���f�4ݣ;i��o�����/���Q���C��c.�|뻖���%�o\0��5��(��}�\\����@.��|��I�F@�8�D�3�*�������������r~?�~��?8\n~ ��_�R$�qn��xz�������_���?���?�|{[�Ǹ��0F�l\"�R�����>!1y�	�&i���y�q���\"OM�g�\"��lV�U�e�j)�9��N��ti�S]���|�B�C���F�1T��M���K�<��A���S�@%R�R�rkr�S���<�YL8�:1DCHB�t�-Q��K�]�o=���%�\0�n��jy�28�d(B����R�ϋ|^U��if��3� ��u:l\0����J��\'���6�����z +J�x F�y�u�	�eJ�eD1,�Py�����hQ-AIRH\n�B৏*S3K��H���aV|[ξ��V�yuW�,)���?��kqb������:Щ�6���z����?�_������������piZ<PZ#-W>�P�~�{�a��v�Z@0�S�I�9��E�	AKL�*2[dI��U�Uy�Z�������S�Η�>�ݹu��5�#�DLj���������c�� W�i�xQq�T�p�<1��\ZA2�!D�i�㵸��G�;����su�\ZjO�m`����1\r���!r28EA#%c��y�-��M0e^dIb� �	A\0()�6�����VFHu#��[r�&�77\0|rD�4�ӈ��]�\\�}�$����?�1iy)���%h	VAbD�1՘jH\r�V����ɢL���*���e�c5���}[T�U���*5�Qɰ�)��|c�jR�	Q8���|y�~�7�x}��_��x~����e�Y�ǺmC����탊�j�œ�m���5�\"a�>���Y��@ �,D0��Ll��2K�,˒�%���@�@�t�x��N���|�4��9�]���,CK``��Q􀸧��31}��Y4Zp��@�Ό*S$:��P�e�1����l����#h��tݹsu�.��;���A{K�\0P�\"��sHn�,Ke1/�yQ̊�L�̦\Z9��%�Q*1&�6�&���;����a?�I�DQ�\n�k����v-:n��	�j��FcbD�E�1�\"�23\"3\"��Lt��E�.��~�?�ʧE�}5��n�}5�Wwe�Ȓ��LK+@!���!�~)Qk�5(�PԞ�m��������ׯ��z����u��O��k!P�Z���$��9��IȾa!���d���ȶ����`f���%�ђ#��,-�<K��CX��խ;�/��qw<���������zN���11w.�U�*_m�]Kb�#��ㄭ����Qy��DgZA\n|��@dH�2�v����(�p��;w�ܺs�.t������ȢOC�S�ir(��*YX��ϲ*gEQ�E�2�^��t\n)PKi�N���k�*����аb&n��_m���0��	���	�� x�ڮk�뀼$ ����k�k 8)�Uh��\n-R#3+S#R#�D�����WU����a^>-��y�P��\"�R��*i(�X2a�_��;!H� Txq~ߴ���u�����ϗ����������m�㴲6P@	=�W?JP��g�\'�qF(%�ד�f_Y|�O�K�g�!h�F3�ۖYV�Y\Z7@|��Pw��t����iw��/����\"�~ABL�>C��$\0q��N�z��L�HL�̵̍*��V�/���ܗvSp7�D@��>\\��t��2έ�t����a���	��cI^�N�7�jT��y�-�bQV����j+HR����h�h�Z��jm�`�8��]u��/]o�� �+u�MOa2�;׶m�\\\\$#!2q��s�w-��-J��`�H�L�ά�RSd��Ӫ��e>/�eU�f�ʗE���21�Q��V\n-��nq����2 z��#țns:��������>�����������c<\\���0JKm��g�a�E�m�G���ar?���^0���`���@RRX�,G��i����JE;.�7��u��y�?n�*pj��S@AR�R���8Z\Z�\\���u��P�h�\"��11�0�Htauj� �˨I��4t�#��\'t,�j}h������S�N����A\0��c\0����N��H���e�̋lQU󪪲�H�ĤL\r�C�JI�ubLjLjt*�B��꓌u�2�_v��%�A���~��\\�v���M҇�q�+,4(�;�KV�,1yj�,)��,��ȫ\"��lV������Ȋ�fFY��*}���Nŏ�@���/�������|[������o����ϗ����p:5]ȃ�H�(m%�{Q���K}��ww��$�fu����MClw����!��%\0:f��Ę,M��Zc=e܁�pi����`��鲯�s�`�8�V El��优-9J@�/b��j��ĺ��0�=�sPv��A��T/\"�z�]B%\"NFx.@�q�8��pjܱq��$D���}���?�\r�,R�e��*KgE���YY��j+�/�#�(@+���j�&J����4��;�\0?�n�1�z�D<Wt�s�9nA�)��(�{׵޵�����K�Ubu��Ԛ,M�,ͳ4K�<ˊ<+���Y�F��Mc *��+�l	j8��p|��~���x��������?�ޟ?6����t!�ڥ��Xɫ_j������<r��8�$����)ƨ/�X��@�����+F�i���(��B87��p|�n?v���r��sLQ�P*M�e\'Hq�5�����[tV��?2�18>a��Ue���D�ZhNQ�<�^�8y���ß�d�a���tt�±qǦ�t��0LD��2^V!N��VBn4[��e9/�YYY�HI��ȣ��ԚX�(�D�\Z��77\0~\Z�3��m�������n�!H)�`gi��y׹����w���g?�,�6�c����I�$��TĪ\rc� \ZO�t��@����nwi6����������|��|�<l�6����?���;$4*î|�=�0B�{>q ��(y�}�#\'l���;i\\g4��C/B�!��V!��J2�@J�P)�\0\Z�u���6���~{:����8]���C��C�N�i7hr�`�@dВO$F��.�.o\0�q��y�-�l4�z���	a�qP{�t�X��.�Ai�N=N�&���O�e��2��yUUE�%�$����֘�&C�ϡxkq��x]��l�[d�^��W_0������>joPJ���Br�-��;��M}������	���J(��QZk��RRrh:/<�}��p��ڇsN�����T�o�ï�������Ϸ�����z��?�����]�$�PVh�*Ҡ�(4���,��<?�&��/�	Q~:s��	�@!�i�O���F�@>BH�R�.P���R�v/���v�9��u{f)!b,��u$ذb M�Ƴ0K����S�S��Q�DW�)S$�@��apE�� ��K0���#�6��m86�ظ�#�8�O��0\n\"���?K�8/�Y9+�2���`��� �R��,I2c���E��������\rp�$�R��\"����z�������LSZ�5��\\}�O���r��i��m۶�|gD����б։��Ȩ�T�pq�ԺC�n���py�_��_�ݯ���럯�_����c>�ۺ#�\nu\"M*M*�����}���q��T�ꥥ��`<��NL/�$���I~Y����9V���&*	B:�·K��/�����c���m��c�^�o�\'��Q�0�ӓGu���*\0(�Т�\"8�NCH�VU��R]&�HLf���%Jq�Ɛy�}30TJN��$[�����9�@��(f�JE3���a���	pټ(fE9+������&�\"N!\0!���&	�\0\\�����\r#��z��p��?)���b�7�J#�8�~�p|$2��p����\\S���n��i����:�}�,` p�:�[�:�;�;Z����]��n_��s�9]>����uw|��9��e��>����>�]݅$J#M�t�ʢ4 4����b������8MܦЋ�\"���$�m0hM�1\"�9�pH�弊�$�.���S��O���e�~������A�8b�q��a��\"��\Z����(R8}d�fJ���%�LL��\"5��V��#0���?(��̀2��$ڀ��KN�?4���\r B$��H�\Z3%R%\n��$��lV�󢪊���,ͬ�?��\0���:I���Dk+��W?ޮ�������_��.�����`�\n����c�qnHLW���mۺi.MS7͹�n�K�.��4��n.u{��sݞ��xi�z���z{�l�����������v��;��N��e{�������Q���PZ����͚�\0m�0DY�P�1q;.|܏=B5^\0�ژ;�$���!\"�2��|�7\0G�:i�S����p|�l_?6���xi\Z`,p�.��qU�ޮ�W�c�l�!Sgp�[	���Ue�+���V��D������*0�g\0�rD9���ѹ����?���K�GG�H�@�kU&��Rf��ʲ��\"�S;���@���5:1616Qʠ�����w�:����7��h�k�XD덃��\n��Ȕ��C\nR���p��:�.m}������t�����p���X7���x���p�����p�N��is8�����}w|��_�����z����G�e�Νo<:e\Z�iPi�dcV8���@�?���a�F������d$�9g�P�����]1\\0R�\"��<���\\/��|�����v�=�.��G�͢�t�	�P1�l�}��܄@;�1x�p��\r(V�VW���I�+Q@@�.?*6s�\'H��WB@:��sN�8���y,@H���QQ�5P���βl^�����U�Y��&����D��1:�1�J�c�?����c@������G7�����4n��x�VE\'���0���I+���hJ�й�R_����|ޝN��q{<.ͱn��pi�fn��z{<o�k}8�������;��o���v��=|쎛�eiO�����\\*1�\Zy2,����\n��9��rf�`o��	�O��IZ���7��-&(^_Ek��z_7ݹ�O��T���>p���x��Q���5R	�D��a4����PnB�J{o?�L�ܨ¨Ҫ21�,�ei�#QP�L������ ;��Kέ;6��t��]���;��g�A��������/�9g�gyjS��! ��B�ᗶl�RE����I��kO0ʿ��?GQ�\\��x}KL�qC��w{<y#2�\nR�Ѩ٠#\0�<�ֵ�>7������p��u{j��������s�=��S�;��S�_��rr(g��α�.]�=�H/$	B��pf�P�=*�f�p\"Z{���a��}�\'����i�<z2�\Z�D0�BY<�C�<�5����԰�ri;G@�ϼPRH�@\Z��\'\Z����&��i$� ��H̵,����J�<K��fVi1ʉJ��E�B�~��#����vt�©���;;��\n��/�z�;��T6���<�E5/�*/�43:Q\":	\0��1:���Q)-������.M��x[�#o����O0�����1����\0��1�\n<�o�X��\n��� ����\Z��]w�ܩm�Mwj���6\Z��t�s�=��S�=��K����s�9�I����8�0���С�@j�a{`�IlLI� ��=~�г�b�sr��W1����iyx��-@��0_��ѹ5$�t��::\Z�.mwnں�:����>�b�pղQ摏��.h�ˠ8P�\0Z�F�H�`�%�\"O�YZe6��*���zPl�p�p�^���X��]���Ըc�u�o���\0��X�P i+1ժ4�J�Y���|Q��bV�ej3��\Z!ҍ�P��oL�RF*=v�Z5�y]\rl�\r�����O��w3��ۇ�8dd3�b�� x�$�C)��JA�&tMp���ΝZw���ѩ�C����t���]ܡ��&\Z�}鎍?u���h	� Iͼu�\Z�޸~`ңb��[�{y��{S�^� �a�˫���8$���0�c����}<H(�W�z\0G�t>��7η�k}�<o�������4�~�&���\nE7c?��կ*$�d�Y�,�y�������!�A9�Q�$�KJ����G�֟.��CӞ�s�R�D����;]X[%�,�fY�(X�S$&�Bǫ��k�N�M����\\��F�^1���������.p��\r���8� �&�����^\"Ș!IB�P8�]�m�������sG�.�;�	\\�\Z����]�8�=��	G���`����i�4��1F8������8�!���Q�����\Z�s��Ԥq-)y���6*y��9����,Î�*���U���j�?��\r0�]�Y\"($��R��Ջ<[�,OK�S%��1�m���R�\'FA��D��¹�;6ݾiMwq���RI)@)$# Q\"Ӫ���峼�լ����� (>��@���&�L�TFJ��Ѹ>v,�-j�\Z~�j|Y�Lg��N��7�G&����#BS�PB*	=���QhB����l�$� �GP{Td�ɥg�� N!*F2y\\����i���ъ��h+�j�&r��7`��\n~swNF��pL#��a��(DQ�#`�����\0M0DI����\Z��Ou���}VV�0 \"�(h + ӲJ�ȗy>ϒ��TK+���v��Y�<ԉ9��i{��d��©uǺ;���iOmW;��\'���HL�ʭ);K�Y�ϳr����2K2%4�=P�RFkkM��g���j(���7u~������|E��i�����\0�\n`����0���\0��N�)H�G�]����t�D\n���2 \rI�&��� q2�� 5	�(Wx�aB$��q1��t*��|����uK�je�N��3G=���H?E�υ��J��\0�¢�46�����ҕ�:���o��B�J�bx]�AJ�(��g�2ϗy6K���LI#Qb\0��wqV���ǆP(�Xwtj�C����4��k<o\0��F�S%s���Tiʫ������U��Iǟ���Ę��Ę8�R��k��P7��1�f�S�������@%�UMy��c��{䡸%�����7�#j8�<�����P��	�\"n\0���ݍ��x�c ��՟I���>k~����v嚣+j�uB���z��!k���u���j��aK�U\Z��ڝ=5������d2��gY��J%Q@�e�ZU��g��yV���*a�\r\n]pϱ�8Q�X���UT@�Au/�?���|9\\�CLF�!��@	0R��Q�5U�Ti6�r>�gyY�Ej3���\0��$Sc�`)����z�&�����N���� �)���ϲ�ɯ�\\���\0��\n���RQ�ų��s� \r_>����%@B�f�z����P�>�m������$�>�p���/&�rj�E��e�,dq�ǡ+ ������o9������U	���Z��0lÉ4����%��\n�\0>��s��,M�y�*�e��ˮk�$(���;�F�8(P`�T ��<�&��u��e{:.��m/��(\"*�Z`�0Ӳ0�Jm�f�<�e�\"�fyUfEfs��\Z��B@!�щMRkSm�?��9�`��?�u�z�_������ZL4�j�u�8qPF�oԋ���^�4ͻ�pM�Cp�Gj�w�s�����	�I�=�R\0״b�7���?�E�w��/^o����cYb�z�Me���M �)��y&%����\'��i9>P=|�����/�iG���h#��S���k�ܨ*ME�,�UY���B���;v��a�z!�Y�\0��M�=�7���r9�m㽧@\0R�h���Ubf<���E^΋�,���Ht��F�H)��Y��&I��R�ޚw�<��6}y���\0�����҂^!�aZG�6����П��l������`�!�<����<���i���	\r���[:�\n&AL\ZW?���>�bTs��q��=SA3��`�(7���]���ߍ�¢�g�����Թ5�_16Y\'\'��A���ַ�dtݓ�\r@�J,��e��V��6���\\��\nä���/!��BZ~�����K�>����r��mK!\0!�D�%�����d�e�<���,��yU�efsF�@����Nl�%Ifm�4�}��Oa\Z9�kc��\0���=|*{�vŴ	_$�m�7@�)��Q�9����������Z�XWJBs�O�x� �\"f0xy��Pϑ�����/n#�&��9ן�T!߃9��T�O:�I��F��K��x�dS�}9	�_0p�io4��jP�HY&vYd��X٪�YZ0q,�:���8Y����BT��r \ZO\\�|�����p�ԮsD	�D�Uft��Y�γl�����,���̓��D�� B@ !�V�\Z�&	K��T\nc��&ˋ&�����_m������bL��p�\\�F4+�b���[��22!���޻��{����n��Q�ŀn���8�����0E�f��7��я�M%�W�\Z��\'M��w�s�/���\r?���`(��7��o��[b�źr�@�F��j9K�U���bUd�\"��I���]��f����1�?�P*�\0A�.����O��f8^.�s� (!�V�5E�̲t�e�X�𭪼�ΏHx!\0�R:a׋M2ke��j��)�l�<\Z�-7\';]Ť^�\0���\'���O�#t�U+рU��~�\Z�Tz���4o\0bcY��{��?�O4�X�9N�bW��.�K�0w}+�.�&ұ*��,�����L����:�#};b���4]�\'_�L��G����>b�iҍ�\\:!bitGt�>8\'�����ы<�����X�2K�ĤJh��Zp�,����Q60	eQi��v�ش��es8�w���p��ֻ�	^J���IRe�<�y1ϋyQ-�*�=m������Whm��i��yb�/�D̧����|�8������M�Ϗ:��p=�^��k�������3`!��S;=�V��a��4Cor\Z��kH��a�:��)-6L~^��-��u3�z�I���i1����+\r:±ҹ���\'�Ɨ_�(\r&9ʓ�����}�\\2�o����* +0ӪJ��f���\\�,��QV�\\�E�=Fq*f���v�������x^���a{����ޖ$e�Ͳ|����<�ʬ�lfT\"PH�\"\0PZ\'IZ�Ya�L+��\r�K�������	�.mp�gG��ʇn�b>٪�xK��lӄ��\rg`<��ܧC��a!W6<i�C�K�����&����\'�X��W/^V�����������m���חW����5֭����_dQ}���	��k����5y��\"m��A��:FbH \rAB����5�<������aV.�:��!�A�B��\'/jV�K��QA�.���v���p����~<5mK�\r�&e���|�����Y^�yY$���ߋ�w����$7&�\'����ڻn�O��T��`������n�t���F�N�Rkv��8��4���varf��,��%��}�λ�u�#�W�q���pZc>LvcO�������y�9�5�����|�y��¢��������5\0���O��R3�{�����,V>}y�!�o֐V0P��yzW揋ٷ��aVγ$S�Cׂ�08���x�GK(��T�>(���9�ֻ�f���ӹu^H�$I��E�W9缗����,�L��fJ\n��f�J���<Isn}*m�P��ad!|�ƉN���2�%�D���s��u��Tuq�˿�����@\0F�\0�Q�F��b��w>����a%��W����<a�D��z�.�V��@\n�6>\\C#���+�n�C���\'�Ym��jK�d�LSE��MWh�ި�w��]M0����Q`��,KVev?+�����~VVV[$��ՏDO�ig� �i�\nBv������z������R7��h�gY�UQ��rƯ^>���H��fF\'�w�QR�����J���F�*�O��8���r���~�_��_1Rn�F_���n�7h�3��OH� !1NIDd	y���ι:4�O� 9�D�8�SS��D�GgMJ��wK7�O�zlyаD/�0��^-���E��i5�r7�Pqu������U}�P���ܗ�&H@�/NQ0�ebVEv_����q>{�W�\"˵��Aנk18AAbp���T�QkP&�r���K����ۏ�sѝ�B�4Iˢ�ʪ*��_UyY�E��M�$�8�Mm�Y��$Q\\����J�|�N\\ACG��������|Ƚ2\nP���DN���1a񪭈@�=�ǹ#*���~�3�JGk2OԹ� �����L�-���H�񃙦�OL��.�A\0�8�m��#�oC?ND�x����^�\':>����$G���W����9�!��O$B\0��u\"8\r�H���һY���?.f��]Y�S�@�Q[�k�S�{6��\n��B��95��x~��^?����ti;(��EVTE9+�YY��ټ���������W�\Z�Z��x��T��|noO��j���d�����w\Z��i4��7�_�/ �#D0V��݁��!��YR�B�@aR\r�^�Ags�zF���g�~�Oϱ/ɩT8��\\Y�>��2�+!`F�W��\"j��ʴ���:��\nC&F�������Dx\r7f�Q�!-&� y��N�H�\r?}�?��W�\"O�4u�okr�� (�\'kG�+�5ـ�$u�ܸ����֛׏�f���-jm�,��r^U�r6+g�jƠ�\"+��.���&�×W��\'\'J9�h�Z��Uq��\r\0_W�}���\r@W��OD�/�qS������F.�X�($�>?�wF�G�~���\0��<(����f�Q��-��\'\Z_GC�p���b&5�\r�q�7;`��ir�_�	_����~����\\��w�x\n4����������W��dp(7j�ž��b��\\<̪e���I$��kBۀwIE.�t_��f0�!����s�ޟ����z����g�Hi��EUT�j����j6/g��*��Ȋ4ͬI�4\02�9�R���Ʀ�$�X�4���|w�22!���\r�K�����Z����I��$\n��1\0��^{�\rл�&S�@�3\'�zZ8�����l�ˎ�J�!���+zz9��r4��4��ԟ�2��L�Ƹ`�L�$4�5a����F0])��ϱ⚔X7�I��t�+*�B��`}6I�sS%f�]���zZ̾-O�٪,�İ�\0}G]��?Q�M�Py��b�,�v�?�ov���z��.u�(����r9_,f�y5�W����H��h+�AT��H �0Z\'\\��*ün�����==���y^��z��z�\0t]H�8c@6M�+�KW�?��z~�X���Ɨ\Z�0Q��6�^��+L8=��{�� �@\0�s���B��\0�ӣ96�v��N�7�h��g��ƶS�Bg ��h��\r]����Z��.�I�i�qM@J�i��$��:Ɩ3{�R@B\"�0jY�����j�m�������<t-u-�N��?N�	bU`��W8��ٽ�o>ֻ��p<�Α5�l��[��-�V��r>�W��(�H�L��Z ���ɂg�����/���+��DD>��k_G_�_�9�=����w�Se0��tr8d?mE\Z�Q�;�f�\08�`J�$Na�2�}�ʖ e�N\0���[C��e]iĮ0`a\0y�\nt���&�����bBɸ>s\'�>{�������2��g��7�t�nW��I7<���o|�HBN&2H��\\�y����o�ŏ����aV�����\0�kCׂ�0x	a:�\r1AB�R$�G���p������c����l���m�@�e�jy�p�p��[�\\�ǳ�X�,�\n�.	��2Z\'�M�t�L\'����;��hYLM}�\"ܖ@_����qz�~�Ti8�\r�@�`���jQ�!k4��}�m�8��f��a�����7�\0�4\\���O�s1�=�\Z�����Eq���`}����q����6]��[�n�I�K�i\n��I�Ƥ����C$CP��ܨyj���r��~��n�8�-���6�B�ב��9�Wb\r�x�K�Js�l����m����}�����Om〤�鬜߯���嬜Y�%YbS���ZD��$� ��F���4��J����i��E7������\0�������4�������ڕs�����2��\'�����OD�]�p�$��tn�D`L����6�M�fG�[d�Ј���n�3J���\'���0�)�a��B�q�X�\0W\r�vX�y\'ὢ�J���*�-g?�W����[���Jl\"�\"B��wlyD���ϸX�(�}�]�c�m�����c������O�:�&���rqw�xw��-˼̒4a���(�$	B)��&Iljm��ԚD1����O����o�I#�S���\0p����tc׸����	>a��z��¦x�G\r���D�Dtϯ=�7�2f��U\"˸ү���h���$H����������J\Z���.�7W��w\n�n���=��u������	\"	 K>s�Ve�}5���q��q�|��y�J�(�sȆ�0�������f�q���ty_�_�7�����v�;��S�V�l���[���=��w�r��vJi)4�B��� Phe����Zc�2jz��\rS���A���������z��#�g��5��y�T�8�Ӈ�\'\'28TO�B��5g Eh�0���@�����4Ux�4��bB����_.�٩���~��aŠ���h���*�\'��,q��5��ӆS4\r��\0��7�\"P\0!�j�\'���o����o���|�(��h�gׁ���ba�OE\\�prY���}�y߼�������x�; ���r��[=�-�W˻y�(�2щRJ��q?�$P�\n���N���D+�$;}�l�+�	�&��=�7��� �^K!nk��X�[Hܗj�)p�軘�= ���#k(fJ}��;���P������X�\0�ٍA�S:�Lp���L�X8Yi8�V���d3IWd�A�|�F����h-��y��o��C��h�t*>�%��>�w�z/)X!\n��E�0���[�xX}[��g�\"Osk\"�.�mpx?(�{�?ǆ�\r\Z�Z)�\0������������総��p>�!�1�Z>�?=�?ݭ��eYT�M��X��Q�P(�`�M��QR�T��Q	}��OU�*��:��F�r%g��A\'7��a����\Z���q��L.���V���;�蹃��=	�{��S��\0�R�B+i�T2����������2꜇o�Ԇw���C��ưك�lJ����[�엫�ʚx�p2\rv-��q�#�\\(D��͔�ޣ\Z07zQ䏋�����Տ��a^-��0�\n��S���\r]!���Δ\r�Ac���u��<���xz[o���?_�����o���{�:)��n������÷��*gi�ie�=�(Aj���F�����4��1��:��W�f�e�D�i�^���S��F�{�M���7\0^��׽�\\y	�M��Gw#����Dĩ�|�8k���o��@%��9����� \nBbJ��qHz����Mz>q�&�N�l��I\'�_\\���ҬO�+_�z���%�%�\\��������i=�������������qQ�ʢLl��F��kCבg�ƌn����_�B����ϗ��������������v8w]��E���=�?==|�{�W�<-�2�֍j�B*��TV�D���������<��u����~�p&�������x�;C����mn���������c�*\'�v9LS�\'ux,���\'��;W�9�88��a���Ϟ{��ة�+Zl����K7��ɋFs�m4�&\r�%�tA��*ܳ��t�߻��/F�?$B���\\�h��U�.��q���p��������b~W��,ɵ6D ������=	�F�Je���L@�x:��w�~�������^����k�R�,fw������������|�g�:	S��W��V�m�m�m��m�x�D�D�;��L�� ��}�ϦF���������@Cs	�����ec��d�����\r5i_�2R#egx�\ndqo\0ㆂ��Xm�R����l�ǥp	�1u�m���h��cCt2�l4\"P�@��%�������QA�y���1V���:�a���\\L8D̴����b�t���������Y9�S^�����u�}کTFr�,I�:���p|[o��>~���z}_o�s�z)u�Uww��?=}�{\\��ʢJ9�nt�B*����&�&����g?F�i��Wi]8��}*���V\'��n����?�K��դ\'o[���WѪ@��k��ĵq\\���	�)��]�B02�L:��dk�1Zk��\r1�1��eD�~>N��\Z��{=�4f�}�ǎ���o@�2Sm�\'���}u��\r�wh�񞎫?x��C�$�\"�f��w����������������~>��Yau\"����߮~`��6lr(;��mǗ���������������pn;/�βb1_==~����X���fJ����g)�V�h�h�c�@��������I�_�ʽg�u�I����7�W���F_�0�0����U�����kpʡ���i[#���.E)�Q�jc�RB��`0Mrl}�c�����Q���W�Sd�ЮS�_����V�S2z���˓�3N�M�=#������ΐjU&ɢ(��oww?~{|�v�z\\.�f�,K3��@IC��\'���K%�L��(5;���/��pz]o���|y}y{�l��s�z!u����������o����U1KM���(��B)��Jc�1�������n=D�g�8B�K�ۿ������_m�a����#��>��^�N�x����\n�{������US��\Zգqb�t!�TZ*-�Q�j�c�1JY-��Z�`�(y ��ž�t�,��}�\"C<��\"������b�Ü(�\\��$2�4�a�����s�8\'(�L�Y��ͪ������oO�������i�XUE����\Z���s�1ꇝ�RJ���Bj�*�t.�۟����c����?~���_/�����v^J��jy����������w���<��B��<�Y	!����$Ʀ�&�Z�s1��l{%@��w���>]�~�{�4��Y�|�\0x+���\"��L�z��I�`���4�$�:#%\'��,А�\']�P���v\n���*��0G��D+��B�~�#Nn�\\i�*]����G��[����>W��T��Տ�������p�1܎���9	d�ȍ�g�jV=ݭ~{x�����{xx�[���ʒT)�(�m�.��8��p�̖��=��G����������퟿����ׯ׷���v^*���jy���ۏo?�=}{�{\\�yZha0��E)�R�\Z��$1	?=�y�\"��Y�T4U��%��J��E�385�b�>��>+wa��7��A�3���bg��H*�B�d�D?��ۍ��w�WA �hZh!�0Ji���J\n%�e$�� {�Xq݀��)��gT0���OF�\"�|��1z�J��E���1*|b��APЈ��e�,��~>Z.<<�x|��p����q�\\VU�%�V\nQP ��w�mzJ*>:D\0��Ο.��x^o�/��_/�?_ޞ_�_>����u^[������������ǧ������)ÄL�BI��1�X�$���կd�\'St���ό��-WB������^�7���\0_u)��o�;_�Æ���7{�$\ZC={��vr���ߋ}���X@��Z��@̌VR~�~&K%��~�g&M��#	tߞ\\[4�h\'-_Eq=Ek��\'�/�p�d\n���{�s) +enͼ�����ww�=>�x|�������a�X�f��(��J%���pJQ�-�|QJk��*�h�?7��x��^�7�^?����ǯ��׷���x�a�f���ӷ�?���������nyWUb�|���浜bm�D[����H��T�Ac���S���/�I��\0_�^�d\0��\0�����-!�SS�2�}�C�$\'e��M�����\\b��&�<�Q\0�7��uO.%�5&M�<MS��[�sF#���\'�H�80(`�c�	��k�)�<J�ޟ�� b�՚SO�\"�q$�!`L�v\"#�H�*����������oOO�����eY��<��J%�y��c+�RI��+/����K�;�6��׏?����叟�?_^���ӥ&�iQ�V��������������ow�U��V\'Dp�wD����Zkk��E>�roBK�fæ��#����T����)�S�^����_\0��S	�K���=��$��=�0ѵ\0>\n��$\'t�G��WA��3P{mMY��EJ���_��Jl��i���Z������{dl��JD%b�Hu�G?����d�k\r:���6&T��v7f6F�.A$�\'���cL5B\"E�$��|\\-~������|����o�����y�i�k�R( Pp�w.�� b�/I��|����S���׻�w�8�=�~�������n\0e^����ӷ���������c�\\�Y�(+�\"G�����m��Wb�11�H�>�~j*��<P����WΟ�A��\r�k��\no�7b�ϼ��R�[� (*�)���@��6�F���Zo��\0(��Zi��5�h��RR*)��Z\n-�Q�je��R\Z%�J����D>}@\"?F�&R��Ftf�ׇ_����U}�������K����\"�Un9J�΋�~^=ݭ~<��x|��p���+����Ԙ���I�HD�I| �R���h]�;w�����^?�ϯ�^ޟ_�_������x�ԭ��-������������ǧ��ᣅħ@@D����o��M>��T1�Ghǐ\'�9w�`����J��׈���)�k*ˇ��u�x���E�������S�5M#�i�U|�(�[�P�\0�R(/�x|\'�P��	)��Z�hH(�i��֩5Yb���I�[�m�Ԃ�9��q�D!��qc�(щ��x��O��i�W�+Ʈ��Ư�	�D�|���g�]�jV��g�V�w{z�۷��O���l6ϋ�&��W,�!Y �bX!��(	�4�?���t���_�?�|~�ǟ���ǯ?~>�z�x�쎧K�R�(+>�|����ߞW�U�W��D��w��R(mlb�4ɓ4K����a�������@�kQ\\k�>?|��oc��/��7=h���e���}cW��Zҷ{�*�a��\Z=j���Q�����v����Vy)��\r $�!b��)�O%�_��TB��.�F�Ě��\"K�4���\Ze��TrIA\"( �\n{$��X��i+|�H!pt�#��c߽�Ⱦ����/�g��I����X�����<]͊���i9�v�bm�oO?�W����e9�lb���`�����x�4�p�w���v����篗�|�矿��������ϗ�h��������o?������Ǉ��bYd�Qc��D��2&I�,M�4��Dk#�����)�S�U.ՠr�����SC�4I��*��&�n���\0�e���D�Ry5*���\\�����#zx$���0���>;�Gc�$�]��*e����Z)��Z�DTZ��He�4Rh)��Z-����(���xq�?�\n� ���+{��h�V�U\"Q2V;���d�e˪�������q�|Z-�\'���|�(�*�2m�R*��DH<�\'�}�\\�\\ݹ�iOu�?_���z{x��^��/��ϯo/o��nw<]\Z�I*mӼ�f������������jy7��y��D1a@(��a?{ʾc��<��#����|���s��gnǧ�r��>�?Md�\Z����~H�� ��\"~�տ�����x�x�����_�LEC�L�9G#���ZI\0����1TB� 9�:eFG����,�1���(������v��;��I�c��� ��\n0���VY��ĖYR��ȗU�������������ݷ��o�w����r���W�l^��,ϓ4U�m��q�H��su۞��x�쎧�n���y~}���������믗��׷����p�G �I�/�ww�����ww��媪�<+��<N$O@�TR[m�I�$M���\Z�b��M���1kk��_K��\"�����#��׿��_Y��$����̌ũ�w�{�\n�c��Xd���!�OF�����I��E��D�;pj�V:5&K�<M�4�Ӕ�����]-�(���5�w�Y��\nB<��G$-�0��D���<�e�Ty�(�eY�f�ݼzX.W���w�~<<||�~��Z�-���E�e�MSm��\nz�H���>�ηm{����|8�6���z����篗?����󟿞=��������ܵ^J���|���{xz����������a1_�E�$����m�����$K�4�������R�A�|r�@�1��\'����+�^%\\��5�w����\r��������+��?<T���I�L�B�C��K�g᎑���j��P��H�î�Nl�&I��i����ljmj��rH!*� �$Ӳ7�\0\0�IDAT�B0�+1Q2U\"U2�2�^�̨��2�e���#���Ww���b���?�V��wOww�ww��j1_TU�E���\Z���2F�1c2�(4m{����r<���v�lw���G�v�_������v�?�N��B\0�L^���������������a���U�<���lBdı��\Z�&Y��q�k�H�n�����+�ҭ�?��^��?�����n����ѿ������<�MTJW*�{w�BTr�6Dm��i���\"Ĩ�^^1�#��f�6F������2J��(e��RZ)%c\rcTft��\"1ej���R;ϓy���l���\"]�ٲ�e�*�UU�f�ݬ��������~1�_,�����~��[,���|���YQ�Y�%�5&��(�w�ky�ק��p<����n��l?6��������������c�����l7���t���y$���&E^̪�r��[�߭V��r>[Te�gyb�Q��W���(�P\\��6��4M��X���/�\r��h*��>��:2E�|��������o��?���z���i\"���pP^�2\Z;���1�a�/b?fli)��:~;�\\�m-���Je�L�J�Ό.�)R[�Y���2_����VUqW���~V��ˇY������b���?.�O���j�x�|Z.�ˇ%����b��ϗ�٢,��,�,��h-���s��W8���x:����n��޼}|���?��=?��|~������������^ov�ñ��*��~�Z��W���w����b9+�\"ˬe�J�#C!��Ri��6��4IR^��ƃ_�����vb\"��`X�Mz��:nV������Ņ75�����b����v�@\n@Fq�WA ��PB/$<%����M=XZ�TBr��Y�ܚܚ2�`Qd�\"[�ȗe�*�UYܕŪ��nV�����|v7��ͪUU-�rQ��y��e��I�jk�Qqݓ��n.u}>_N���|����a��}����׷�׷�������������}�Yo����|�t�#\ncl��j��/�����������j1�WE����F˨d����Dm�MX��?LW�uz\r\0J�:���k���HJ���\r�߼�>o��#���I�$*k���$���9���x�T<i��JH-��vnm�N��R�3k2�3c2�3�s�s�skskr�scrc2�sc3k2c2cR�����B�,�@�)t�k��n/��|����������~�����~�;l���n������nw�����t�\\�nڮ�5.��6ɲ�,�Y5����b1_,f��l>��2/�4Kk��J����R(%�8Gg3���p�MG���i���G56��#�\'\"��h�����n��r�/_�.��\07��o$b�팚�رd}� ��^�6�\Z&�O���8�G���a�6�X�Mlq�\n�F��\"R\0\n��T���ޕ����P˖lߛ�о���\r�=�-��A^d_\'Йv:]���!��>���	J�`As��pP�Cx�^�/o��/�������q��>>>l�w����׷7�7�Wכ���bsyqyq������bsy��l�6�������ۛ�������n�{zy~��Ji��Z��8��|�^�?�����?������}:��Z/��l>�wޢE.^j��`�{\"r�s�y�|�{}&�<W�^�犥@G�6|�}IOI��9�cv�c9PKԊH(�@���*�	�rv11��Z�S����6��5��@f��`P#�%��d#HP�����xP��:�ao��v8����������������������q���x������������������l�7��ˋ���e������\\^^m6��W77�w��w�w����i����v�\0Ch���l�X,W��z}v������/������g��>�����|9g��-�f\\3d�{���9gYK�i��DyU����5�#U4&�E�����7?\r�0����W)�B\\ߏ�O�1Ɣ\0��{\Z��c�4�@\\˚#��eX{\n\0Ԅ�2�5\ZML��2�R���T�f)��I�px;����u�����y���>?nw���v����m��������n���}�=nwO�O���秗�����!�\n�hCh���0�f��|�\\�V��z���:���l1g�<y����ؤ��HH\\sd���UN2��k)����U��UI��3\'�k~�U	�s�G��y���\'�QB��=2	���.]t#i�m���O����h0�L���4|* \r��j�e4���	�Ɗˡ���1d�j@P�L�H�߫�k��^���a�\Z�o|��a�a�#&\Z��\n\r \Z\"�,:G�Y?�a���0����l��/�`�q>�a�q�ޓ�h	��A��L(�,Y��ڡX���I���M�V��	�,M\Zj���;��^G�gM��O<�\"KDC�jDZ�U֌�Ǣg�h`0DqZ�����a0&�\"�\rA�TC0���\Zlbqq���`iH�z4Nk���\nA�\nF�L$���QA�Ԁ��́>v��l\\���b�\\�W��j�X����b�i�i��t��ND��j9_���l��~`^2��/K�Aϸ�;��n��;Jm]�3A�ۖ�#\"?L�Ԧ�&�m� �.k�U��@��W���DAw���t59�gM�E��F|�:�\0�!$DD�qR)h��H��)7(�r��\0H��C�=RL$�=q�L[���@\0@�3!\n{�4e92��;\Z��?�l�q������r�Z���t1�\0�/.�%��~6�a��[�В!ҘKc�`D�PX���V�F-���j����N��f)�چLc���\"�.���0C��\n�ZԸ��^��{e�>d�]���Y�̠&���Zo���mL�$\0\'L<\'��Vk�\n���5>�\nm�!4���S�;;86ʵ��4�����g㐯qf�a�l����я����:�d���F\"D�m�\r�{ҭ�w����\\;U����Vgg�0Tr_�\"�\0P�\r�/�\0��ު�����0�O����Wa�[�dp�6	���%r�a��h��ēdZc�%WqJL^|��L���Fkn����	��%�y��h�n�p�{;dp��:�9g�%����l�`�c\Z���f�w��ap>}�S3dYNO�YjRI��[tQ�U\n&��a�B��j��)Tm�T{�Ս��-����H\Zo\n\0)��L���D����6�E���9�\\񷆋�Qo��\0�Ĵ�A&@��5,�Y�C��a��J�q}=r�Y9���{7X�Hu|Ǧ���1�\r\Z����� \"q�E�o�s޻a��sy�ϸ�ID�8�J*\\N\n�G\ZF	Mj@[�d��P|z? ��K&�Q�(����S�F���T�w%��cm��$\Z�FS�^��7� �\'V�4:����񐉆I��H1�uӎ��\r���6��|�<��3�YD�D��3\\�I\'{���:QƦ&.ea��`SP���n6\0aF�=�Boc���$�$���6��	 �\n��/TίPt�S<К�BH�%A � 9�\'�t��J��C��� -G3�#�F���IGnL�I6��G����!㗸c��6\n`;K��c�n�#�)8g�s.��� \'�\Z\r�Ȅ�J�;i�H�V�Ȫ�\n_��L����|#H[UK�J��F��gM��Ym��ųj�K��)\ny>@U���Q$Do��z���,��1����fks��5�(yJd\n�Y���!%��t��D΅�֣�D��^?�膻U\\���%���ؐ��ipR%��C���\0TŢ#���(���{s��J�O(����z��?~�`� �˝�,M����t�C�4Z:��p��5QIMg�@��)\Z��x6�z��h0E�I9A)�9�҄&�,1���>wi㦑�tĕ<�Hȵ~](kJAH�v�}�aX0O�{������*MW��p�\'�B�2\r*�!��h�{m��x��گ��l�\"������0��j&���i1��DPI�)�!�̈���?�L%D�>n\'1,�}�O������~��B�̀�4T�X�O+uO�i�0%\nAI�^T�#�=t�\0\'>�Ǘ��v�O��:1�/xp��SC�,VZK���p@*�.ҡ5�%I�@1���?E:�/S9��zo��o�o1�l��|`�����0��8�:6�?N��U�С��T��HEc������g��Y�N֑P��O�P�\'�j��BVUY�I����4u�?6lU�q藍@9��ȥ���L|N\\�#u���\r��r����/9���Tx\"Ť�+�6T�E�D��c@��	UԚ�}��zd��\0�@��?\0t�rSN��OA5⪭���C\Z���=��z�/��Z��k��4s�#\r����,FG���H�4&,�>MP>U-u]���a	\n+X��:��1v���f窳�����vY��^�����+��2hK��������jaS#�N�]�XQ�Lt/�PxG*{L��d-ǧ3�H��FQ���(��J��ZR�&�@��%�����0ޯ�]���VVxh���@��Ǣ&!�έ��	����?G4HݔN�v�Јk����(�Ե���S�9��R��^|���jZ�_N4+K�C��u%��Dܵ�U�x��J��+�v�q<�d)��/7sz�����\"����/D���.M]7�Б�VpT�Wh�I5�\r7V�.�d�̛����S�+��s\0���]hw�&�@6�C���^�P���aDzr�V��Q��]��gJ�N\r�7\'K���E_�.d��|_,�����àe�u��G�?�������V�oD���;@K�Z��a\np���\'��%�p$L��z8�4���!l*�\Z���Z�]�DL��u��\"�T��h������)��y!�,A}�P�����\0�|��!\0�f�����@8�}�\n��~��po>���D?�N�p�?�ք��&t��%�:A�\r�. �>$K�N���y�\"�%\r�W��5|@RxRQ�w!mB\'>;��U�������0uN�j[~EL_yx7g~�(on�arhv\0a�\\!��ݓ\0L߯�,����6m����O�괧�NƤ	�tOjK�H�H��Bg��M�%x�|/|��U���*��x��m��@pr�k0@]8i������*o*�芎� N�K�_����oy��u����ӵ��\\��c�TU@�G�Y��}\0���@a\n8�$��c�����6���\"�����\r\'�O��E�Ag�9q���N���;&�Iz�Ɋb��\rP��a��Z�?������Tz�a���G8�U[���U�+|M1n�j@�;F%\'Q0��&6t>zЂDn��?�A�8!|��?�a��\\v��\0\0\0%tEXtdate:create\02016-07-18T01:59:15-05:00�¸\0\0\0%tEXtdate:modify\02016-07-18T01:59:15-05:00�\0�\0\0\0tEXtjpeg:colorspace\02,uU�\0\0\0 tEXtjpeg:sampling-factor\02x2,1x1,1x1I���\0\0\0\"tEXtxmp:CreateDate\02011-09-14T18:02:12��@\0\0\0+tEXtxmp:CreatorTool\0Adobe Photoshop CS4 Windows:�\0\0\0\0IEND�B`�(\0\0\0�\0\0\0\0\0\0\0 \0\0\0\0\0\0\0\0\0\0\0\0\0\0\0\0\0\0\0\0�����������������������������������������������������������������������������������������������������������������������������������������������������������������������������������������������������������������������������������������������������������������������������������������������������������������������������������������������������������������������������������������������������������������������������������������������������������������������������������������������������������������������������������������������������������������������������������������������������������������������������������������������������������������������������������������������������������������������������������������������������������������������������������������������������������������������������������������������������������������������������������������������������������������������������������������������������������������������������������������������������������������������������������������������������������������������������������������������������������������������������������������������������������������������������������������������������������������������������������������������������������������������������������������������������������������������������������������������������������������������������������������������������������������������������������������������������������������������������������������������������������������������������������������������������������������������������������������������������������������������������������������������������������������������������������������������������������������������������������������������������������������������������������������������������������������������������������������������������������������������������������������������������������������������������������������������������������������������������������������������������������������������������������������������������������������������������������������������������������������������������������������������������������������������������������������������������������������������������������������������������������������������������������������������������������������������������������������������������������������������������������������������������������������������������������������������������������������������������������������������������������������������������������������������������������������������������������������������������������������������������������������������������������������������������������������������������������������������������������������������������������������������������������������������������������������������������������������������������������������������������������������������������������������������������������������������������������������������������������������������������������������������������������������������������������������������������������������������������������������������������������������������������������������������������������������������������������������������������������������������������������������������������������������������������������������������������������������������������������������������������������������������������������������������������������������������������������������������������������������������������������������������������������������������������������������������������������������������������������������������������������������������������������������������������������������������������������������������������������������������������������������������������������������������������������������������������������������������������������������������������������������������������������������������������������������������������������������������������������������������������������������������������������������������������������������������������������������������������������������������������������������������������������������������������������������������������������������������������������������������������������������������������������������������������������������������������������������������������������������������������������������������������������������������������������������������������������������������������������������������������������������������������������������������������������������������������������������������������������������������������������������������������������������������������������������������������������������������������������������������������������������������������������������������������������������������������������������������������������������������������������������������������������������������������������������������������������������������������������������������������������������������������������������������������������������������������������������ÿ����������������������������������������������������������������������������������������������������������������������������������������������������������������������������������������������������������������������������������������������������������������������������������������������������������������������������������������������������������������������������������������������������������������������������������������������������������������������������������þ��������������������������������������������������������������ſ������������������������������������������������������������������������������������������������������������������������������������������������������������������������������������������������������������������������������������������������������������������������������������������������������������������������������������������������������������������������������������������������������������������������������������������������������������������������������������y���v���u���v���x���z���~��������������������������������ƺ�������������������������������������������������������������������������������������������������������������������������������������������������������������������������������������������������������������������������������������������������������������������������������������������������������������������������������������������������������������������������������������������������������������������������������������~���}���|���|���|���z���x���r���k���g���d���`�y�\\�s�X~k�Uyf�Tvb�Ut_�Xt_�^yd�i�m�w�y������������������;��������������������������������������������������������������������������������������������������������������������������������������������������������������������������������������������������������������������������������������������������������������������������������������������������������������������������������������������������������������������������������������������������ľ���������~���{���v���u���x���{������������������������������������������~���w���p���k�w�f�p�b�i�`~e�`{c�d}e�k�j�r�p��|��������������ɼ�����������������������������������������������������������������������������������������������������������������������������������������������������������������������������������������������������������������������������������������������������������������������������������������������������������������������������������������������������������������������������������������{���v���s���s���r���t���{������������Ƨ��ή��ֶ��ݾ����������������������������������Ҹ��Ī�����|���j�p�[x`�PlT�IcK�MdM�\\q[�p�o��������������;������������������������������������������������������������������������������������������������������������������������������������������������������������������������������������������������������������������������������������������������������������������������������������������������������������������������������������������������������ǿ��ǻ���������z���s���j�z�`�j�X�\\�Q~Q�M|J�M~H�P�J�U�Q�Y�W�\\�[�_�b�e�j�m�v�y��������ͤ��۴��������������������������������������ǳ���������t��dk�UoX�QiR�VmU�bw`�v�t����������Ͽ���������������������������������������������������������������������������������������������������������������������������������������������������������������������������������������������������������������������������������������������������������������������������������������������������������������������������������������������x���s���n���h���c�r�\\�a�S�O�Js>�Bh-�;a �6^�6^�7a�9c�9e�8f�8g\"�:j)�@s3�I~A�V�R�c�b�r�u������Ц������������������������������������������������u�~�^zb�OiP�E]E�KbK�eze����������ŵ����������������������������������������������������������������������������������������������������������������������������������������������������������������������������������������������������������������������������������������������������������������������������������������������������������������������������������Ŷ�s���b���O�l�D�W�AwI�>o:�<h-�;d$�<b�?b�Bd�Df�Ae�?c\n�>d�;c\r�7a\r�4_�2^�1^�1`�3c�7g%�>o1�J{A�_�Z�{�z��Ø��س������������������������������������������Ʋ�����h�q�LhT�>XF�E\\J�^r`����������ο��������������������������������������������������������������������������������������������������������������������������������������������������������������������������������������������������������������������������������������������������������������������������������������������������������������������r���d���V�q�H�X�;u@�4i.�2b\"�1\\�2Y�7Z\r�=]�B`�Ge�Jj�Hh�Ef�Cf�@d�<b�9`�6^�3[�0Y�.W�.W\n�0Z�4^�@i\'�T}?�f�W�z�q������ߺ���������������������������������������������t���Stg�B^Q�AYJ�RgW�o�q������ı������������������������������������������������������������������������������������������������������������������������������������������������������������������������������������������������������������������������������������������������������������������������������������������������������ƽ�x���d���N�h�:yG�1k1�0d#�6f�9e�9a�9^�<]�C`�Gb�Ga�Gc�Hf�Hg�Fg�Ef�Df�Ce�Ad	�@c\n�?c\n�?b\n�@b\n�@b�@b\r�?a�?a�@a�?`\Z�Ef\'�b�M���~��ײ�������������������������������������������������r���Plb�5N@�1H6�QiS������ʵ���������������������������������������������������������������������������������������������������������������������������������������������������������������������������������������������������������������������������������������������������������������������������������������������n���]���N�t�@�V�5r;�-e$�-_�1_�;d�@e\n�@b�Bb�Fc�Kf�Mg�Jd�Id�If�Ih�Ih�Gg�Gg�Gg�Ff�Ee�De�Ed�Gd�Hd�Hd�Fb�D`�A]�=Y	�;X�Dd\"�Y|C�z�p�����������������������������������������������������|���Vsi�8TD�0M7�EcK�t�{�����������������������������������������������������������������������������������������������������������������������������������������������������������������������������������������������������������������������������������������������������������������������������������������q���X���<�]�+l=�\'c(�*_�0`�7b�=d�Be�Ed�Fc�He�Lh�Oj�Ni�Kg�Jg\0�Jh\0�Jh\0�Ji�Hh�Hh�Hg�Gg�Gf�Fe�Gd�Id�Jd�Kd�Kd�Jc�Hb�Fa\n�B^\r�9X�8Y�Eh3�a�Z������ֺ�������������������������������������������������`�v�0TA�!F.�6[D�`�p�����������������������������������������������������������������������������������������������������������������������������������������������������������������������������������������������������������������������������������������������������������������������������u���_���H�k�4rG�.g2�,`!�,\\�2^�;b\r�@d�Cd	�Cb�Da�Fa�Hc�Ie�Jf�Ig�Ih�Ih\0�Ig\0�Jh\0�Ih\0�Hh�Gh�Fh�Fg�Fg�Ff�He�Ie�Je�Ke�Ld�Kc�Hb�Hc\n�Gc�?^�6X�2V�<b*�T{L�z�{��̫�������������������������������������������������\\�y�5bM�$O9�1ZF�V{l�����������������������������������������������������������������������������������������������������������������������������������������������������������������������������������������������������������������������������������������������������������������t���g���S���:�[�*h9�$Z �-\\�5_�9^�?a�Ef	�Gf\n�Gd�Fb�Fb�Hc�Ic�Hc�Fd�Ee�Gh�Hh\0�Ig\0�Ig\0�Ig\0�Gh\0�Fh\0�Eh\0�Eh�Eg�Fg�Hf�Jf�Kf�Lf�Le�Kd�Hc�Ie\n�Jg�Dd�;]�1W�.U�5\\\"�OwC�s�o��Š�������������������������������������������������X�|�-`L�L9�+SC�[~r���������������������������������������������������������������������������������������������������������������������������������������������������������������������������������������������������������������������������������������������������������uƵ�^���A�n�*sI�`-�!Z�-\\�8`�Ad�Ge\n�Jg�Kh�Kg�Je�Je�Kf	�Mh�Lg\n�Id�Ec�Dd\0�Fg\0�Hg\0�Hf\0�Ig\0�Ig\0�Gh\0�Fi\0�Ei\0�Eh\0�Eh�Fg�Hg�Jg�Lf�Mf�Me�Kd�Id�Jf	�Ji\r�De\r�>b\r�<b�7^�0W�3Y\Z�Ej2�m�e�������������������������������������������������|���M�w�\'[K�C4�.UG�[{r�������������������������������������������������������������������������������������������������������������������������������������������������������������������������������������������������������������������������������������������������s­�X���>�g�*tE�c+�Y�([�7a�@e�Ff�Lh	�Ni�Mi�Lg�Je�Id�Ie�Jf�Jf�Je�Ie�Ig�Li�Kh�Jg\0�Jg\0�Ih\0�Hi\0�Gi\0�Ei\0�Ei\0�Eh\0�Fg�Hg�Jf�Ke�Me�Ld�Kd�Jd�He�Ff�Be�?d	�?f\r�:b�3[�3X\r�:]�Mr7�k�e�������������������������������������������������n���Es�\"UG�H:�6[P�o�������������������������������������������������������������������������������������������������������������������������������������������������������������������������������������������������������������������������������������������së�Y���8�[�\"j7�\"d(�&b�+`�6c�@g�Dh�Gh	�Kh�Lh�Li�Kh�Ig�Gd�Eb�Eb�Gd�Kf�Nh�Pi�Qi�Oh�Mh\0�Lh\0�Ji\0�Ij\0�Gj\0�Ei\0�Dh\0�Dh\0�Eg\0�Gf�Ie�Jd�Kc�Ld�Ld�Je�Fd�Ab�@d�?f�=e�<d�<b\n�@c�Bc�=^�Kq8�s�w��˱���������������������������������������������i���Ayn�!QE� I>�Gjb�u�����������������������������������������������������������������������������������������������������������������������������������������������������������������������������������������������������������������������������������uŭ�V���8�W�\'k7�!_\"�)a\Z�1c�6b�>e\r�Ei\r�Fi	�Fg�Gf�Hf�Ig�Ji�Kj�Ii�Hg�He\0�Je�Lg�Og�Of�Mc�Md�Ng�Mi�Ki\0�Ii\0�Gi\0�Ei\0�Di\0�Dh\0�Fg\0�Hf\0�Je�Kd�Md�Nd�Me�Ke�Hf�Df�Bg�@g�@g�Ag�Ch\n�Df	�Cb\n�=]�Bf#�S~K�u����͹�������������������������}���|�����������y���_���6k`�NA�)QG�Ptk�����������������������������������������������������������������������������������������������������������������������������������������������������������������������������������������������������������������������������u«�Y���<�\\�%f2�\"\\�*\\�7c�>e�Ad	�Df�Gh�Gi�Fh�Ef�Ef�Fg�Hi�Jk�Jl�Jj�Jh\0�Kg�Mg�Ne�Nc�K_�La�Nf�Lh�Jh\0�Hi\0�Gi\0�Ei\0�Eh\0�Eh\0�Gg\0�If\0�Kf�Me�Oe�Pe�Of�Mg�Ig�Fh�Dh�Bh�Bh�Di�Gj�Gf�Eb�Ca�@a�=d(�T�S�y����̿�����������������|���x���t���u���|������v���O���,`T�H<�0ZO�`�~�}�������������������������������������������������������������������������������������������������������������������������������������������������������������������������������������������������������������������s���R���7�W�)l6�(]�,X�6Z�Ec\r�Mh�Mg�Kg�Ig�Fh�Ej�Fl�Ek�Di�Dh�Eh�Gj�Ij�Ki\0�Kg�Kf�Md�Nc	�Nc	�Nc�Ld�Je�If�Hg�Fh�Eh\0�Fh\0�Gh\0�Ih\0�Kg\0�Ng�Pf�Qg�Rh�Qi�Oi�Ih�Df�Dh�Ei�Ch�Cg�Fg�If�Je�Hd	�@_\r�5X�?g1�Z�^����������������}���w���v���o���n���s���~�������h���C|s�PD�L>�8eX�T�v�q�����������������������������������������������������������������������������������������������������������������������������������������������������������������������������������������������������������w���S���6U�%i3�&_ �2^�:\\�C]	�Od	�Ug�Sg�Ne�Hd�Fh�Fk�El�Dl�Cj�Ci\0�Di\0�Gi\0�Ij\0�Ki\0�Jg�Ie�Jc�Lb\n�Nc�Md	�Kc�Jd�Ie�Gf�Fg�Fg�Fh\0�Hh\0�Ig\0�Lg\0�Og�Qg�Qg�Qh�Ph�Mh�Ig�Df�Eh�Ei�Dh�Eg�Ih�Lg�Mf�Le�D`\n�7W�7[�En<�e�p�������������~���u���r���m���j���k���v�������v���Y���+dZ�L>�N=�4dV�T�x�s�������������������������������������������������������������������������������������������������������������������������������������������������������������������������������������������������������[���8�Z�$f1�#^�.^�?c�Hd�Nc�Ud�We�Ue�Mb\0�Fa�Hh�Gk�Bi�Aj�Bk�Dk\0�Fj\0�Hi\0�Ji\0�Ki\0�Jg\0�Hd�Ga�Ha�Kc\n�Kd	�Jd�Je�Ie�Hf�Gf�Gg�Gg�Hg\0�Jf\0�Lf\0�Og\0�Pg\0�Pg\0�Nf�Le�Je�Hg�Gh�Fi�Ei�Eg�Hi�Nl�Ni�Mf�Nf�Jd\n�?]�8Z�:`&�NzO�m����Ƚ���������w���o���m���i���e���m���w���|���l���C}w�!WJ�B1�Q?�<m]�X�|�s�����������������������������������������������������������������������������������������������������������������������������������������������������������������������������������������������i���D�h�.m;�\'^�0_�;a�Ec�Kc�Pd�Uc�Vc�Tc\0�Pc�Ld�Kg�Gi�Bh\0�@h\0�@i\0�Bi\0�Ei\0�Hi\0�Jh\0�Kh\0�Ie\0�Gc�Fa�Fb�Hd	�Je	�Je�Id�Hd�Ge�Gg�Hh�Hh�Ig\0�Kg\0�Mh\0�Ph\0�Ph\0�Ph\0�Oh\0�Mg\0�Jf\0�Hf�Gh�Fi�Fh�Eg�Gg�Lj	�Ni�Oh�Nf�Jc�C`�;\\�6\\\Z�@i5�W�a�}�����������}���o���l���h���d���g���n���z���s���T���/f\\�D3�H2�([D�@r_�Y���t���������������������������������������������������������������������������������������������������������������������������������������������������������������������������������������u���N�p�1rB�,b$�2^�?c�Fd\r�Hb	�Lc�Od�Sd�Tc�Sb�Rd�Qg�Mg�Hg\0�Cg\0�Ah�Ai�Bh�Eh\0�Gg\0�Jh\0�Lg\0�Jf�Hd�Ec�Ec�Fe�He�Ie�Id�Hd�Ge�Gf�Hg�Ih�Jh\0�Li\0�Ni\0�Oi\0�Pi\0�Oi\0�Pj\0�Ni\0�Kg\0�Hg�Gh�Gi�Gi\n�Ff�Fe�Hf�Lh�Oi�Me�Ic�Ea	�>_\r�8]�8_$�FrE�g�}�������������q���j���f���c���b���e���s���u���b���>uo�M=�E-�O2�.aF�Cxd�\\���z��������������������������������������������������������������������������������������������������������������������������������������������������������������������������������Ǫ�Y�z�6yK�\"^&�-\\�<a�Ec�Id\n�Je	�Ng\n�Qh�Rg	�Rd�Qc�Qd�Rf�Nf�Jg�Gi�Gl�Hn�Hl�Hi�Gf\0�If�Mi�Ni�Lh�Hf�Ee�Ce�Ed�Gd�Jf�Kh�Hf�Fe�Fd�Hf\0�Ki\0�Mj\0�Ni\0�Ni\0�Ni\0�Mi\0�Mi\0�Li�Lj�Ji�Hi�Hj\n�Hj�Gg	�Fd�Ec�Ie�Lg�Ke�Ic�Ea�Ba�>b�6]�<h3�Y�e�u�����������u���g���`���`���]���^���k���s���l���L���#VI�J0�M*�#V2�1gJ�Fn�a����������������������������������������������������������������������������������������������������������������������������������������������������������������������������ͳ�e���B�Y�*i4�#Y�1]�?b�Fc�Ie\n�Jg�Li�Mh�Le�Lc�Mc�Oe�Qf�Nf�Kf�Ii�Ik�Jm�Jl�Ii�Hf�If�Mi�Mj�Lj�Hg�Ef\0�De\0�Ee\0�Ge\0�Kh�Ki�Hf�Fd\0�Ge\0�Ih\0�Lj�Kj\0�Kh\0�Kh\0�Ki\0�Lj�Kj�Jj�Lk�Ji�Gg�Gh	�Hh�Hg\n�Ge�Eb�Hd�Jg�Kg�Hd�Da�Dc�Cf�6^�6a\'�K|Q�f����������w���e���\\���]���Y���W���c���m���n���U���/`V� P5�M$� R%�)^6�7qT�N�u�k�����������������������������������������������������������������������������������������������������������������������������������������������������������������������m���H�f�/n?�(b)�.a�5`�<a�Ab�De�Fh�Eg\r�Cd	�Aa�C`�Hc�Le�Og�Nf�Le�Jf�If�If�Ig�Ih�Ih�Jh�Jh\0�Ih\0�Hg\0�Gg\0�Gg\0�Hh\0�Hh\0�Ih\0�Ji�Jh�Ge�Fe\0�Ih\0�Lk�Ml�Ii�Ff\0�Fg\0�Hi�Jk�Ij�Hj�Hj�Fg�Cc�Dc�Ed�Hf	�Hf	�He�If�Jh�Jh�Hf�Ca�De�Ei�8_�3]�?o@�W�p�r���|���w���d���Z���[���V���S���\\���e���j���X���;jc�(T9� L �$S�)\\*�0g?�AzZ�Z�z�{����¿���������������������������������������������������������������������������������������������������������������������������������������������������������z���K�{�*oM�[/�U�#X\Z�+Z�1[�2[�5]�9a�:c�;c\r�>b�Bd�Ff�If�Ke	�Le	�Le�Kc�Jb�Ib�Je�Kh�Ki�Ih�Fe\0�Ff\0�Gh\0�Jk�Lk�Jj\0�Ih\0�Ig\0�Ji�Ki�Ih�Ih�Ji\0�Jj�Hj�Fg�Df�Bf�Be�Ad�?c�?c�@d�Bd�De�Ff	�Hg	�Ig	�If�Hf�Gg�Hh�Ii�Gg�Cd�Ce\n�Bf�;a�5_�7f2�K�_�i���v���t���f���[���W���S���S���Y���`���d���X���Bpl�-X<�\"M�)U�,]\"�,b.�7oC�J�`�g���������������������������������������������������������������������������������������������������������������������������������������������������������������Y���-zi�_D�W2�U(�W#�%]%�*_$�)\\�+\\\Z�._�0`�3a�:d�?f�Dh�Ee�Fb\n�Jd\n�Md\n�Nc�La�J`�Kd�Mi�Lj�Ih�Cd\0�De\0�Hj�Mn�On�Kj�Ih\0�Ig�Jh�Kj�Lk�Kj�Ji\0�Fh\0�Cg�Cg�Bf�?e�;b�8_�:a�;a�9^�>a�Eg�Ji�Kj\r�Jh	�Hg�Hf�Ff�Ef�Gh�Gh�Eg�Bd�?c�=b�9a\Z�3a)�CwQ�`���o���q���g���[���Q���O���S���W���\\���^���V���Eur�/\\?�$N�-X�0^�-_\"�1f0�>sG�V�j�x�������������������������������������������������������������������������������������������������������������������������������������������������������j���9���lf�dV�pY�+x[�4~\\�9Z�:~V�:zO�7tD�3m7�*a&�%Y�+Z�3^�;c�?b�B`�Gb�Me\r�Sg\r�Rd	�M`�Kb�Ke�Lh�Ji�Eg�Eh�Gi�Jl�Lk�Jh�Li�Nk�Ki�Hf\0�Hf�Hg�Gg\0�Eh�Ch�Ah	�>e�9b\r�8b�<f�Hr$�Iq#�:`�9]	�Ac�Hg�Ki�Jg�Ig�Ih�Gf�Ee�Gh�Hj�Gh�Df	�@c\n�9^\n�5\\�4a%�>rI�R�y�i���t���f���V���K���I���L���Q���W���\\���U���Fyt�2`A�\'Q�-W�1\\�0_�/a �5h2�K|W�l���������������������������������������������������������������������������������������������������������������������������������������������������}���R���.���!|��(���@���P���X���Z���Z���Y���U�}�L�i�>|P�2l9�/e*�0a �3_�5\\�8[�B`�Le�Th�Tf�Ob�La�Jc�Kf�Ji�Ij�Gj�Fh�Gg�Hg�If�Mj�Pm�Kh�Fd\0�Fd\0�Gf�Hi�Fi�Ah	�<d�8c�:f�Fs.�W�B�i�S�d�J�Cj#�7[�;\\	�Ca�If�Jf�Kh�Li�Ig�Ed�Gh�Ij�Hi�Fg�Ad�9]�4Z\r�3_ �:nA�J�o�c���r���a���Q���G���B���C���J���R���Y���T���E}v�2cC�\'S�-V�3\\�5`�1_�2a#�CrF�_�p������ǻ�����������������������������������������������������������������������������������������������������������������������������������������\\���D���>���K���^���r���z���}���������������~̼�x���m���_�z�O�_�?wB�/a%�(T�+R�;]�He�Le�Od\r�Pd\n�Mc�Jb�Id�Jg�Kj�Ii�Gf�Ec�Fc�Jg�Mi�Mi�Kf�Ie\0�Jg\0�Lk�Mn�Fj	�<c	�1[�3`�Fu4�i�_������Ȓ���{�S|>�8]�3T�;X�D`�Je�Ni�Pl�Li�Hf�Ih�Ii�Hh�Fg�Bd�?b�9^�0Z�6h9�I�l�^���i���[���M���E���=���;���D���N���T���P���D�w�/dB�$R�.W�6]�:b�7`�5_�<i8�O}]�n�������������������������������������������������������������������������������������������������������������������������������������������v���T���O���Y���h���w����������������������������������������̶�w���d�}�M�X�;n7�/]�/W�4W�=\\�Ga\r�Nf�Ng\r�Le\n�Ic�Hc�Jf�Kg�Kg�Jf�Jf�Lh�Mh�Ng�Lf�Kg�Kh\0�Lj�Kk�Cf	�:a\r�6a�Cr1�c�_������߶�����ɜ�`�W�=b&�3S\n�:W�F`�Mf�Qj�Rk�Mi�If�Jh�Ji�Hg�Gf�Ff�Ee�?b�1Z�5g4�G�h�Y���b���V���K���C���;���9���B���K���N���K���?�u�)c@�P�.Y�9`�=a�;_�8^�4_,�?nK�\\�s�����������������������������������������������������������������������������������������������������������������������������������������m���_���e���p���q���s���v�����������������������������������������������}���c�t�G|G�,[�#L�.S	�;\\\r�Fd�Lh�Nh�Ic�G`�H`�Ld�Pi	�Rk	�Qk�Ni�Mg�Ng�Oh�Nh�Kh�Hg�Ef�=a�:b�Cp+�^�V������ݼ����������ϯ�i�j�Di5�6U�=Y\n�Jc	�Pi�Sk�Qi�Mg\0�Jf�Jh�Jh�Ig�Ig\0�Ih�Ig�Cd�5]�6g2�E�b�U���]���S���H���A���;���9���B���H���I���D���9p�\"a<�O�.[�;b�>`\r�?_�:]�0X#�4b<�L}a�q����Ÿ���������������������������������������������������������������������������������������������������������������������������������q���l���g���`���U���R���Y���h���yʻ������������������������������������������ҳ�y���W�W�<j/�/X�.S�5V�>]�Fc�Kf�Jc�G^�H_�Lc�Pi�Qk�Mh�Kf�Le�Mg�Mh�Lg�Jg�Ff�;`	�8b�Jx9�n�o��ӱ��������������Ϸ�m�v�Hl>�5T�;V\n�Ga�Oh�Rk�Pi�Nh�Lg�Kg�Jg�Jh\0�Jh\0�Ig�Hg�Cd\r�7_�7i2�A_�R���\\���R���G���>���8���6���<���B���G���@���1|h�`7�\ZQ�.\\�=b�B`�C`�@^�3Y�2_2�CrR�c�}�������������������������������������������������������������������������������������������������������������������������������������w���m���Y���D���5�x�2�i�;�g�I�q�\\���r���������������������������������������������������j�l�Fr;�1X�*N�0R�<[�He�Lf�H_\r�F]�G_�Lg�Nj�Kg�Je\0�Id\0�Lf�Ng�Mg�Lg�Hf\n�;_\r�:c�S�H�{��������������������̹�n�{�InC�5T�8U�D^	�Mg�Pk�Ni�Nh�Nh�Kf�Jf�Jh\0�Ih\0�Gf�Ef�@d�6`�5i4�?~^�Q���]���Q���E���:���4���3���8���?���F���>���,x_�a4�U�1]�?b�Fb�Ib\r�E`�:\\\Z�5^*�<iC�W�k�|�����������������������������������������������������������������������������������������������������������������������������������x���Y���<�q�(lM�%d=�%`2�%_+�.g2�<vD�K�]�_��|��������������������������������������������Ӵ�x�}�OxH�/U�*L�2Q�@]�Hd�Ic�Ga�E`�If�Kh�Jf\0�Ie\0�Ie�Mh�Pi�Nf�Jc�Fb\n�=_�Bj*�b�]����������������������ɹ�l�z�IoE�7X�8W�A_�Kg�Mi�Kf�Ke�Me�Le�Ke�If�Gg�Ef�Af\n�;d�1`�2i7�>~a�S���^���P���A���7���1���0���8���A���H���?���.vY�%d4�([�6`�Cd�Lf�Of�Kc�?^�7\\ �7a2�M{X�o����ĵ�����������������������������������������������������������������������������������������������������������������������������k���D�r�-iF�#V(�*X �-Y�)T�,X�1`�3g*�?xD�Y�l�w��������������������������������������������Թ����SzO�9\\*�-N�1Q�;Y�Gb�Hd�Gc\n�Ge�Ig�Kh�Jg�Ie�Mg�Ph�Ne�Ja�E_	�>^�El0�h�g�������������������������_�n�Bh>�8Z!�9Z�@`�Ge�Jh�Kg�Lf�Me�Ld�Ke�Jf�Fe�Ac�=c�6b�-` �1k=�?�f�S���]���M���=���4���/���1���9���D���L���@��+nO�\'a/�-^�:a�Ee�Ng	�Qg\n�Nf�C`�9\\�5]&�EsI�c�x�����������������������������������������������������������������������������������������������������������������������������s���R���2pQ�*^1�0Z �=a�Be�?b�<`�7_�.[�*]�3j2�O�]�x���������������������������������������������������\\�Y�6Y(�%G�+K\n�?]�He�If�Gd�He�Nk�Li�Hd�Kf�Ng�Nd�Ka�F_\n�>]�Ci.�d�d������������������������ItX�4[0�6[�;^�@b�Bc�Gf�Mk�Oj�Ng�Ld�Kd�Lg�Fc�=^�8^�3`�-a&�2nD�A�n�S���Z���I���9���1���0���4���<���F���P���?�w�$cA�%[&�0]�<b�Ed�Le�Pg�Og�Ea�;]�6\\�Am>�Y�j�{���������������������������������������������������������������������������������������������������������������������������c���>�j�#_;�%W$�3[\Z�?a�Ee�De�Ad�<a�5^�.[�)Z�6k4�S�a�x���������������������������������������������������_�[�5Y&�(J�5U�?]�Fc\r�Fa�Ic�Nh�Lg�Jd\0�Mf�Ph�Qg�Od	�Ib�@^�Ch,�`�^������������������¹�i���6aD�\'P!�3Z�>b�Dg�Ce�Ff�Kj�Nk�Oi�Kd�Jb�Nf�Ic	�A^\n�:]�3^�/b.�5qN�D�y�Q���S���C���4���,���.���7���@���I���P���=~l�!Z6�&W!�3^�=b�Dd�Hc�Lf�Lg\n�Da�<\\�7[\Z�=g5�O�]�q����·���������������������������������������������������������������������������������������������������������������������W���0tX�\ZV.�#U�5]�<_�@b�Ce�Be\n�@d\n�?e�:b�/Z�,[�5h4�P�]�v���������������������������������������������������U|O�4X\"�.P�6T\n�A]\n�F_�Jb�Me�Me�Le�Ng�Qi�Si	�Pg�Jc�@_�Bf(�Y�R�}�������������������U�r�)U5�!K�1Y�?e�Gk\n�Fi�Fh\0�Hi\0�Mk\0�Pj\0�Kd�Jb�Nd�Ld�Fa�<\\�4\\\"�2c7�:v[�I���N���K���>���1���)���/���;���F���M���L���9s^�!T.�(U�7^�?b�Dc�Eb�Hd�He	�C`�=\\�9Z�;c-�GwQ�h���������������������������������������������������������������������������������������������������������������������������P���+nN�U\'�&X�:c�=a�@`�Cd�Cd�Bd�Dg�Cg�<b�2\\�-[�:k7�X�c�����������������������������������������������������T{K�2U\Z�0P�=Y�F`\n�Md�Pf�Pg�Og�Ng�Ng�Nf�Kc	�E`�=\\�<a �Ku?�o�t��ж���������u���Hxc�(U4�%O�4]�>e�Di�Hk�Il\0�Jl\0�Ml\0�Nl�Mi�Le�Mc�Lc�Gb�9Z\Z�0Y\'�3fB�?}j�O���M���D���;���3���/���7���E���O���O���B�v�2iL�%U(�.W\Z�:^�Bb�Ec�Fc�Gc�Gc�Fa\n�A^�;\\�9a(�CpG�a�u���������������������������������������������������������������������������������������������������������������������~���L��(kG�T\"�)Z�>f�Ac\n�Cb�Ff�Ee�Cc�Gg�Ii�Ff\r�<`�1Y�2^�Br=�f�p��Ƨ������������������������������������������׸�|�}�Hm9�5W�6T�A[�Lb�Rf�Rh�Oh�Nh�Mg�Le�Ib�D_�=\\�:_�Ai.�_�\\�������������v���Hw`�\'S2�$N�4\\�=d�Bh�Fj�Hl\0�Il\0�Jl�Jk�Ii�If�Jb�Ia�C`\Z�5X �.Z0�7nS�F�}�S���K���>���8���5���6���B���O���T���M���8u^�,`9�*W\"�3Z�?_�Ec\r�Id	�Jc�Kd�Kd�Kd	�Fb\r�>]�9^\"�>j=�Z�j���������������������������������������������������������������������������������������������������������������������zƾ�I�z�&hA�S�)Z�Ag�Gf\n�If�Ki�Hg�Ec�Je�Mg�Je�Dc	�<`\r�5]�6b �Cr<�i�p��մ������������������������������������������Ա�p�l�Gk4�0O�7Q�DZ�Od�Qg\r�Mg�Nh	�Nh\n�Mf�Je�Gd�Aa�;`�:b!�P{D�z�~��˫��ؾ�����W�l�%P0�F�/W�;b�Ag�@f�Bg�Ej�Dj�Bh�?d�Ab�Hc�D_�:Z�0X(�0bA�?{i�M���T���H���8���5���7���@���M���X���U���F�x�0iF�)[(�/[\Z�9^�Ca�Jd	�Ne�Pd�Qe�Rf�Rf�Ld�A^�8\\�9d2�T�^�y�������������������������������������������������������������������������������������������������������������������wº�H�v�\'i>�U\Z�,Z�Bg�Hf�Kg�Lj�Jh�Hd�Mf�Pf�Md�Id�Ed	�<`�4]�3^�KzC�|����ڹ������������������������������������������ǣ�h�a�<_\'�4Q�;T�Ja�Ld�Hc�Ke	�Lg\n�Ke�Je\r�He�Bc�<`�7^�Ak.�]�X������ұ��ƫ�p���4^?�H�&N�1X�9a�;b�>e�Ai�@j	�=i\n�;e\n�<b\r�@`�;[\Z�2X#�2`9�9rZ�H���O���N���B���6���7���>���I���T���X���N���=z_�,a4�*Y�4^�>a�Ge�Ng�Qf�Rd�Td�Te�Tf�Nd�B^�7Z�6`*�O|S�s����ɸ�������������������������������������������������������������������������������������������������������������u���H�s�*j=�W\Z�/\\�Cf�He�Je�Lh�Lg�Lf�Pg�Qf\0�Nd\0�Le�Jf�Cd	�9_�1Y�9d\"�U�L�����������������������������������������������������V|O�9Z#�3P�A[�E_�D_	�Hc�Jd�Ib	�Hb�Hd�Cd�=a�6]�5_�?l5�f�f������ͮ�����P{]�/X3�#K�&N�/W�6]�:b�;f�:h�8h�7e�6b�7^�2Y#�.[1�7nR�C�x�M���M���C���;���7���=���F���P���T���P���A~i�4jE�,])�.Z�8_�Ad�Jh�Oi	�Rg�Rc�Sc\0�Sd\0�Rd�Mb�C^�8Z�5]#�KwJ�n�{��ï�������������������������������������������������������������������������������������������������������������v���G�q�*h;�\"X�2^�Fh�Kg�Le�Ke�Kd�Kd�Of�Qg\0�Of\0�Mf�Kh�Gf�@b�5Y�3Z�?h(�m�d��Ч������������������������������������������Ӻ�t�}�Ek@�/P�6T�?[�Hc�Ke�Jd�F`�E_�Fb\n�Dd�@d�:a�2]�-\\�Ev@�j�o���������x���V�b�5^:�%N$�#K\Z�,U�0Z\Z�/[�,\\�)\\�*]�,]�/])�0`8�2hM�=~p�F���J���D���7���5���:���C���K���P���L���A{n�4iK�-]0�0Z �4[�;_�Bd\r�Hg�Lg�Nf�Nc�Ob�Pc\0�Pc\0�Mb�F`�:[�5]�HsC�i�s�����������������������������������������������������������������������������������������������������������������y¹�H�q�+g:�$X\Z�3^�Fh\r�Mh�Ne�Kc�Jb�Kc�Ne�Pg�Og�Mg\0�Jg�Ig�Ee�>_�7Z	�7\\�Sz=���w��ݸ������������������������������������������ë�_�i�:_6�.P�6U�Gc�Ke�Jc�G`�F_�Fa�Fd�Cf�>c�4^�)X�0b$�GyE�n�t���������x���U~b�;dE�-V2�-X,�,Y\'�(W!�%W�#Y�%\\\"�)`/�0f@�8qV�?p�D���F���D���;���0���2���:���C���G���D���:yv�.cQ�&V5�\'R$�/V�5Y�8\\�=`\r�Bb�Ec	�Hd�Jd�Lc�Nc�Nd�Md�Ic�<]\r�4[\Z�Ep<�e�k������������������������������������������������������������������������������������������������������������������ȿ�O�u�.i<�#W�0Z�Cc	�Le�Od�Nd�Lc�Kc�Le�Mg�Nh�Lg�He\0�Ig�Ji�Ji�Cd�:\\�Ae�\\�H�����������������������������������������������������W�a�-T(�+N�=\\�D`�Hb�Kd�Kc�Ic�Hd	�Fd�@b�9`�3`�.^�3c#�M{E�j�j������������l�z�V�d�?mL�1c<�,a6�-c6�/h:�0l@�5rM�?}a�K�|�S���M���D���>���7���0���2���6���:���6���+t{�!`[�\ZP?�\ZK-�L\"�\'P�+S�.U�2X�6Z\r�9\\�?a�Hf�Kf\r�Le	�Of�Og�Kf�>^�2X�Al6�a�e���������������������������������������������������������������������������������������������������������������������U�y�2k=�$V�0W\n�Ba�Ld�Pe�Mc�Lc�Ld�Ke�Kg�Lh�Jg�He�Hf�Ih�Ml�Ih�>^	�9[�Ei\'�v�f��ͣ���������������������������������������������s���?lH�-U\"�1T�9Y\n�D`	�Mf�Pg\n�Ne�Me�Jd�Da�@b	�=e�6a\r�3^�=f\"�Pw>�i�a�|�|���������s���]�s�N�f�F�a�F�b�H�f�H�l�L�v�R���X���Y���O���C���;���6���3���5���7���6���1���)t}�&ii�\'cZ�+dP�0eH�4eC�3c:�0^.�,Y!�*T�)R�1X�?b�Ee�Hd\r�Kf\n�Lf	�Hd�<]�3Z�@k5�_�b���������������������������������������������������������������������������������������������������������������������[��6nA�&V�1W\n�Ca�Ne�Qf�Lc�Lc�Me�Kf�Ig�Hg�Hg�Hg�Fe�Ee�Ih�Hg�Bb�:Z�;]�Uz<�}�t��׵���������������������������������������������^�u�;h>�\'O�/R�>\\�Kf�Ri�Sg�Rg�Pe�Kb�Gc�Eg�Dh�Af�=_�@a�Mp1�^�N�o�l�y���{���w���p���h���d���c���b���b���a���[���R���J���A���8���6���9���<���=���8���7���;���B���J���P���R���P�~�H�n�=vZ�1fD�\'X.�N�$O�2Z�;_�Aa�Eb�Ea�A_	�9\\�5^�@m6�]�`���������������������������������������������������������������������������������������������������������������������f���>vI�)X�0W\n�B`�Nf�Rh�Of�Me�Le�Je�Gf�Ee�Ef�Gg�Ef�Dd�Fe�Ff�De�>_�:\\\r�Bf!�]�L�������������������������������������������������y���P�`�-X(�,R�7X\r�Gd�Ng�Od�Qe�Rf�Oe�Lf�Ji�Ij�Gh�Dd�Ba�Ba�Fe(�Mn?�U|V�]�j�b�y�e���e���d���c���`���]���Z���O���B���7���0���,���1���<���D���H���G���J���Q���V���\\���d���h���e���`���X���T��K�i�7kH�)Z-�%R\Z�+T�5Z�<^�@a\r�Ab�9^�2\\�;h2�X�[���������������������������������������������������������������������������������������������������������������������r���GS�+[�/W\n�@`�Lg�Rj�Qi�Og�Lf�If�Fe�Cd�Ce�Eg�Df�De�Dd�Dd�Df�Bd\n�>`\r�8\\�Ek.�j�f����������������������������������������������ǽ�h���>kF�.V#�/S�?^�Gb\n�I`�Nc�Qg�Og�Lg�Ii\0�Hj\0�Hj�Jj�Hg	�@]\n�9W�5U�8\\+�=i<�EyN�L�\\�R�g�V�n�V�q�S�r�N�s�H�t�=�p�0}m�&vo�$uw�+~��7���F���N���T���W���\\���c���d���e���m���r���p���n���n���u���q���Y��?vX�*]5�&T\"�+U�1X�9]�?d�7_�-X�6c/�S�W���������������������������������������������������������������������������������������������������������������������~���Q�\\�-^!�.W\n�=_�If�Oj�Pj�Oi�Lh�Jh�Gg�Df�Df�Fg�Fh�Fh�Ef�De�Cd�Df�Be�7Z�9^�OwE�w�~��һ���������������������������������������������Y�n�6`9�&L�0R\r�<[	�Fc	�Kg�Li�Hf�Cd�?d\0�Bh�Fl�Jk�Ih�Eb�@]�;Z�9\\�9`\"�9f(�:k-�<n2�Ao7�Ep<�FqA�@qC�5mA�(f>�a?�!fO�.ui�F���W���_���]���Z���]���d���k���j���h���m���o���j���k���p���{�������w���h���S�v�9mM�%T(�#N�*R�4\\�1[\Z�+W�5b2�RY����������������������������������������������������������������������������������������������������������������������ê�[�g�1b(�.X�;_�Fe�Lj�Nj�Nj�Li�Ji�Hh�Eg�Df�Ef�Fh�Fi�Fh�Ce�@b�Be	�Dg�:^�5[�=d,�]�\\�������������������������������������������������p���FrV�+R\'�+O�4W�Ac�Ef\r�Eg�Dg�Af�=d�>f�Bi�Gi�Ig�Hd�Eb\n�A`�>_�;`�7`�5a�6a�;`�@`�Bb�=b!�2`\"�([#�#[*�.iD�Ae�Z���d���`���V���N���Q���V���Z���]���a���j���m���i���h���l���w����������~���r���V��6lO�&V*�!N�(T�(T�)U#�5b8�S�]����������������������������������������������������������������������������������������������������������������������˵�g�u�9j1�1\\�;_�Ef�Ji�Kh�Li�Lj�Jh�Hg�Fh�Df�Cd�Ce�Eh�Fi�Cg�=a�?c�Cg\r�Ae�:_�3Y�Fo?�l�u��¯���������������������������������������������]�w�=gD�0V\"�1V�:_�<`	�>b�Ej�Gn�Cj�>f�=c�De�If�Hd�Eb�Cb�Ab\n�?c�=e�<e�>d	�Bc\n�Fa�F`�Cb�>d\Z�9f\"�:j/�I|K�X�g�a�z�Z�{�G�o�9tf�2ma�6qe�8sh�6tj�@�z�Q���c���n���m���j���h���m���s���x���~�������v���_���<qQ�%V*�N�M�%S\'�6c=�V�c�������������������������������������������������������������������������������������������������������������������������v���Cs?�4_�8]	�Ce�Ii�Hg�Jg�Kh�If�Ge\0�Hh�Fg�Cd�Bd�Bf�Fj�Ej�?e�Ae�Dg\n�Cf�<`�0U�9`(�S}R�{����̾�����������������������������������������t���Qz_�5\\.�/U�8]�<`�?d�Fk\n�Gm	�Ci�Bg�Bf�Gf�Jf�Ie�Ge�Ee�Ce�Af�>f�>f�@f�De�Hc�Hb	�Fc�Bd�Bh�Fp.�T�G�^�X�[�\\�L}R�7i@�/`:�.^9�3b=�2b>�-^>�3hM�Azd�N�~�\\���k���q���p���m���k���p���z���������������`���?sR�%W/�\ZJ\"�N(�3a@�W�h�����������������������������������������������������������������������������������������������������������������������������NO�5a!�2Y	�?c	�Hi�Gg�Hg�Ig\0�He\0�Ge\0�Jh�Ih�Ef�Ad�Ae�Fk�Gm	�Dj�Dh�Eg	�Cd�=_\r�4W�4X\Z�Ag4�b�g������������������������������������������������d�{�>f@�0W �6\\�=a�Bg�Ej�Ei�Ce�Gh�Kk�Lh�Kf�Kf�Ig�Gg�Cg�@g�>f�>g�?g�Cg�Gf�Ie�Gd�Cb�Df\Z�In\'�T|8�W�@�Mw8�?i+�1Z�1Y\Z�6]�:_�9^�4[ �3])�4c8�5iI�C~j�`���r���x���r���k���m���u�������������������c���6jL�N.�H)�.^B�W�m��������������������������������������������������������������������������������������������������������������������������ʮ�Y�_�5a%�)Q�9]�Dg	�Gh�Hg�Hf\0�Jf\0�Kg�Kh�Jh�Hi�Dg�Ch�Fk�Gm�Gl�Hj�Hh�Dd�Aa�>^�8Y�7Z �NuI�o�|��ð�����������������~���y���y���������������x���O{_�5_3�,T�3Z�?e�Di	�Gi�Hg�Li�Oj�Ng�Ld�Kd�Hd�Ff�Cf�Ag�@h�@i�Bj�Ei�Gf�Gd�Fb�Ba�Ab�Be�Gk�Hm\"�Af�;`�8\\�<^�@a�A_�Ca�De�=`\Z�2Z�*X\'�0fB�J�r�`���q���x���y���v���u���x�������������������N�p�&ZB�F.�+ZD�X�r��������������������������������������������������������������������������������������������������������������������������׿�h�r�;g0�%L�2X�@d	�Fh	�Hg�Ge�Kg�Lh�Jf\0�Ig�Ii�Gj�Ej�Fk�Gk�Gk�Ij�Ih�Gd�Eb	�Fb�>[�5U�?d1�X�\\�~����̾�������������z���t���s���y���������������`���?mO�\'S%�*T�7_�Bf�Hi	�Kh�Oh�Qh�Oe�Mb�Lc�Jd�Gf\0�Dg\0�Ch\0�Ah�Bi�Dj�Fi�Hg�Hd�Fb�Cb�Aa	�@a\n�@c�@b�<_�=_�Bc�Fe�Gf�Ea�Gc�Mk�De�4Z\r�)U�)Z&�6nJ�K�t�e���z�����������x���t���z���������������h���7m]�J9�+[J�Y�v�����������������������������������������������������������������������������������������������������������������������������{���HtB�\'O�/T�<_	�Ef�Hf	�Gd�Kf�Lg�Hd\0�Fd\0�Ef�Gi�Hk�Fi�Eh�Eg�Gg�If�Jd�Jc�Ia�C]�<Y�7Y �Bj<�f�s����������������w���q���n���m���q���}������l���L�s�*\\=�$R�,V�=b�Hh�Mg�Pf\n�Qe�Pb�Ob�Pd�Ng�Kj\0�Gj\0�Ei\0�Bf\0�Be�Cf�Gg�Jg�Kg�Jg�Ge�Ff�Fh	�Fg�Ef\r�Bc�Ee�Ki�Mk�Kj�Fd�Ec�Gg�Be�:`�4]\n�/\\�,_*�:sM�V�{�v�����������~���y�����������������������O�}�$XL�1aT�[�{���������������������������������������������������������������������������������������������������������������������������������Z�Y�0X�/T�8Z\n�Cc\r�Gd\n�Gc�Ke�Mg�Kf�Ge�Dd\0�Gh�Ik�Gi�Fh\0�Fg\0�Gf\0�Ie�Kd�Lc�Lb�I`\r�C]�8W�:_*�P|T�l���������������w���n���j���f���f���o���u���q���X���4lZ�\"U.�\"O�6]�De�Ke\r�Oe\n�Qd�Pb�Ob�Qf�Pi�Nl\0�Kk\0�Hi\0�Ff\0�Ee\0�Ff�Hf�Jh�Kh�Ki�Jj�Kk�Kk�Jj	�Hg\n�Ge	�He	�Kh	�Lj�Lk�Ji�Hh\0�Eg\0�Cg\0�@f\0�=e�7b�-\\�2e1�F|X�i����Ļ���������������������������������f���3ha�7h_�[�������������������������������������������������������������������������������������������������������������������������������ռ�q�s�@f0�3V�6W�Aa\r�Fc\n�Hc�Ke�Ng�Oi�Kg�Fc�Gf�Jj�Ij�Hj�Hi\0�Hg\0�He\0�Id�Kc�Nd�Mb�I`�@[�;]!�?i9�T�c�s�����������x���l���h���d���c���d���h���p���a���B�{�&_B�\ZM�.X�>a�Fa\r�Mc	�Qd�Ob�Nc�Pg�Pj�Ol\0�Mk\0�Ki\0�Jh\0�Jg�Jg�Ig�Ih�Hg�Ii�Lm�Nm�Mk�Li�Jg�Ie�Hc�Gb�Ie�Mj�On�Mn�Fi\0�Ei\0�Fj�Ek�?h�4_�1^�9i9�W�l�w�����������������������������������z���Czv�>pk�\\���������������������������������������������������������������������������������������������������������������������������������������SvG�7W�3Q\n�B`\r�He�Ie�Ke�Lf�Nh�Mg�Kd�Ke�Kg�Ji�Ij\0�Hi\0�Gh\0�Hf�Jg�Mf�Nd�Nb\n�Ka�G`�?^�6[$�AnE�^�{�z�������|���o���i���f���c���^���^���f���c���R���0q[�R&�%U�5\\�Cb�Ld\n�Od�Nc�Md�Og�Oi�Nh�Mg\0�Lg\0�Og�Oh�Mg�Ig�Fg�Eh�Gj�Ik�Kk�Ki�Kh�Kf�Le�Ld�Kd\0�Le\0�Mh�Nk�Kj�Fh\0�Fh�Gj�Fj�Ag�8`\r�1[�2_%�FxM�c���ô���������������������������������R���Gzx�^������������������������������������������������������������������������������������������������������������������������������������Ħ�f�^�>\\%�1O\n�@]�Gd\n�Jf�Ie�Ie�Kf�Mf�Oe�Ne�Lf�Kh�Ii\0�Hi\0�Fh�Gg�Ji�Mi�Me�Mb�Lb�Kc�Da�4V�7`/�L}]�l�������~���t���k���g���c���[���X���\\���_���[���<�u�!`<� U �+W�>`�Ic\n�Md�Le�Lf	�Mg\n�Lg�Ke�Kd�Me�Qg�Rh�Og�If�Cf�Ch�Ej�Gi�Hh�If�Kf�Lf\0�Oe\0�Pf\0�Pf\0�Of\0�Nf\0�Kg\0�Ig�Gf�Fg�Fh�Fh�Cg\n�<b\n�5\\\r�1[�:j6�R�c�|�����������������������������������`���O���_������������������������������������������������������������������������������������������������������������������������������������Ѹ�x�s�Hg4�2Q�9X	�@_�Fe�Ge�Hd�Jf�Le�Nd�Od�Ne�Lh�Ji�Hi\0�Fh�Eh�Gj�Ji�Jf�Kc�Kc�Ld�Gb�:Z�7^$�@nF�\\�x�w���|���x���m���f���`���Z���V���V���X���X���G���2vZ�\"\\/�$S�6[�Ca\n�Ke�Kf�Jg�Jf�Ie�Hc�Kd�Nf�Qf�Qf�Of�If\0�Df�Ch�Ei�Gh�Ig�Kg�Mg�Og\0�Pg\0�Qf\0�Qf\0�Pf\0�Ng�Kg�Ig�Hg�Gf�Ff�Gh�Gh\n�Cd�;^�4[�7d)�J~R�s�����������������������������������n���V���_�������������������������������������������������������������������������������������������������������������������������������������������WyI�7X\Z�2T�9[�De�Ff�Hf�Jf�Ke�Md�Nd�Nf�Mh�Ki�Hi\0�Eh�Cg�Ei�Gi�Hf�Je�Kd�Le�Id\n�@`�8^\Z�6b/�J|Z�c���t���x���n���e���]���Y���U���Q���R���U���Q���C�y�)gD�!T �-V�<^�Hf�Ig	�Gg�Hg�Ge�Fc�Kg�Oi�Og�Of�Ng�Jg�Gh�Fi�Gi�Hg�Jg�Lg�Ng�Pg\0�Qg\0�Qg\0�Qf\0�Pf\0�Ng�Kg�Ig�Ig�Hg�Hf�Hg�Hg�Ge	�Aa�9]�6`!�CtD�i����ȶ�����������������������������{���^���`����������������������������������������������������������������������������������������������������������������������������������������ˬ�l�c�Ae*�.S\n�3X�Af�Fh�Ih�Jh�Kf�Kd�Le�Mf�Lh�Kh�Hh�Dg\0�Bf�Ch�Ei�Hg�Jg\0�Jg�Lh�Jh�De	�9_�0[�8j;�L�f�f���s���n���f���]���Z���U���L���L���R���W���Q���5u^�%[2�\'S�5Z�Df�Eg	�Eh�Gi�Fh�Ee�Jj	�Nl�Mi�Mh�Mh�Mi�Lj�Kj�Ki�Ig�Jg�Lg�Ng\0�Pg\0�Qg\0�Qg\0�Pg\0�Of\0�Nf\0�Kg�Jh�Ih�Jh�Jh�Ig�He�Id�Eb\n�?`�7]�=j7�^�m�������������������������������������f���e�����������������������������������������������������������������������������������������������������������������������������������������������PwA�/W�-U�<b�Dg�Ii�Ki�Kg�Je�Ke�Kf�Lh�Jh�Gh�Ef�Cf�Ch�Ei�Gh\0�Ih\0�Ji\0�Mj\0�Lj�Ff�=`	�3[�1`\'�:rH�T�}�h���n���i���^���Y���R���G���E���K���T���U���A�z�/iK�#U!�,V�;a�Af\n�Ei�Hk�Ei�Ae�Fh�Jk	�Ji�Jh�Lh�Mi�Nj�Mi�Kh�Jg�Jg\0�Lg\0�Ng\0�Og\0�Pg\0�Pg\0�Og\0�Nf\0�Lf\0�Jg�Ig�Ig�Ki�Lj�Jg�Id�Ic�Hc	�Db�9\\�:d.�U�^�z�����������������������������������n���n��������������������������������������������������������������������������������������������������������������������������������������������¡�c�]�5`!�+T	�6]�Ad�Ii�Ji�Jg�Ie�He�Ie�Jh�Jh�Hg�Fg�Dg�Dh�Ei�Fh\0�Hi\0�Jj\0�Mk\0�Mk\0�Hf\0�Ab�9`�0^�0e2�C�_�Y���l���k���_���W���N���C���@���C���K���Q���K���;zi�%[3�%T�0Z�<b�Di\n�Hm	�Dj�>c�Ae�Eh�Gg�Hg�Kh�Mi�Ni�Mh�Kg\0�Jf\0�Jf\0�Lg\0�Mh\0�Nh\0�Og\0�Og\0�Mf\0�Lf\0�Kf�If�Hf�Hg�Ji�Mj�Lg�Kd�Kc�Jc�Gc�:[�9a(�Q�U�w�����������������������������������w���z��������������������������������������������������������������������������������������������������������������������������������������������׻�y�|�@n6�,X�0X	�=`	�Gg	�Jg�If�Fd�Fd\0�Fe�Hg�Hh�Hh�Gh�Gh�Gk�Gk�Ei\0�Fh\0�Ii\0�Lj\0�Mj\0�Hf\0�Dd�@e\r�6`�/b$�6rD�I�o�d���j���a���V���J���@���<���=���B���H���O���E���,gN�!U)�#Q�3\\�Ah�Hn\r�Ej�>c�?c�Be�Fg�Ih�Ki�Lh�Mh�Lg\0�Kf\0�Jg\0�Jg\0�Kg\0�Lg\0�Mg\0�Mg\0�Lf\0�Je�Ie�Ie�Hf�Hf�Hg�Ig�Jg�Mg�Og�Ne�Kd�Fa\r�9Y�9^$�R}Q�x�������������������������������������������������������������������������������������������������������������������������������������������������������������������������������������������Q�P�1^\"�+S�8[�Fd\r�If	�If�Fe�Dd�De\0�Ff�Gg�Hh�Hi\0�Ii\0�Il�Il�Fj\0�Gi\0�Ii\0�Li\0�Li\0�If\0�Fe�Ce\n�;c�3b�.g.�;{R�W���d���c���V���I���?���:���:���;���@���O���L���7vl�&]@�O �*V�8a�Bj�Dj�Af�Ae�Cf�Hh�Ji�Ki�Kh�Kg\0�Lg�Kg�Jg�Jg�Jg\0�Kg\0�Lg\0�Lg\0�Kf\0�Ie�He�He�Gf�Gg�Hg�Hf�Ie\0�Nh�Qi�Pg�Ld�F`�9W�9\\\"�S}P�z����������������������������������������������������������������������������������������������������������������������������������������������������������������������������������������չ�e�p�;i7�\'P�4W�Da�Ie\r�Jf	�Hf�Ef�De\0�Ef�Gg�Ig\0�Ih\0�Ji\0�Jk\0�Jl\0�Il\0�Ik\0�Ii\0�Ki\0�Lh\0�Jf�Fc�Bb�?c\r�9e�,a�/l8�F�g�Y���c���Y���K���@���:���9���7���;���I���N���F���4n_�#W5�!P�)T�8a�Bh�Gk\r�Hk	�Ik�Lk�Lj�Jh�Jg�Jf�Lh�Li�Jh�Jh�Jh�Kh�Kh�Kg\0�Jg�If�Hf�Gf�Fg�Gg�Hg�Hf�Ie\0�Ng�Qi�Pg�Ld�E_�8V�9\\#�T~Q�z�������������������������������������������������������������������������������������������������������������������������������������������������������������������������������������������}���N|T�-V#�2U�?]�Gc�If�Hg�Ff�De�Fe�Hf�Ig�Jg�Kh\0�Ji\0�Jj\0�Kl\0�Jl\0�Ji\0�Kh�Lg�Je�Fc�B`�Ad�=f�._�+c%�8wJ�L�z�[���W���K���@���9���8���6���8���C���L���O���B��/gS� R+�L�-W�<b�Ik�Lm�Ml�Nk�Mi�If�Gd�Ge�Ig�Ji�Ih�Hh�Ih�Ih�Ih�Ig�Hf�Hf�Gf�Fg�Fg�Gh�Hh�Ig�Kf�Mg�Ng�Mf�Jc�D`�8W�9^%�V�U�|��������������������������������������������������������������������������������������������������������������������������������������������������������������������������������������������ǳ�f�w�;d=�3V\"�8V�C_�Hd�Hf\n�Gf�Fe�Ge�If�Kg�Lg�Lg\0�Jg\0�Jh\0�Kk\0�Kk\0�Ji\0�Kh�Lg�Jd�Gb�Cb�Ce\n�?f�3`�,_�/h1�>�^�O���Q���K���@���9���7���5���7���>���I���S���O���?|u�&\\B�J�%O�6[�Gh�Mk�Nj�Oi�Mf�Hc�Fc�Ed�Ee�Eg�Fh�Gh�Gg�Gg�Gg�Gf�Gf�Gf�Gf�Fg�Fh�Gh�Ii�Ji�Li�Kg�Je�Jd�Gc�Ba�6Y�9a(�Z�\\�����������������������������������������������������������������������������������������������������������������������������������������������������������������������������������������������������R~`�6[0�.N�<Y�Eb�Hf�Hf�Hf�Je�Lf�Oh�Oh�Oh�Lg\0�Jg\0�Ii\0�Ih\0�Hg\0�Jg�Kf�Hb�Hc�Jh�Gg�@e�9b�2`�,a#�4sH�B�v�M���M���A���:���8���5���5���:���E���R���U���K���3m^�#U4�#O�0V�Bb�Ie	�Ld�Oe�Oe�Me�Jf�Gg�Ce�Ae�Df�Ff�Ff�Fe�Fe�Ge�Gf�Gf�Gg�Gg�Gh�Hh�Ih�Ki�Li�Jf�Id�Je�Gc	�@_�3W�8b+�^�e�����������������������������������������������������������������������������������������������������������������������������������������������������������������������������������������������������l���@hE�+M�5U�?^�Fe\r�If�Je�Ke�Nf�Rh�Ri�Qi�Nh�Kg�Hg\0�Gf\0�Gf\0�If�Je�Gb�Ie�Nk\r�Ii�Bd	�?c�9a�.^�.g5�6y\\�F���M���F���?���9���4���4���8���A���N���V���V���D�~�1hP�%T)�+R�;\\�D`	�Ja�Oc�Qe	�Qh\n�Ni�Hh�Ae�@d�Df�Ff�Fe�Fd�Fd�He�Hf�Hf�Hg�Ig�Ih�Ih�Jh�Li�Mj�Jg�Hd�Hd�Eb\n�>_�3Y�;f2�g�q��ƭ�����������������������������������������������������������������������������������������������������������������������������������������������������������������������������������������������������U�f�4[0�0U\Z�8Y�Dc�Ie	�Ld�Mc�Oc�Rf�Sg�Qh�Nh�Jg�Hf\0�Gg\0�Gg\0�Ig�Jf�Je�Jf�Kh\n�Hg\n�Ee	�Cc	�=`�4]�-^&�,gB�<k�J���M���G���;���4���2���8���>���G���U���_���Y���F�r�*];�&Q�3V�B^�Md\r�Pc\n�Re\n�Ti\r�Ni�Gg	�Bd�Ae�Gh�Hh�Ge�Gd�Hd\0�Ie�Jf�Kf�Kg�Lh�Lh�Kg\0�Kg\0�Mh�Nj�Lg�Hd�Da�Aa�?c�7`!�Bq?�s����Ҽ�����������������������������������������������������������������������������������������������������������������������������������������������������������������������������������������������������l���FrO�1Y%�0T�>]\r�Hc\n�Nf�Pd�Qc�Qc�Pd�Nf�Kf�Hf�Gf�Gg\0�Hh\0�Ih�Jg�Jg�Jf�If�Hf�Gf�Fd�Ab\n�:^�0[�*^0�3pQ�B�x�P���O���C���9���5���9���=���B���Q���`���d���W���9qX�+Z/�,Q�8V�E^�Mb\r�Re\r�Rg\r�Mg�Fe�Bd�Bf�Gh�Ih�If�Kf�Kg�Ke�Kd�Kd�Le�Mg\0�Nh\0�Nh\0�Nh�Nh�Mh�Kg�He�Dc�?a�;a�9d(�M|M�����������������������������������������������������������������������������������������������������������������������������������������������������������������������������������������������������������������^�t�7c8�,R�6W�Ea\n�Qi\r�Sg\n�Rd�N`�La�Ic�Gc�Fd�Gf�Gh�Hi�Ih�Jh�If�If�Ie�If�Hg�Hf�Fe	�@a�7]�.\\$�-c9�7w\\�N���U���O���D���;���<���>���@���L���[���f���d���P�}�9mM�(R#�+M�7R�G^�Oe�Ne�Jd	�Dd�Bd�Cf�Gg�Ig�Kg�Oj�Pj�Me�Kb\0�Kb\0�Lc\0�Ne\0�Pg\0�Qi�Qj�Nh�Jf�Ie�Hf	�Gh�?b�6\\�=h0�[�_��Ȫ�������������������������������������������������������������������������������������������������������������������������������������������������������������������������������������������������������������s���GxV�1Z\'�0S\r�?\\\n�Ng\r�Qe	�Pc�Oc�Kb�Hc�Ed�Ee�Eg�Fh�Gh�Ih�Jg�If�Ie�Ie�If�Ih�Jh�Hg�Ed�>`�6^�/^(�2lC�C�o�O���T���M���D���?���?���C���M���Z���f���k���f���R�w�8hF�,S$�-N�>Z�Ib�Le\r�He�Dd�Df�Fg�Ig�Jf�Ke�Pi�Sj�Of�Oe\0�Qf�Rf�Rg�Qf\0�Pf\0�Nf�Le�Id�Fb�Db\n�Cd�:_�4\\�LwD�u�|��ھ�����������������������������������������������������������������������������������������������������������������������������������������������������������������������������������������������������������������^�z�@mC�0U�8X�Fa�Jb�Mc�Of�Le�Gd�De�Cf�Dg�Eh�Fh�Ig�Jf�Je�If�Jf�Jg�Jh�Ki�Jh�Gf�Dc\r�?`�6^�2d/�7vP�C�w�R���T���P���G���C���G���N���X���b���l���t���i���P�q�8eD�+R#�4U�>]�Gd�Ff�Df�Eg�Hh�Jg�Je�Kd�Pf�Sh�Qg�Sg�Vi�Vi�Uh�Rf�Oe�Ld�Jd�Id�D`�?^�;^�7]�<d+�e�a�����������������������������������������������������������������������������������������������������������������������������������������������������������������������������������������������������������������������x���X�k�8b/�2U�7V	�A]�Jc	�Nh\n�Kg	�Ee�Ad�@d�Bf�Eg�Gg�Ig�Kg�Kf�Jg�Kg�Kh�Ki�Ki�Ji�Ig�Gd�Da�=`�5a!�-f5�5yX�I���X���^���U���M���J���L���R���[���f���s���t���i���M�m�4b>�*S�.T�;_�Be�Dg�Eh�Gg�He�Jd�Kd�Md�Oe�Qf�Sg�Tg�Tg�Sf�Rg�Qh�Qj\n�Ni�Jf�Ec�=^�3W�:`$�S|I���������������������������������������������������������������������������������������������������������������������������������������������������������������������������������������������������������������������������������m���GvP�2[&�-Q�8Z�Cb�Hf�Gh\n�Dg	�@e�@d�Be�Ef�Gf�Jf�Kg�Kg�Kg�Kh�Kh�Ki�Ji\0�Ii\0�Ig�Ie�Hb�Cb\r�:a�,_\"�.l=�=�f�R���`���^���X���Q���P���S���Z���b���k���v���y���c���F{d�,\\2�%Q�.X�8_�@f\n�Ch�Eg�Ge�Je�Mf�Kc�Jb�Oe�Qf�Pe�Od�Nd�Nf�Oh\n�Oj�Jg�Cb�<]�5Y�2X�Hp<�r�q��Я����������������������������������������������������������������������������������������������������������������������������������������������������������������������������������������������������������������������������{���[�y�;kE�)U!�0X�8^�=b�Bf�Di�Cg�Be�Ce�Fe�Ie�Jf�Kf�Kg�Kg�Kg�Kh�Jh�Ji\0�Ih\0�Hg\0�Ie�Je�Ge�@d�4a�.e)�2qE�D�o�W���a���b���]���[���[���^���a���b���o���~���v���^���;rV�&Y-�#R�*W�6`\r�?f\r�Dh�Ee	�Jg�Oj\r�Ic�G_�Md�Oe�Lc�Jb�Ib�Ib\n�Gc\r�Ec�=^�4W�)O�*Q�;d3�b�c���������������������������������������������������������������������������������������������������������������������������������������������������������������������������������������������������������������������}���|���������������m���N�n�3f@�)Y#�*W�4^�<d�Bh�Dh�Eg�Ff�He�Je�Je�Je�Jf�If�If�Ig�Ih�Ii\0�Ii\0�Ig\0�Kg�Lg�If�Bc	�7a�0`�/e,�<wQ�O�{�c���m���l���e���\\���Z���]���c���l���v���|���u���[���>vW�&Z,�$U�,Y�3\\\r�:_�@c�Ih�Nl�Hd\n�D_�Jd�Le�Ic\n�Hb�Fa�C`�?^�9[�0U�\'P�&P�6b2�Z�`����������������������������������������������������������������������������������������������������������������������������������������������������������������������������������������������������������������������������w���w���}�������z���b���Dh�(_7� T�,\\�6a�?d\n�Eh�Ii�Jg�Kf�Kf�Jf�Ie�Hd�Gd�Fe�Gf�Ig�Ih�Ii\0�Jh\0�Ki�Li�Ig�Cd�;a�5_\r�2a�8l7�F�\\�^���p���v���l���]���W���Z���f���i���k���z�������|���`���9rS�*^1�(W�(S�.V�:_�Dg�Ik�Ed�B_\n�Eb�Fc�Eb�Da�A_�=]�7Z�1W�*T�*W �9h:�X�b���������������������������������������������������������������������������������������������������������������������������������������������������������������������������������������������������������������������������������x���s���w���{���{���n���U���2qX�#]1�)\\�0\\�:^�Cc�Jg�Mg�Ng�Ng�Kf�He�Fe�Ed�Ed�Ff�Ig�Jh�Jh\0�Jh�Ig�Gg�Hh�Hi�Ef�@d\n�;b�7b�:k7�I�^�\\���n���p���h���`���\\���`���c���f���p���|�������~���d���F}b�.a9�(V#�*U�2Z�:`�@d�?a�=]�;[\n�9Y	�7W�4T�1S\n�0S�/U�0Z �9f3�L}Q�o�~��Ʃ������������������������������������������������������������������������������������������������������������������������������������������������������������������������������������������������������������������������������������s���q���r���t���p���b���E���1oR�\'_/�*X�4Y	�@`�Ie�Ng�Og�Ng�Kf�Hf�Ee�De�Dd�Ff�Hg�Jh�Kh�Jh�Gg�Df�Gi�Jk	�Kj�Hg�Bc\n�9^�4_�8k7�F�^�[���i���o���k���e���a���a���e���j���u���������������i���K�i�9kF�/^-�-X�/Y�5]�;`�>a�;_�<_�?a�>a�=c!�Ag+�Fp9�P~L�c�j�~����׽�����������������������������������������������������������������������������������������������������������������������������������������������������������������������������������������������������������������������������������������w���k���e���e���h���h���_���H�{�(dC�$W#�/X�=`�Fe�Je	�Le�Lf�If�Gf�Df�Ce�Ee�Ff�Hg�Jh�Lh�Jg�Gg�Df�Eg�Hh�Ki�Kg�Fc�@a	�9`�3b �4l:�?~_�V���m���v���u���k���g���g���l���t���|���������������}���]�|�@tO�,\\-�\'U�-Y�<e\'�Ho1�Ls5�W}?�f�N�k�U�o�^�w�m������Ɲ��ڹ�����������������������������������������������������������������������������������������������������������������������������������������������������������������������������������������������������������������������������������������������������o���b���]���b���h���j���Z���;{j�-eC�+[(�0Z�9^�Cc�Hf�Ig\n�Ig�Gg�Fh�Eg�Ee�Ee�Fe�Kh�Lh�Ie�Ge�Ee�Ee�Gf�Kh�Kf�Gc�Dd�@d�8c�2e$�2l;�B�_�Y���o���|���{���v���q���q���t���y�������������������~���b���F}^�:nH�:lA�BqD�MxJ�UP�c�\\�t�j��v����������Щ��ݽ���������������������������������������������������������������������������������������������������������������������������������������������������������������������������������������������������������������������������������������������������������~���i���]���]���b���i���e���U���>}n�*cD�#V)�(V�8`�Ae�Eg�Gg�Hh�Ij�Hi�Gf�Ec�Fc�Kg�Lg	�Hc�Fb�Fc�Ge�Hf�Jf�Ie�Fd�Gf�Fi\r�Ai�9g�2f\"�2l4�>|Q�\\���v�����������~���z���y���~���������������������������q���a���W�y�R�l�T�f�\\�j�g�o�s�w����������ƥ��Ͱ��̳��ı�����|���w���s���|���������������������������������������������������������������������������������������������������������������������������������������������������������������������������������������������������������������������������������������z���c���X���X���b���f���a���N���7xl�&bH�!W/�)Y#�1\\\Z�8`�?c\r�De	�Gg�Ih�Jh�If�Gd�Fb�Gb�Id�Id�Gc�Hd�Ie�Ie�Hd�Gd�Hg�Gj�Bh\n�:e�2a�/b�4l0�E�Q�Z�w�r������������������������������������������������������~���u���p���r���u���z�������������������{���m���`���]���a���k����������������������������������������������������������������������������������������������������������������������������������������������������������������������������������������������������������������������������������������������u���`���U���X���]���`���V���E���1vn�#cM� X3�#U\"�+X�5]�>a�Dc�If�Mh�Ni�Lg�Fa�E`�Je�Je�Hc�Id�Id�Hd�Hd�Ge�Hh�Gj�Bg�;d�5`�3a\r�3e�4h*�>uC�U�h�k���~��������������������������������������������������������ȼ��������������������t���j���b���Y���S���W���e���z���������������������������������������������������������������������������������������������������������������������������������������������������������������������������������������������������������������������������������������������������{���`���N���J���Q���Q���K���@���1|y�\"eR�X6�!T#�-X�:^�Da	�Kd�Ne�Rh�Sj�Nh�Je�Id�Hc�Id�Je�Je�Hc�Gd�Hf�Ii�Hk�Ci�>g\0�;f�9e�6d\r�1`�1b�<l3�L}N�^�m�o���}����ķ����������������������������������������������������������Ƴ�����q���e���a���a���h���v���������������������������������������������������������������������������������������������������������������������������������������������������������������������������������������������������������������������������������������������������������������x���Z���K���J���I���G���E���?���3~{�*mZ�&_=�)Y%�1W�<[�E_�Jb�Oe�Qh�Nh�Kf�Hc�Hc�Jd�Ke	�Je�Gb�Fc�Gg�Gi�Fk�Ci�Ai\0�@i�?h�<e�7a�5^\r�5_�<f%�Fq:�P}O�]�f�m���}����ů��ͺ������������������������������������������ȷ�����v���h���c���i���t���������������������������������������������������������������������������������������������������������������������������������������������������������������������������������������������������������������������������������������������������������������������������{���b���P���C���>���B���H���M���G���8wd�,a=�\'S�/T�9Y�C_�Fa�Ga�Gc�Hd\n�Ie\n�Jd\n�Kd\n�Le\n�Jd�Eb�Dc�Eg�Eh�Ch�Bg�Ch�Ek�Ej�Ch�Dh	�Cg�?c�<`�;_\Z�:`\"�?g0�KwG�Y�_�d�s�h���k���v���������������������������u���l���e���^���[���\\���f���x���������������������������������������������������������������������������������������������������������������������������������������������������������������������������������������������������������������������������������������������������������������������������������������l���V���G���C���H���S���T���L���@|j�6jJ�3a5�4\\%�6[\Z�7Y�9Z�?_�Dd�Gf�Jf\r�Lf�Mf\n�Lf�Gd�Fe�Gh�Eh�Bg�Af�Cg�Gj�Gi�Fg�Ig�Hf	�Db�B_\n�A_�>\\�;\\�;`\"�>g/�Do=�EuH�G{R�M�\\�T�c�X�f�Y�g�V�e�O�`�H{]�Cw\\�Bw`�G{i�M�s�X���j��������������������������������������������������������������������������������������������������������������������������������������������������������������������������������������������������������������������������������������������������������������������������������������������������u���_���Q���N���U���Z���[���V���M�~�Cyc�8jI�0^1�-X �/W�6]�>b�Ce�Ge�Je�Lf�Kf	�He�Gf�Hh\n�Eg	�Bf�@d�Ce�Hh	�Hg�Ge�Id�Ib�Ga�Ib\n�Le�Ic�C^�8X�1U�0U�.X �,Z&�+[*�-]-�0`/�0a0�-_0�\'Y.�%W1�)\\<�4gN�Dvd�V�{�l���������������������������������������������������������������������������������������������������������������������������������������������������������������������������������������������������������������������������������������������������������������������������������������������������������������z���n���b���\\���Z���]���_���Z���N�v�>sX�3e?�-\\,�.Z\"�1Z�7\\�=]�A^�D_\n�D`�C`�Cc	�Ef�Df\r�Be�Ad�Cd\n�Fe�Gd	�Fb�Hb�Kc	�Mf�Ng\r�Mf\r�Ic\r�D`�>^�9[�4X�.U�)R�$Q�#Q�#S �(X&�/_/�4d9�=mH�M}_�_�x�t��������ý���������������������������������������������������������������������������������������������������������������������������������������������������������������������������������������������������������������������������������������������������������������������������������������������������������������������~���o���g���i���k���j���b���U���I�l�>sU�4g@�0_/�3\\%�7[�<\\�>\\�>\\�=\\�>_\r�@b�Ac�Ac�Ac\r�Bb�Dc�Db\n�Ea	�Fa	�Hc\n�Ke�Je�Gb\n�Ca�@`�>`�:_�5\\�1Y�.X$�-Z*�/]0�3a6�=kB�JyR�X�d�h�y�{��������ɿ�����������������������������������������������������������������������������������������������������������������������������������������������������������������������������������������������������������������������������������������������������������������������������������������������������������������������������������������}���u���p���o���p���l���b���N�r�?tX�:kF�:e8�>c.�=_$�<]�9Z�9[�;]�<_�>a�@a�@a�A`\n�B`\n�Ca�Db�Ca�>^�<\\�;]�:^�8^�4]�1\\�/\\!�4a.�;i=�DrL�N}\\�\\�m�j�~�x���������������������������������������������������������������������������������������������������������������������������������������������������������������������������������������������������������������������������������������������������������������������������������������������������������������������������������������������������������������������������}���}���z���u���i���_���W�v�R�c�NxR�HpB�Ch5�=b+�9_#�8]�:_�<a�>a�?`�=_�?`�Ab�Ac�?b�<`�;a�<c�=f�?i&�An0�Es<�KzH�T�X�_�i�k�{�w������������ż�������������������������������������������������������������������������������������������������������������������������������������������������������������������������������������������������������������������������������������������������������������������������������������������������������������������������������������������������������������������������������������������������|���r���h��_�l�V�[�MxM�FqA�Ak7�Ak2�Cl0�Fl.�Ek+�Ch)�Ej+�Hm.�Hn0�Hp3�Is5�Kv9�Nz>�Q}D�W�N�b�_�o�q�|����������������Ȼ�����������������������������������������������������������������������������������������������������������������������������������������������������������������������������������������������������������������������������������������������������������������������������������������������������������������������������������������������������������������������������������������������������������������������������}���u���n���h�v�f�o�f�j�f�h�f�h�f�h�h�k�k�o�n�t�q�x�s�|�w���}����������������Ʈ��κ������������������������������������������������������������������������������������������������������������������������������������������������������������������������������������������������������������������������������������������������������������������������������������������������������������������������������������������������������������������������������������������������������������������������������������������������������θ��Ȱ��ī����������������������ï��ȶ��̻��Ͽ�������������������������������������������������������������������������������������������������������������������������������������������������������������������������������������������������������������������������������������������������������������������������������������������������������������������������������������������������������������������������������������������������������������������������������������������������������������������������������������������������������������������������������������������������������������������������������������������������������������������������������������������������������������������������������������������������������������������������������������������������������������������������������������������������������������������������������������������������������������������������������������������������������������������������������������������������������������������������������������������������������������������������������������������������������������������������������������������������������������������������������������������������������������������������������������������������������������������������������������������������������������������������������������������������������������������������������������������������������������������������������������������������������������������������������������������������������������������������������������������������������������������������������������������������������������������������������������������������������������������������������������������������������������������������������������������������������������������������������������������������������������������������������������������������������������������������������������������������������������������������������������������������������������������������������������������������������������������������������������������������������������������������������������������������������������������������������������������������������������������������������������������������������������������������������������������������������������������������������������������������������������������������������������������������������������������������������������������������������������������������������������������������������������������������������������������������������������������������������������������������������������������������������������������������������������������������������������������������������������������������������������������������������������������������������������������������������������������������������������������������������������������������������������������������������������������������������������������������������������������������������������������������������������������������������������������������������������������������������������������������������������������������������������������������������������������������������������������������������������������������������������������������������������������������������������������������������������������������������������������������������������������������������������������������������������������������������������������������������������������������������������������������������������������������������������������������������������������������������������������������������������������������������������������������������������������������������������������������������������������������������������������������������������������������������������������������������������������������������������������������������������������������������������������������������������������������������������������������������������������������������������������������������������������������������������������������������������������������������������������������������������������������������������������������������������������������������������������������������������������������������������������������������������������������������������������������������������������������������������������������������������������������������������������������������������������������������������������������������������������������������������������������������������������������������������������������������������������������������������������������������������������������������������������������������������������������������������������������������������������������������������������������������������������������������������������������������������������������������������������������������������������������������������������������������������������������������������������������������������������������������������������������������������������������������������������������������������������������������������������������������������������������������������������������������������������������������������������������������������������������������������������������������������������������������������������������������������������������������������������������������������������������������������������������������������������������������������������������������������������������������������������������������������������������������������������������������������������������������������������������������������������������������������������������������������������������������������������������������������������������������������������������������������������������������������������������������������������������������������������������������������������������������������������������������������������������������������������������������������������������������������������������������������������������������������������������������������������������������������������������������������������������������������������������������������������������������������������������������������������������������������������������������������������������������������������������������������������������������������������������������������������������������������������������������������������������������������������������������������������������������������������������������������������������������������������������������������������������������������������������������������������������������������������������������������������������������������������������������������������������������������\0\0\0\0\0\0\0\0\0\0\0\0\0\0\0\0\0\0\0\0\0\0\0\0\0\0\0\0\0\0\0\0\0\0\0\0\0\0\0\0\0\0\0\0\0\0\0\0\0\0\0\0\0\0\0\0\0\0\0\0\0\0\0\0\0\0\0\0\0\0\0\0\0\0\0\0\0\0\0\0\0\0\0\0\0\0\0\0\0\0\0\0\0\0\0\0\0\0\0\0\0\0\0\0\0\0\0\0\0\0\0\0\0\0\0\0\0\0\0\0\0\0\0\0\0\0\0\0\0\0\0\0\0\0\0\0\0\0\0\0\0\0\0\0\0\0\0\0\0\0\0\0\0\0\0\0\0\0\0\0\0\0\0\0\0\0\0\0\0\0\0\0\0\0\0\0\0\0\0\0\0\0\0\0\0\0\0\0\0\0\0\0\0\0\0\0\0\0\0\0\0\0\0\0\0\0\0\0\0\0\0\0\0\0\0\0\0\0\0\0\0\0\0\0\0\0\0\0\0\0\0\0\0\0\0\0\0\0\0\0\0\0\0\0\0\0\0\0\0\0\0\0\0\0\0\0\0\0\0\0\0\0\0\0\0\0\0\0\0\0\0\0\0\0\0\0\0\0\0\0\0\0\0\0\0\0\0\0\0\0\0\0\0\0\0\0\0\0\0\0\0\0\0\0\0\0\0\0\0\0\0\0\0\0\0\0\0\0\0\0\0\0\0\0\0\0\0\0\0\0\0\0\0\0\0\0\0\0\0\0\0\0\0\0\0\0\0\0\0\0\0\0\0\0\0\0\0\0\0\0\0\0\0\0\0\0\0\0\0\0\0\0\0\0\0\0\0\0\0\0\0\0\0\0\0\0\0\0\0\0\0\0\0\0\0\0\0\0\0\0\0\0\0\0\0\0\0\0\0\0\0\0\0\0\0\0\0\0\0\0\0\0\0\0\0\0\0\0\0\0\0\0\0\0\0\0\0\0\0\0\0\0\0\0\0\0\0\0\0\0\0\0\0\0\0\0\0\0\0\0\0\0\0\0\0\0\0\0\0\0\0\0\0\0\0\0\0\0\0\0\0\0\0\0\0\0\0\0\0\0\0\0\0\0\0\0\0\0\0\0\0\0\0\0\0\0\0\0\0\0\0\0\0\0\0\0\0\0\0\0\0\0\0\0\0\0\0\0\0\0\0\0\0\0\0\0\0\0\0\0\0\0\0\0\0\0\0\0\0\0\0\0\0\0\0\0\0\0\0\0\0\0\0\0\0\0\0\0\0\0\0\0\0\0\0\0\0\0\0\0\0\0\0\0\0\0\0\0\0\0\0\0\0\0\0\0\0\0\0\0\0\0\0\0\0\0\0\0\0\0\0\0\0\0\0\0\0\0\0\0\0\0\0\0\0\0\0\0\0\0\0\0\0\0\0\0\0\0\0\0\0\0\0\0\0\0\0\0\0\0\0\0\0\0\0\0\0\0\0\0\0\0\0\0\0\0\0\0\0\0\0\0\0\0\0\0\0\0\0\0\0\0\0\0\0\0\0\0\0\0\0\0\0\0\0\0\0\0\0\0\0\0\0\0\0\0\0\0\0\0\0\0\0\0\0\0\0\0\0\0\0\0\0\0\0\0\0\0\0\0\0\0\0\0\0\0\0\0\0\0\0\0\0\0\0\0\0\0\0\0\0\0\0\0\0\0\0\0\0\0\0\0\0\0\0\0\0\0\0\0\0\0\0\0\0\0\0\0\0\0\0\0\0\0\0\0\0\0\0\0\0\0\0\0\0\0\0\0\0\0\0\0\0\0\0\0\0\0\0\0\0\0\0\0\0\0\0\0\0\0\0\0\0\0\0\0\0\0\0\0\0\0\0\0\0\0\0\0\0\0\0\0\0\0\0\0\0\0\0\0\0\0\0\0\0\0\0\0\0\0\0\0\0\0\0\0\0\0\0\0\0\0\0\0\0\0\0\0\0\0\0\0\0\0\0\0\0\0\0\0\0\0\0\0\0\0\0\0\0\0\0\0\0\0\0\0\0\0\0\0\0\0\0\0\0\0\0\0\0\0\0\0\0\0\0\0\0\0\0\0\0\0\0\0\0\0\0\0\0\0\0\0\0\0\0\0\0\0\0\0\0\0\0\0\0\0\0\0\0\0\0\0\0\0\0\0\0\0\0\0\0\0\0\0\0\0\0\0\0\0\0\0\0\0\0\0\0\0\0\0\0\0\0\0\0\0\0\0\0\0\0\0\0\0\0\0\0\0\0\0\0\0\0\0\0\0\0\0\0\0\0\0\0\0\0\0\0\0\0\0\0\0\0\0\0\0\0\0\0\0\0\0\0\0\0\0\0\0\0\0\0\0\0\0\0\0\0\0\0\0\0\0\0\0\0\0\0\0\0\0\0\0\0\0\0\0\0\0\0\0\0\0\0\0\0\0\0\0\0\0\0\0\0\0\0\0\0\0\0\0\0\0\0\0\0\0\0\0\0\0\0\0\0\0\0\0\0\0\0\0\0\0\0\0\0\0\0\0\0\0\0\0\0\0\0\0\0\0\0\0\0\0\0\0\0\0\0\0\0\0\0\0\0\0\0\0\0\0\0\0\0\0\0\0\0\0\0\0\0\0\0\0\0\0\0\0\0\0\0\0\0\0\0\0\0\0\0\0\0\0\0\0\0\0\0\0\0\0\0\0\0\0\0\0\0\0\0\0\0\0\0\0\0\0\0\0\0\0\0\0\0\0\0\0\0\0\0\0\0\0\0\0\0\0\0\0\0\0\0\0\0\0\0\0\0\0\0\0\0\0\0\0\0\0\0\0\0\0\0\0\0\0\0\0\0\0\0\0\0\0\0\0\0\0\0\0\0\0\0\0\0\0\0\0\0\0\0\0\0\0\0\0\0\0\0\0\0\0\0\0\0\0\0\0\0\0\0\0\0\0\0\0\0\0\0\0\0\0\0\0\0\0\0\0\0\0\0\0\0\0\0\0\0\0\0\0\0\0\0\0\0\0\0\0\0\0\0\0\0\0\0\0\0\0\0\0\0\0\0\0\0\0\0\0\0\0\0\0\0\0\0\0\0\0\0\0\0\0\0\0\0\0\0\0\0\0\0\0\0\0\0\0\0\0\0\0\0\0\0\0\0\0\0\0\0\0\0\0\0\0\0\0\0\0\0\0\0\0\0\0\0\0\0\0\0\0\0\0\0\0\0\0\0\0\0\0\0\0\0\0\0\0\0\0\0\0\0\0\0\0\0\0\0\0\0\0\0\0\0\0\0\0\0\0\0\0\0\0\0\0\0\0\0\0\0\0\0\0\0\0\0\0\0\0\0\0\0\0\0\0\0\0\0\0\0\0\0\0\0\0\0\0\0\0\0\0\0\0\0\0\0\0\0\0\0\0\0\0\0\0\0\0\0\0\0\0\0\0\0\0\0\0\0\0\0\0\0\0\0\0\0\0\0\0\0\0\0\0\0\0\0\0\0\0\0\0\0\0\0\0\0\0\0\0\0\0\0\0\0\0\0\0\0\0\0\0\0\0\0\0\0\0\0\0\0\0\0\0\0\0\0\0\0\0\0\0\0\0\0\0\0\0\0\0\0\0\0\0\0\0\0\0\0\0\0\0\0\0\0\0\0\0\0\0\0\0\0\0\0\0\0\0\0\0\0\0\0\0\0\0\0\0\0\0\0\0\0\0\0\0\0\0\0\0\0\0\0\0\0\0\0\0\0\0\0\0\0\0\0\0\0\0\0\0\0\0\0\0\0\0\0\0\0\0\0\0\0\0\0\0\0\0\0\0\0\0\0\0\0\0\0\0\0\0\0\0\0\0\0\0\0\0\0\0\0\0\0\0\0\0\0\0\0\0\0\0\0\0\0\0\0\0\0\0\0\0\0\0\0\0\0\0\0\0\0\0\0\0\0\0\0\0\0\0\0\0\0\0\0\0\0\0\0\0\0\0\0\0\0\0\0\0\0\0\0\0\0\0\0\0\0\0\0\0\0\0\0\0\0\0\0\0\0\0\0\0\0\0\0\0\0\0\0\0\0\0\0\0\0\0\0\0\0\0\0\0\0\0\0\0\0\0\0\0\0\0\0\0\0\0\0\0\0\0\0\0\0\0\0\0\0\0\0\0\0\0\0\0\0\0\0\0\0\0\0\0\0\0\0\0\0\0\0\0\0\0\0\0\0\0\0\0\0\0\0\0\0\0\0\0\0\0\0\0\0\0\0\0\0\0\0\0\0\0\0\0\0\0\0\0\0\0\0\0\0\0\0\0\0\0\0\0\0\0\0\0\0\0\0\0\0\0\0\0\0\0\0\0\0\0\0\0\0\0\0\0\0\0\0\0\0\0\0\0\0\0\0\0\0\0\0\0\0\0\0\0\0\0\0\0\0\0\0\0\0\0\0\0\0\0\0\0\0\0\0\0\0\0\0\0\0\0\0\0\0\0\0\0\0\0\0\0\0\0\0\0\0\0\0\0\0\0\0\0\0\0\0\0\0\0\0\0\0\0\0\0\0\0\0\0\0\0\0\0\0\0\0\0\0\0\0\0\0\0\0\0\0\0\0\0\0\0\0\0\0\0\0\0(\0\0\0@\0\0\0�\0\0\0\0 \0\0\0\0\0\0@\0\0\0\0\0\0\0\0\0\0\0\0\0\0�������������������������������������������������������������������������������������������������������������������������������������������������������������������������������������������������������������������������������������������������������������������������������������������������������������������������������������������������������������������������������������������������������������������������������������������������������������������������������������������������������������������������������������������������������������������������������������������������������������������������������������������������������������������������������������������������������������������������������������������������������������������������������������������������������������������������������������������������������������������������������������������������������������������������������������������������������������������������������������������������������������������������������������������������������������������������������������������������������������������������������������������������������������������������������������������������������������������������������������������������������������������������������������������������������������������������������������������������������������������������������������������������������������������������������������������������ÿ�������������������������������������û���������������������������������������������������������������������������������������������������������������������������������������������������������������������������������������������������������������������{���z����������z���r���j���\\�p�Sw_�QqW�[t]�s�q������ŵ���������������������������������������������������������������������������������������������������������������������������������������������������������������������������������������������{���i�}�_�l�`�k�m�y�w��������ٴ������������������վ�����g�q�JeO�I`I�o�m�����������������������������������������������������������������������������������������������������������������������������������������������������������������������������v���Z�~�P�]�Es<�=b!�8\\�5[�4\\	�.Y�,[�5h\'�G{A�l�o��װ�������������������������SnU�6N8�l�l��ŵ����������������������������������������������������������������������������������������������������������������������������������������������������������ŵ�W�v�;wC�1e!�.X�6W�C_�Li	�Jj�Eg�@e	�:`	�5Z�2W�3Y\r�Di&�f�V����������������������������>ZN�6K:�����������������������������������������������������������������������������������������������������������������������������������������������������V���0tF�(_�0]	�Cf�Fd�Oj�Oh�He\0�Jh\0�Hh�Hg�Gf�Jf�Mg�Le�B\\�6R�Jl5�����������������������������Tsg�9 �h�s�������������������������������������������������������������������������������������������������������������������������������������q���>�`�%[\"�.Z�=a	�Hg�Eb�Hc�Hd�Gg�Ih\0�Ig\0�Gh\0�Eh�Ff�Ie�Kf�Ld�Je	�Ig�/R�/V�u�t�������������������������Y�y�=\'�Vzl�����������������������������������������������������������������������������������������������������������������������������\\���#nB�S�8`�Jg�Oj�Kf�Je�Lh�Gc�Gg�Ih\0�Ig\0�Gi\0�Ei\0�Eh�Ig�Mf�Ld�Ie�Ff\n�@f�3[\r�,P�i�`�������������������������G�t�\n6\'�e�|���������������������������������������������������������������������������������������������������������������������V���e1�$_�6d�Fj�Hf�Kg�Ki�Ge�Fc\0�Nh�Pg�Ng�Lj\0�Hj\0�Di\0�Dg\0�He�Kc�Md�Hd�Ae�>f�@f�De\r�7Y�u�~������������������������8nb�\ZC7�����������������������������������������������������������������������������������������������������������������T���#e0�(U�Eg�Ig�Gh�Ei�Eg�Fi�Jl�Kh\0�Mf�M`�Mc�Kg�Gh�Ei\0�Gh\0�Lf\0�Pf�Rh�Lh�Dh�Ci�Eh�Ie�Ca�5]$�}�����������w���m���~���w���NB�0\\O�z�������������������������������������������������������������������������������������������������������S���a*�1_�Ha�Wf�Re�Ed�Fm�Bk�Dj\0�Hi\0�Ki\0�Hb�Lb�Ld�Id�Gf�Fg�Ig\0�Ng\0�Qg�Of�Jg�Eh�Dh�Ii�Og�Mf�5V\r�Cm>��Ⱥ�����n���j���i�������P���\n>.�3dU�v�����������������������������������������������������������������������������������������������o���+j:�1]�Ge�Nd\n�Vc�Sb\0�Ng�Eg\0�>h\0�Ci\0�Jh\0�Kf\0�Eb�Ec�Je�Ic�Gf�Hh�Kh\0�Oi\0�Ph\0�Oh\0�Hf\0�Gj�Eg�Hg�Pi�Me�B`\r�2Y\Z�]�l�����w���h���a���r���r���TG�F,�@t_�x����������������������������������������������������������������������������������������г�8|N�%W�If�Lf\n�Oi�Oe�Pc�Qf�Ig�Io�Ik�Ge\0�Ok�Jh�Ce\0�Ed�Lh�Fd\0�Ge\0�Mk\0�Mh\0�Mj�Mk�Lk�Gh	�Hi�Db�Je�Je�Fc\n�:_�>l;��������_���[���]���x���=pl�G$�#X0�F�p�������������������������������������������������������������������������������������G�l�W\"�-\\�8\\\r�?c�Bg�Bc	�Ie	�Nf�Kd�Hc�Jg�Jh�Gf\0�Hh\0�Jj\0�Hg\0�Ki�Hf�Lk�Ii\0�Df�Gj�Cg\0�Eg�Cc�Gf	�He�Ih�Ih�Dd�@e�0]\"�`���}���^���V���T���i���N~��\"L%�(W�1j?�^�}�����������������������������������������������������������������������������_���YH�Z7�%e8�+e2�(_#�%W�4_�Ei�Fb�Pe�M`�Le�Lj�Bd\0�Lm�Ml�Kh�Ji�Jh�Fg\0�Di�?f\n�2[�;c�8\\�Ii�Lj�Hf�Ee�Gi�Eg	�>a�2\\�J�d�u���a���J���S���]���P���(R(�0[�-`�>qH�����������������������������������������������������������������������������1���6���fĻ�pɻ�rŵ�j���J�a�2i0�&R\r�8Y�Tk�Rd\n�I`\0�Jg�Jl�Dd�Gd�Pl�Hd\0�Hf�Km�9a�1^�c�U���u�;b�8W�Hd�Nj�Hf�Hi�Hi�?a�1Y�<tQ�m���X���?���@���V���O���)W*�1X\r�7a�5b*�f�|���������������������������������������������������������������������Z���a���������������������������е�U�c�\'V�)M�If�Pj�G`�Kd�Oi�Mi�Ng�Ng�Lj�Eg�5_�]�Y���������LtB�3P�Nf�Sk�Kf�Jh�Gf\0�Ki�8\\�:qH�_���O���<���<���M���D���S$�4]�Ab�2Y�>oS���������������������������������������������������������������������r���`���<���M���w²�������������������������:h.�%K�>]�Oi�E[�Me�Ok�Ic\0�Mg�Ni�@b�:g#��Ȥ���������X~[�2O\n�Mf	�Qk�Nh�Jf�Jh\0�Jh�<`�7oC�Z���M���7���5���E���8�|�T �7_�Hb\r�<\\�2`7�o�������������������������������������������������������������������e���#a>�\"T�$T�4h/�Z�r�������������������������IqD�$E�@^�Je�Fc�Kh�He�Oi�Ne�>[\n�OzC�������������T|Z�3S�Ec\r�Li�Ld�Le�Hf�Bf	�2`�3pI�^���H���0���1���J���7�l�%\\\"�?c�Sh\n�Jc�2X�U�e����������������������������������������������������������������1rV�(T�Gf�De�5]\n�!S�N�Z�������������������������XU�?�Ca�Gc	�Kg�Jf�Mf�Qf�A[�MwC��Ѻ���������-V2�9^�Bd�Hh�Pj�Jb�Lf�;]\n�._�8x[�Z���>���+���7���S���/oT�\'V�Bd�Nf�Lf�6X�DsI�������������������������������������������������������������o���X5�-Z�?a\n�Bd�Cg�<c�%T�M�Y�������������������������NuG�(H�F`�Nd�Ne�Oh�Qh\n�B^�Ah.��å�����_���I�9a�Hl�Hj\0�Ol\0�Le�Od\n�C_�.Z*�E�y�N���5���*���F���P���(\\<�0W�Dd�Ec�Fc	�<Z�:f6�v�����������������������������������������������������������g���T\'�6b�Hg	�Gf�Ec�Mj\n�<_�.Z�e�n����������������������޼�@d.�2N�Qe�Qi	�Nh�Kd	�Ca�3Z�n�o�����b�}�\ZD�;b�Ci�Gk\0�Fk�Ee�Kc�7X�/bD�U���C���2���@���\\���>~j�&V!�<^�Kd	�Nd�Pf�Fa�4\\%�h�}���������������������������������������������������������a���W\"�9`�Lh�Li�Mf�Pd\0�Kf�:_\n�,X��������������������������Ƣ�0R�?X�Ic�Id�Jd�Gg�8]�;f,������Ȯ�%O-�\"J�8_�>f�>k�9d�9Z�-Y0�G�~�P���7���<���V���T���.e<�.Z�Fg�Rh�Tc\0�Vf�Ja�0V�[�e���������������������������������������������������������_���W!�>d�Oh�Jb�Me�Pg\0�Lg\0�Hh�3V�Aj+��ܶ���������������������g�p�\'H�D`�Mf�D]�Ec�Bg�(U�@s?��â�����/X8�\"K�+W�\"U�%Y�-^8�;|n�K���7���4���K���K���.aG�+T�9\\�Ee�Mg�Mb�Ob\0�Ld�3X�R~S���������������������������������������������������������m��� V �:]�Qf�Mc�Kd�Ni�If�Jh�Nm�3T�f�S�������������������������BoN�*M�Fb�Nf	�Le�Eb\n�:c�+Z�Ju>���������\\�o�7mJ�8rL�<{Y�P���X���@���3���4���5���ce�N9�&T+�+V�*R\r�3X\n�Ji�Le	�Oh\n�4W\r�IwG��Ӿ������������������������������������������������������Ĳ�%Z$�:[�Si�Mc�Le�Ff�Gg�Dd\0�Ih�?`�8[�����������������������������,Y,�1S	�Qk�Se�Pd�Kg�Hj�<\\�Gg(�d�d�t���q���j���g���`���H���2���2���A���<���G���[���b���Q���:qT�N�+T�Bb�Db�4Z�FtC��Ϸ���������������������������������������������������������2f2�3W�Qk�Qj�Jg�De�Df�Eh�Dd�Gi�9\\�Bh1��γ���������������������a�{�$K�<[\n�Le�Oh�Dd\0�Gk�Ml�>Z�1Q�6d0�AxF�K}T�I}Z�5wV�fR�*ww�Q���\\���d���o���l���p���p�������d���.a>�!K�;a�/Y�:h;��̴���������������������������������������������������������CwE�1W�Ki�Mj�Lj�Gh�De�Fh�Eg�>b�Dh�0V�a�e����������������������Ŀ�;eG�+O�@c\r�Bf\n�Ai�;e�Gg�Hd�Cb�<b\r�6`�?\\	�C^�0]�/e2�^�}�c���A��C���J���d���o���d���u�������y���4hK�I�$Q�?lH��˶���������������������������������������������������������a�j�.V�Hi	�Hg�If\0�Hf�Fg�@c�Gl	�@f�Fh\r�6Y�7](������������������������p���-S�:^�Ei	�Fj�Dg�Jf�If�Ef�@g�?h�Gg�Id�Ce�S|;�^�S�6c/�*U\"�3])�*W,�:pT�^���z���h���l��������Ⱦ�9lK�B�?nQ�����������������������������������������������������������������#L\n�=`�Ii�If\0�Kg\0�Ji�Di�Fl�Il	�Gf�Ec�3S�OwN��ͽ��������s�����������EqS�\'P�Bh\r�Hh�Pj�Ne�Jc�Df�Ag�Aj�Gh�Gc�@`\n�Ac�>c�:]\n�Dd�Fa�Ji�\'P�/eA�e�������w���s�������~���F1�:hV��������������������������������������������������������������տ�3]%�1U�Gf\r�Id�Lf�Dc\0�Hk�Eh�Ff\0�Jd�Lc�D]�1U�k�~�����y���m���f���}���f���Q0�0X�Li�Pd�Oa�Pg�Kl\0�Dh\0�Bd\0�Jg�Lh�Ih�Ij	�Dd\n�Jh�Nm\n�Gf�Dg�=d�+Z�;rL��ĺ�����{�����������<rj�<j_�����������������������������������������������������������������`�[�-N\n�Fd\r�Jd�Oi�Je�Ig�Jj�Hh\0�Ie�Ne�Nb\r�?[�:e8�y�������g���d���`���n���8xk�\ZK�Cc�Pd�Nb�Pi�Nk\0�Lh�Mg�Hg�Gh�Mn�Lj�Kf�Hb\0�Kf\0�On�Dh\0�Im�<e\r�,X\Z�\\�s�����������������e���Brn���������������������������������������������������������������������0M�A_	�If�Hd�Oe�Od�Ki�Fi\0�Gj�Lh�La�Kd�0S�T�l�����p���d���V���\\���R���Y/�0X�Le	�Kf	�Kf	�Ib�Pe�Rg�De\0�Bi�Gg�Jf�Of\0�Rf\0�Pf\0�If�Ff�Fg�Dg�2X�<n<��˸�������������|���M~�������������������������������������������������������������������ؾ�Fh2�.R\0�Gh�Ig\0�Kd�Ne�Mi�Fh\0�Bg�Gh�Je�Lg�=`�3a1�g���w���^���W���L���Y���>�m�M�Cc\r�Hi�Ff�Hg�Pk	�Mf\0�Kh�Ij�Ig�Ng�Qg\0�Qg\0�Of\0�Jh�Ih�Ig�Jg�@_�5`&�u�������������������W�����������������������������������������������������������������������s�n�$N�@e�Kj�Jf�Je�Ki�Ff�Cg�Fh�Ii\0�Nl\0�Ee�.Y�;wQ�m���e���S���A���M���S���\'_<�-V\r�Ej�Gl�@d�Hj�Ig�Nj�Mh�If\0�Mg\0�Pg\0�Of\0�Lf\0�If�Ji�Mi�Ib\0�Jd\r�4X�c�u�����������������j������������������������������������������������������������������������ϯ�0_#�2W�Kh�Ge�Dd\0�Gg�Hh�Ik�Fk�Gh\0�Mj\0�He�?e�*`%�Q�{�k���N���;���9���N���@�|�J�7`�Io�=b�Df�Ki�Lh�Kf\0�Jg\0�Kg\0�Mg\0�Jf�He�Gf�Gf�Kg�Qh�Jc	�3S�d�l���������������������������������������������������������������������������������������������S�\\�\'L�Ie�Ig�De�Ff�Ig\0�Ji\0�Kl\0�Jk\0�Lh�Hd�Cc�3a�/m:�_���S���;���5���?���R���0iX�J�:b�Kn�Mm�Ki�Gd�Li�Jh�Jh�Jh�If�Gf�Fg�Hf�Lf�Ph�Ib�3S�f�n�������������������������������������������������������������������������������������������������3Y1�9U�Jg�Gf�Ie�Nh�Lg\0�Ji\0�Ji\0�Kg�Gb�Gg�<d\r�)\\�A�k�Q���;���6���6���P���Q���Q5�)Q�Ki�Nf�Ld�Ge�Ce�Eg�Ff�Ff�Gf�Fg�Fh�Jj�Kh�Jd�Fb�/U�o�~�������������������������������������������������������������������������������������������������]�t�\'J�Dd�Jf�Mc�Ti�Qi�Ig�Ff\0�Jf�Id�Lj\r�Cd	�6^�*d8�J���G���4���3���D���^���F�z� M�@^\r�Pc�Tg�Lj\r�?d�Gh�Fd\0�Gd�Jg�Kh�Jh�Kg�Mi�Fb�Bb�2\\!������������������������������������������������������������������������������������������������������ÿ�:f?�/Q	�Oh�Se�Oa�Jd�Ge�Hi�Jh�Jf�He�Hf�Bb�,X�3qU�X���C���7���=���V���j���5lM�\'J�H^�Sg�Gd�Ae�Hh�Lh�Mg�Jb�Ld\0�Ph\0�Pi�Kg�Ig�:_�>k7���������������������������������������������������������������������������������������������������������h���(P�E`\n�Qe�Md�Ec�Dg�Fi�Ig�Ie�Jf�Ji�Ig�?`�.]\'�D�u�W���D���@���S���k���m���2`?�-N�Lf�Ee�Eg\0�Jf�Nf�Sh�Rf�Uh�Pf\0�Ld�Fb�Cd�/V�i�j�������������������������������������������������������������������������������������������������������������O�\\�)L	�D`\n�Mj�Ae�@d�Ff�Kg�Kg�Kh�Ki�Ih�Ic�=`�(d3�O���b���L���N���^���x���l���)X1�+T�Di�Fi�Id�Kc�Nd�Sg�Qe�Qh�Qk�Ig�1T�En9��޿�����������������������������������������������������������������������������������������������������{�������x���1b<�,V�=d�Ej\n�Ce�He�Kf�Kf�Jg�Ji\0�Hh\0�Lf�Ge�/^�3pG�`���j���\\���\\���f�������]���R$�*W\r�?e�Hg\r�Mh�Ha�Ph\r�Kd�Hd�>`�\"I	�.Y(�������������������������������������������������������������������������������������������������������������v���v�������_���V,�.]�Ad�Kh�Mg�Jf�Fd�Fe�Ih�Jh\0�Jh�Hh�=b�3_\Z�H�\\�w���j���U���d���l�������c���$X.�$N�>d�Eg�=[�;Y�5T�-P\n�\"L�:k=���������������������������������������������������������������������������������������������������������������������l���k���n���G���S �:\\�Ng�Nf�If�Be�Ee�Ih�Lh�Df�Gi�Nk�Ba�/\\�?|\\�o���s���_���e���y�������v���9lF�\"N�5\\�Ch#�Lp,�Rx8�\\�O�~������������������������������������������������������������������������������������������������������������������������������Y���c���n���<{k�$U#�8^�Ji�Hh�Hj�Dc�If�Kf�Ec�Ff�Jf�Gd�Bh�/b!�<}U�x�������t���t������������ƻ�L�m�BuS�Q}X�o�n������ײ����������¿���������������������������������������������������������������������������������������������������������������������v���P���b���b���1tk�S-�-Y�?c�Ig�Mi�Fb�Gb�Id�Id�Hd�Hf�Gk�7b�-_�?xG�q�����������������������������������������z���`���J��^���������������������������������������������������������������������������������������������������������������������������y���C���K���L���1}{�V4�.V�F`�Rg�Sk�Hd�Hc�Je	�Fb�Hh�Ek�>h\0�;g�.[\n�7d&�W�]�w�����������������������������������b���`���|���������������������������������������������������������������������������������������������������������������������������������������M���9���P���O���,`=�.T�>\\\r�C`	�Ig�Lf�Mf\n�Ec�Eh�Af�Fj�Fj�Hi\n�?_	�8X�9^#�LzK�U�g�f���s���n���[�v�M�p�M�u�c���������������������������������������������������������������������������������������������������������������������������������������������������i���V���X���]���J�p�*[1�*T�;`�Eb\r�Jd�Fe�Gi\r�@d\n�Ef�He	�Ib�Nf�Ph�A]�3T�)Q�M� P\Z� Q�&X3�I{d�v���������������������������������������������������������������������������������������������������������������������������������������������������������������y���n���l���c���F}d�-]3�6[!�;Z�:Z�?a�Ac�Cb�Da	�Gb\n�Ea�>^�:^�0Y�.Y%�6d;�IxT�i�z����������������������������������������������������������������������������������������������������������������������������������������������������������������������������������������{���n���\\�q�KtI�;b/�5\\�<a\Z�;]�=_�=b\Z�:b\Z�=h#�Es8�X�X�o�z������������������������������������������������������������������������������������������������������������������������������������������������������������������������������������������������������������������̼�����{���y���z���}������������Ȯ��Ӿ���������������������������������������������������������������������������������������������������������������������������������������������������������������������������������������������������������������������������������������������������������������������������������������������������������������������������������������������������������������������������������������������������������������������������������������������������������������������������������������������������������������������������������������������������������������������������������������������������������������������������������������������������������������������������������������������������������������������������������������������������������������������������������������������������������������������������������������������������������������������������������������������������������������������������������������������������������������������������������������������������������������������������������������������������������������������������������������������������������������������������������������������������������������������������������������������������������������������������������������������������������������������������������������������������������������������������������������������������������������������������������������������������������������������������������������������������������������������������������������������������������������������������������������������������������������������������������������������������������������������������������������������������������������������������������������������������������\0\0\0\0\0\0\0\0\0\0\0\0\0\0\0\0\0\0\0\0\0\0\0\0\0\0\0\0\0\0\0\0\0\0\0\0\0\0\0\0\0\0\0\0\0\0\0\0\0\0\0\0\0\0\0\0\0\0\0\0\0\0\0\0\0\0\0\0\0\0\0\0\0\0\0\0\0\0\0\0\0\0\0\0\0\0\0\0\0\0\0\0\0\0\0\0\0\0\0\0\0\0\0\0\0\0\0\0\0\0\0\0\0\0\0\0\0\0\0\0\0\0\0\0\0\0\0\0\0\0\0\0\0\0\0\0\0\0\0\0\0\0\0\0\0\0\0\0\0\0\0\0\0\0\0\0\0\0\0\0\0\0\0\0\0\0\0\0\0\0\0\0\0\0\0\0\0\0\0\0\0\0\0\0\0\0\0\0\0\0\0\0\0\0\0\0\0\0\0\0\0\0\0\0\0\0\0\0\0\0\0\0\0\0\0\0\0\0\0\0\0\0\0\0\0\0\0\0\0\0\0\0\0\0\0\0\0\0\0\0\0\0\0\0\0\0\0\0\0\0\0\0\0\0\0\0\0\0\0\0\0\0\0\0\0\0\0\0\0\0\0\0\0\0\0\0\0\0\0\0\0\0\0\0\0\0\0\0\0\0\0\0\0\0\0\0\0\0\0\0\0\0\0\0\0\0\0\0\0\0\0\0\0\0\0\0\0\0\0\0\0\0\0\0\0\0\0\0\0\0\0\0\0\0\0\0\0\0\0\0\0\0\0\0\0\0\0\0\0\0\0\0\0\0\0\0\0\0\0\0\0\0\0\0\0\0\0\0\0\0\0\0\0\0\0\0\0\0\0\0\0\0\0\0\0\0\0\0\0\0\0\0\0\0\0\0\0\0\0\0\0\0\0\0\0\0\0\0\0\0\0\0\0\0\0\0\0\0\0\0\0\0\0\0\0\0\0\0\0\0\0\0\0\0\0\0\0\0\0\0\0\0\0\0\0\0\0\0\0\0\0\0\0\0\0\0\0\0\0\0\0\0\0\0\0\0\0\0\0\0\0\0\0\0\0\0\0\0\0\0\0\0\0\0\0\0\0\0\0\0\0\0\0\0\0\0\0\0\0\0\0\0\0\0\0\0\0\0\0\0\0\0(\0\0\00\0\0\0`\0\0\0\0 \0\0\0\0\0\0$\0\0\0\0\0\0\0\0\0\0\0\0\0\0�������������������������������������������������������������������������������������������������������������������������������������������������������������������������������������������������������������������������������������������������������������������������������������������������������������������������������������������������������������������������������������������������������������������������������������������������������������������������������������������������������������������������������������������������������������������������������������������������������������������������������������������������������������������������������������������������¾���������������������������������������������������������������������������������������������������������������������������������������������������������������������������������������������u���j���e�u�h�r�w�|������ĵ�������������������������������������������������������������������������������������������������������������������������������������������������z���c�y�a�u�o��������Ӳ����������Ѹ�����i�o�VoX�ki���������������������������������������������������������������������������������������������������������������������������������z���T�t�EyF�=d$�=_�;`�7_�1^�9j&�S�K�������������������������FaL�bwe��Ĵ�������������������������������������������������������������������������������������������������������������zü�Q�t�0j,�4a�:\\\0�Ga�Kg�Ji�Fg�Bc�?^�<[�8V�Lm.��Ƣ�����������������c�{�1J5���������������������������������������������������������������������������������������������������������c���0m>�)X�>b�Gd�Ke�Jh�Hg\0�Ig\0�Gh�Gg�Kg�Og�Mf�=\\\n�-S�x�z�����������������x���E.�{�����������������������������������������������������������������������������������������������E�t�[ �3\\�Mi\n�Ni�Id�Ie�Hf�Kh�Ih\0�Fi\0�Dh\0�If�Ld�Id�Eh\n�:b�-Q�n�f�����������������a���?0�����������������������������������������������������������������������������������������?�e�X�<e�Hj�Gg�Hh�Hi�Jf\0�Pf�Nd�Ki\0�Fi\0�Eh\0�Je�Oe�Lf�Bf�Bi�Gg�8Z�x�����������u�������G�v�(QE���������������������������������������������������������������������������������;�c�$Z�H`�Vg�He�Dk�Bi\0�Hj\0�Jh\0�Ja�Lc	�Ie�Fg�Hg\0�Ng\0�Rg�Kg�Dh�Ei�Oi�E`�5\\!���������j���n���}��� WI�/_P�������������������������������������������������������������������������W���\'Z�Gd\r�Sf\n�Uc�Oe�Di�Bk�Ih\0�Lg�Ec�Gd�Ie�Gf�Jh\0�Oi\0�Pi\0�Jg�Gj�Ff�Mh�Mf�7Y�P~T�����n���^���v���O���\r@%�@ub�����������������������������������������������������������������z���#_\'�7\\�If�Ih�Jd�Pf�Jg�Ij�Ig�Li�Gh�Ff\0�Jh�Hf\0�Kj\0�Jh\0�Kk�Ij�Ff�Ge	�If�Ie�Bc\r�6b\'�u���q���U���`���c���\"O/�#W\'�S�y�������������������������������������������������������������jY�W-�,e/�,_�(W\r�<a�Jf�Pd\n�Ka�Ki�Df\0�Ll�Ki�Jh�Ih\0�Fi�;b�7^�;`�Hg�Jh�Ff�Gi�Be\n�2[�V�{�p���N���U���\\���1[9�,Y�1g4���������������������������������������������������������R���B���s���y���r���X�s�4h-�+P�Ne�Qe	�Id�Ij�Ge�Ni�Ie�Kk�:a�?m*�����Qy9�7U�Oj�Jh�Hh�Fg�3X\n�G�c�f���@���D���V���.a;�3Z�3^�U�f�����������������������������������������������������c���g���w�������������������Y�^�&N�@_�Mf�I`�Pj�Lf�Nh�Hg�6`���������h�k�4P�Tl�Nh�Ig�Li�>_	�A{W�Y���<���<���G���^4�7]�?]�3a:�����������������������������������������������������K���!\\1�,a)�P�d���������������������)M�;Y�Jd�If�If�Oh�E^�Hq3���������g�r�3R�Li	�Mf�Kf�Fg�5_�>}[�Y���3���7���C���$`,�Ab�Pf\r�3Y�g����������������������������������������������m��� U)�>^�Bc	�)T�<s>������������������Ƨ�+N�<Z\r�Kf�Kf�Ph�I_�Io6���������:eD�7\\�Gh�Ni�Md�Fb	�/[\Z�B�o�N���)���@���D���&V�Ee�Mg�8X�L|V���������������������������������������������T���R�Df\r�De�Ij\r�/W\n�DuE���������������������,L�I`	�Rh�Oh�Ib�7\\\Z��ä��ö�K\'�=d�Jm�Kl\0�Lf�H`�0Z.�N���<���2���S���5oV�/V�Hd�Jd�A^�=i;��Ƹ�����������������������������������������O���!T�Lj	�Jg�Ne\0�Mg�/V�[�W�����������������v�s�/J�Nf�Je�Je�6[�S�K��Է�:dD�\"J	�?e�?j	�<c�2T\Z�>yf�N���6���R���R���+]&�Ad�Rf�Ue�Ka�4]#���������������������������������������������P���\'V�Oh�Kc�Of�Nh�Gg�0T���������������������HoH�4R�Mf�F`�Be�&U�a�f�����?hI�(S\"�#W�\'\\%�;u]�J���4���=���B���\"S3�+Q�>`\n�Kg	�Pd�Nd�4Y�|�������������������������������������������a���&Q\n�Pf�Mc�Jf�Hf�Ki�Ba�Df\"��޾��������������ɼ�+U#�?]�Ti\n�Lc�Bf�5\\�`�O�����d���T�|�X���]���>���1���8���-y��:wj�AwZ�+[-�%N�Dd�Kf\n�2Y�w�������������������������������������������}���(S\r�Mg�Pi�Gf�Df�Ef�Fg�6Y�^�T�����������������e���\'L�Jd	�Pf�Gg\0�Kl�=Y�9\\\'�K�T�U�h�P�n�.ya�\'wx�O���Z���h���r���m���t���M�m�#P�7[�-X�m�x������������������������������������������Ͻ�3`�Ee�Mj�Ih�De�Eh�Ae�Bf\r�1X���������������������=fD�2V\n�Ei�?h�Bf�Jf�@a\n�6_�>]�@]�0`!�X�l�T��;wo�B�{�`���m���p�������e���!Q!� M�p�����������������������������������������������Cr;�8\\�Jj�Ie\0�Hh�Cg�Fl�Gi\n�7X\n�Fl=���������y�������v���,R�Ag�Hj�Lh�Jd�Dg�@i�Fi�Gb�Gi�Nv0�4Z�8Z�9[�-\\2�_���v���p�������i���?#�u�����������������������������������������������b�g�)O�Ih�Lf�Gf�Gj�Fi�Ie�Kc\n�5S�f�u�����q���l�������<o\\�*S�Oj�Qc�Od�Ik\0�Bf�Hg�Jg�Fg�Ab�Hg�Li�Ii�4\\�.c3�z���������������-bV�v������������������������������������������������ɬ�1Q�Fb	�Mg�Lf�Jg�Hi\0�Hf�Oe�H_�7^*�y���z���`���d���Y���R\"�B`\r�Pc�Og�Mi\0�Ng�Hf�Gj�Lk�Lg�Kd�Mj�Fh\0�Hm�0Y�M�X�������������\\���v���������������������������������������������������Ii4�8X�Jh�Ld�Oe�Ii\0�Di�Ig�Nf�8Y\r�M_�}���d���T���Z���4z`�+S�Mi\n�Gf�Ke�Rh�Ig\0�Ei�Jf�Pg\0�Rg\0�Mf�Gf�Hh�Aa	�6b&��Ƕ���������w���u�����������������������������������������������������}�\'P�Ik�Jf�Kf�Ih�Bg�Fh�Mj\0�Ff�-[�\\���k���N���H���Q���%Y+�<a	�Gk�Cf�Jh�Mi�Kh�Kg\0�Ph\0�Of\0�Kf�Ji�Kg�Kd�6Y�u�����������������������������������������������������������������������1_\"�>^�Kh�Dd\0�Gh�Ij�Gk�Jj\0�Kg�9_�6sC�g���L���6���I���;zs�\"O�Dk�Af�Hi�Lh�Lg\0�Jg�Lh\0�Jf�Gf�Gf�Mg�Pg�5T\r�t�����������������������������������������������������������������������a�p�/N�Kh�Ef�If�Kh\0�Jk\0�Ki�Ic�De\n�,^�H�u�P���5���9���S���)`I�)Q�On�Mh�Gd�Gg�Hh�Hg�Gf�Fg�Hh�Lg�Lf�4U�w���������������������������������������������������������������������������5[3�=\\\r�Lg�Pf�Qi�Hf\0�Hf�Je�Ji�;_�-f6�K���<���1���M���R���#Q%�C^	�Sf	�Lh�Ae�Ff�Fd�If�Ih�Ki�Lh�Fc�4[�����������������������������������������������������������������������������k���)N�Pg�Rc�Jc�Fg�Hi�Jf�Hf�Hf	�1Y�9y]�S���8���?���g���J�p�(K\r�Od�Kf	�Ce�Kh�Nh�Lc�Pg\0�Ng\0�Kg�?a�@k4���������������������������������������������������������������������������������EtJ�8T�Qh\n�Ed�Bf�Hg�Jf�Kh�Kj�Fc\n�1^!�F��W���D���Y���w���Ev^�-O\r�Gh	�Gh�Kd�Qf�Tg�Sg�Qi�If�/S�{�}��������������������������������������������������������������������������������z���,Y(�8^�Dj�Ce�Ie�Kg�Kh�Ii\0�Lg�@a	�+f/�\\���e���V���i���}���3jG�%R�Bf�Lh\r�Jc�Nf	�Kd\n�Ba�!G�Q{O���������������������������������������������������������������������������������p�������U���U�>b�Nh�Lf�Ed�Ff�Jh�Ih�Hi�:_\n�=qA�o���e���Z���s�������;qQ�$N�>b�?_�:Z	�2T�-X�_�k�����������������������������������������������������������������������������������������^���m���C�t�(S�Ie\r�Mi�Eg�De�Lh�Ee�Hh�Kg�8^�6qF�m���x���i����������T�q�+[)�Cm7�a�P��u��Ӱ���������������������������������������������������������������������������������������������x���U���f���7yo� S\"�:`�Ji�Jg�Gc�Hc�Hd�Hd�Hk	�2_	�7o6�p�����������������������z�����������x���V���u�������������������������������������������������������������������������������������������x���F���G���4~�$W(�;X�Rg�Mg�Id	�Jd�Fe�Ej�Ai�7b�5`\Z�S�T�|��������������������ȷ�g���_�����������������������������������������������������������������������������������������������������������N���Q���N���8iE�.T�;]�Jf\r�Lf�Gh�Bg�Fi�Kh�Jd\n�A\\�8[�9f4�=oC�>oC�1dA�>s^�m�����������������������������������������������������������������������������������������������������������������������o���h���P�|�3f?�5Y�;X�<\\�?a�A`�D_�E`�A^�3X\r�(Q�,Z.�FuN�p����ɿ�������������������������������������������������������������������������������������������������������������������������������������}���i���U�Z�Bm9�Ck+�Ci\'�Gm-�Gq1�Mz>�b�a������ķ���������������������������������������������������������������������������������������������������������������������������������������������������������������������������������������������������������������������������������������������������������������������������������������������������������������������������������������������������������������������������������������������������������������������������������������������������������������������������������������������������������������������������������������������������������������������������������������������������������������������������������������������������������������������������������������������������������������������������������������������������������������������������������������������������������������������������������������������������������������������������������������������������������������������������������������������������������������������������������������������������������������������������������������������������������������������\0\0\0\0\0\0\0\0\0\0\0\0\0\0\0\0\0\0\0\0\0\0\0\0\0\0\0\0\0\0\0\0\0\0\0\0\0\0\0\0\0\0\0\0\0\0\0\0\0\0\0\0\0\0\0\0\0\0\0\0\0\0\0\0\0\0\0\0\0\0\0\0\0\0\0\0\0\0\0\0\0\0\0\0\0\0\0\0\0\0\0\0\0\0\0\0\0\0\0\0\0\0\0\0\0\0\0\0\0\0\0\0\0\0\0\0\0\0\0\0\0\0\0\0\0\0\0\0\0\0\0\0\0\0\0\0\0\0\0\0\0\0\0\0\0\0\0\0\0\0\0\0\0\0\0\0\0\0\0\0\0\0\0\0\0\0\0\0\0\0\0\0\0\0\0\0\0\0\0\0\0\0\0\0\0\0\0\0\0\0\0\0\0\0\0\0\0\0\0\0\0\0\0\0\0\0\0\0\0\0\0\0\0\0\0\0\0\0\0\0\0\0\0\0\0\0\0\0\0\0\0\0\0\0\0\0\0\0\0\0\0\0\0\0\0\0\0\0\0\0\0\0\0\0\0\0\0\0\0\0\0\0\0\0\0\0\0\0\0\0\0\0\0\0\0\0\0\0\0\0\0\0\0\0\0\0\0\0\0\0\0\0\0\0\0\0\0\0\0\0\0\0\0\0\0\0\0\0\0\0\0\0\0\0\0\0\0\0\0\0\0\0\0\0\0\0\0\0\0\0\0\0\0\0\0\0\0\0\0\0\0\0\0\0\0\0\0\0\0\0\0\0\0\0\0\0\0\0\0\0\0\0\0\0\0\0\0\0\0\0\0\0\0\0\0\0\0\0\0\0\0\0\0\0(\0\0\0 \0\0\0@\0\0\0\0 \0\0\0\0\0\0\0\0\0\0\0\0\0\0\0\0\0\0\0\0����������������������������������������������������������������������������������������������������������������������������������������������������������������������������������������������������������������������������������������������������������������������������������������������������������������������������������������������������������������������������������������������������������������������������������������������������t���k���w��������˵�����v�|�v�u�������������������������������������������������������������������������������������z���O�b�@m+�Aa�?d�;e�Er)�n�_������������s���cyg��²���������������������������������������������������������������������M�w�1c�;]�Fa�Kg\0�Ih\0�Ff�Fa�?X\0�8X�����������������?gO�����������������������������������������������������������������.yH�-Z�Lg�Lh�Jf�Lg�Ii\0�Di\0�Kf�Nh	�@f�.S\0�t�r���������r���2\\O���������������������������������������������������������/r=�>Z�Oj�Cj�Fj\0�Kf�Mb�Hg�Fh\0�Of�Mf�Di�Mj�:X�~�������y���S���5dV�������������������������������������������������?M�;Y�Xj�Qe�Dj�Hi�Jf�Fd�He�Jh\0�Pj\0�Li�Fg�Lh	�D_�Eo6�����a���n���!S=�D{h�����������������������������������������Q���\ZW\"�7d�1Z�Fa�Qg	�Jf�Hi�Ji�Ih�Hi�;a�>b�Gf	�Gf�Gh�6]�d���[���[���AmZ�\"T�s���������������������������������������L���{�������d���9h\'�=W�Oh	�Ig�Mh�Mi�8^�p�j�r�i�;V\0�Pk�Ii�;\\�O�|�L���G���9t]�/U�FtH���������������������������������z���>�q�L�c�������������W�N�3P	�Mf�Kh�Kd\0�Ci���������7T�Pj�Kg�;`�H�v�A���;���-rM�B_�:\\�}�������������������������������P���+O�:[\0�3c ��̻���������a�\\�4Q\0�Qk�Mc�Hi&�����P~f�8]�Om�Of�5[�G���5���C���0c4�Gd�=Z�_�r�����������������������������>�e�8]�Ql�C_\0�>j(�������������Ru=�CY�Pi�6Y\n�|���Y�k�&M\0�Ai�:Y�;iE�D���E���E�x�6\\�Ti�F\\\0�MzL�����������������������������E�b�>[\0�Pf�Pj�:Z\0�f�P�������������5Y�Ib�Eb	�7d�u�|�T~a�3i8�=yT�H���4���8���)X3�1W�C_�Mc�En2�����������������������������[�t�<X\0�Qj�Df�Ii�7X�������������k���2R�Ri�Df\0�Cb�W�U�X�s�P�|�3���H���R���c���]���:lB�0S�?k/�����������������������������|���6Z\0�Nk�Ff�Dh�?c�Ag,�������������ElC�;_�Fl�Hd�9]�>a�;[\r�HzH�H|_�>t\\�[���w�������BvW�+Z1���������������������������������3[�Ie�Jg�Ej�Kj�;U�c�j�����v���k���-V�Oh�Oe�Fj�Fh�Jg�Fg�A`�C`\0�.Z�d�����������;m]���������������������������������VxE�>[\0�Nh�Kg�Hh�Nd�<\\�r���j���a���2sX�>Z�Ph�Ng�Kf�Gj�Lg�Og�Ll�>b\0�Cp8���������g���������������������������������������0U\0�Nj�Lf�Dh�Ij�C`\0�CyL�m���O���H���.Z�Gi�Gf�Mi�Ig�Og\0�Of\0�Ig�Lg�;\\���������~���������������������������������������<f)�Da�Fg�Hi�Ik\0�Lh\0�4^\r�Q���H���A���7th�1Y�Il�Jg�Kg�Kh�Hf�Gg�Pi�=X	�������������������������������������������������s���4R�Ni�Og�Ih\0�Jf�Bb�4j3�G���4���O���-^7�H`�Nh\n�Cf�Gf�Gf�Ii�Lh�9[��ɷ�������������������������������������������������Cn=�I]\0�Nf	�Eg�Ig�Lh�;\\�?�g�F���J���]���4T�Ke�Gh�Nf�Qg�Tk�D`�Gp3�����������������������������������������������������v���2X�Cf�Ef�Kf�Ji�Lg�5_�O���[���i���]���(S�Ef�Of�Mb�@[�*O�� �����������������������������������������������������t���M���.W�Qi�Hf�Ff�Ji�Ee�;f#�b���g���w���a���+W�7Z�Ef�R|C��ƪ���������������������������������������������������������}���]���>~q�/W�Gg�Lh�Gd�Jf�Dd�3h\"�f���������������r�����������~���������������������������������������������������������������{���G���2}z�4[\Z�E^\0�Ke	�Kf�Gk�Ah�=a�Y�Q�r����Ų�����k���k���������������������������������������������������������������������������t���]���>sS�8]�<X�:\\�?]\0�C[\0�4R\0�%N�.^/�N~\\���������������������������������������������������������������������������������������������{���g�x�\\�Y�a�X�f�c�s�v�����������������������������������������������������������������������������������������������������������������������������������������������������������������������������������������������������������������������������������������������������������������������������������������������������������������������������������������������������������������������������������������������������������������������������������������������������\0\0\0\0\0\0\0\0\0\0\0\0\0\0\0\0\0\0\0\0\0\0\0\0\0\0\0\0\0\0\0\0\0\0\0\0\0\0\0\0\0\0\0\0\0\0\0\0\0\0\0\0\0\0\0\0\0\0\0\0\0\0\0\0\0\0\0\0\0\0\0\0\0\0\0\0\0\0\0\0\0\0\0\0\0\0\0\0\0\0\0\0\0\0\0\0\0\0\0\0\0\0\0\0\0\0\0\0\0\0\0\0\0\0\0\0\0\0\0\0\0\0\0\0\0\0\0\0(\0\0\0\0\0\0 \0\0\0\0 \0\0\0\0\0\0\0\0\0\0\0\0\0\0\0\0\0\0\0\0�����������������������������������������������������������������������������������������Ļ����������ź��ø�����������������������������������������J�K�@e\r�>e�Kr!���������z�������������������������������|���6g�Db\0�Le�Jh�Jc�9Y\0����}���U�{�������������������������5q4�BW\0�Jh�Ji�Gf�Fg�Ig�Ab�m���@���Z�m�����������������\\���f�������Fc�Ga\0�Oq�v���Id	�Fc\0�G���=���6^�����������������>wB�<[\0���������C^	�Pn�p���<^�Bg�>���8sS�?W\0�����������������Iz;�G]\0�Gi�����|���:U\0�Ns*�LzM�>�|�C���N�n�6X�x�u�������������d�a�B_\0�@`\0�_�\\�����HtA�E`\0�Fh�Fm#�Bl/�a���e���v����������������Ů�=Z\0�Ml�C`�a���M���>^�Mj�Lg�Jb\0�Dg�������������������������Ov6�Hc\0�If\0�@p4�C���7rY�G`\0�Lj�Mj�C`�������������������������q���A]�Mj�Ea\0�@�v�]���Bk1�@[\0�DZ\0�_�G�����������������������������=q�<\\\0�Mf\0�Ee�[������a�c�_�Z�������������������������������������H�}�?e�;]�7Y\0�M{D�k�������������������������������������������������������������������������������������������������������������������������������������������������������\0\0\0\0\0\0\0\0\0\0\0\0\0\0\0\0\0\0\0\0\0\0\0\0\0\0\0\0\0\0\0\0\0\0\0\0\0\0\0\0\0\0\0\0\0\0\0\0\0\0\0\0\0\0\0\0\0\0\0\0\0\0\0\0');

/*Table structure for table `tb_refund` */

DROP TABLE IF EXISTS `tb_refund`;

CREATE TABLE `tb_refund` (
  `ID_REFUND` int(11) NOT NULL AUTO_INCREMENT,
  `NO_HARIAN` int(11) NOT NULL,
  `NO_BUKTI` varchar(20) NOT NULL,
  `TGL_TRANSAKSI` date NOT NULL,
  `ID_BOOKING` int(11) NOT NULL,
  `JML_TRANSAKSI` int(11) NOT NULL DEFAULT '0',
  `ID_USER` int(11) NOT NULL,
  `WAKTU_POSTING` timestamp NOT NULL DEFAULT CURRENT_TIMESTAMP ON UPDATE CURRENT_TIMESTAMP,
  PRIMARY KEY (`ID_REFUND`)
) ENGINE=InnoDB AUTO_INCREMENT=2 DEFAULT CHARSET=latin1;

/*Data for the table `tb_refund` */

insert  into `tb_refund`(`ID_REFUND`,`NO_HARIAN`,`NO_BUKTI`,`TGL_TRANSAKSI`,`ID_BOOKING`,`JML_TRANSAKSI`,`ID_USER`,`WAKTU_POSTING`) values (1,1,'RF-160727-0001','2016-07-27',16,1000000,1,'2016-07-27 12:55:02');

/*Table structure for table `tb_ruangan` */

DROP TABLE IF EXISTS `tb_ruangan`;

CREATE TABLE `tb_ruangan` (
  `ID_RUANGAN` int(11) NOT NULL AUTO_INCREMENT,
  `NAMA_RUANGAN` varchar(100) NOT NULL,
  `KAPASITAS_RUANGAN` int(11) NOT NULL DEFAULT '0',
  `PANJANG_RUANGAN` float NOT NULL DEFAULT '0',
  `LEBAR_RUANGAN` float NOT NULL DEFAULT '0',
  `PARENT_RUANGAN` int(11) NOT NULL DEFAULT '0',
  `HARGA_SEWA` int(11) NOT NULL DEFAULT '0',
  `HARGA_HALF_DAY` int(11) NOT NULL DEFAULT '0',
  `HARGA_HOURLY` int(11) NOT NULL DEFAULT '0',
  `IS_ACTIVE` int(1) NOT NULL DEFAULT '1',
  `LAST_UPDATE` timestamp NOT NULL DEFAULT CURRENT_TIMESTAMP ON UPDATE CURRENT_TIMESTAMP,
  PRIMARY KEY (`ID_RUANGAN`)
) ENGINE=InnoDB AUTO_INCREMENT=8 DEFAULT CHARSET=latin1;

/*Data for the table `tb_ruangan` */

insert  into `tb_ruangan`(`ID_RUANGAN`,`NAMA_RUANGAN`,`KAPASITAS_RUANGAN`,`PANJANG_RUANGAN`,`LEBAR_RUANGAN`,`PARENT_RUANGAN`,`HARGA_SEWA`,`HARGA_HALF_DAY`,`HARGA_HOURLY`,`IS_ACTIVE`,`LAST_UPDATE`) values (1,'ABHINAYA',100,12,6,4,10000000,3000000,0,1,'2017-01-26 16:28:53'),(2,'ABHIPRAYA',100,17,6,4,15000000,0,0,1,'2017-01-24 16:45:18'),(3,'PASEBAN',100,21,21,4,15000000,0,0,1,'2017-01-24 16:45:18'),(4,'GRAND BALLROOM',100,26,26,0,20000000,0,0,1,'2016-07-14 12:34:06'),(5,'BALIKU SANTI',10,10,10,4,10000000,0,0,0,'2017-01-24 16:45:22'),(6,'TEST',100,1,1,1,0,0,0,1,'2017-01-26 16:29:31'),(7,'TEST1',121,121,121,0,0,0,0,1,'2017-01-26 16:34:41');

/*Table structure for table `tb_satuan` */

DROP TABLE IF EXISTS `tb_satuan`;

CREATE TABLE `tb_satuan` (
  `ID_SATUAN` int(11) NOT NULL AUTO_INCREMENT,
  `KODE_SATUAN` varchar(10) NOT NULL,
  `NAMA_SATUAN` varchar(30) NOT NULL,
  `IS_ACTIVE` int(1) NOT NULL DEFAULT '1',
  PRIMARY KEY (`ID_SATUAN`)
) ENGINE=InnoDB AUTO_INCREMENT=9 DEFAULT CHARSET=latin1;

/*Data for the table `tb_satuan` */

insert  into `tb_satuan`(`ID_SATUAN`,`KODE_SATUAN`,`NAMA_SATUAN`,`IS_ACTIVE`) values (1,'Pcs','Pieces',1),(2,'Pkg','Package',1),(3,'Kg','Kilogram',1),(4,'Box','Box',1),(5,'Mtr','Meter',1),(6,'Roll','Roll',1),(7,'Eks','Eksemplar',1),(8,'test','test',0);

/*Table structure for table `tb_smtp` */

DROP TABLE IF EXISTS `tb_smtp`;

CREATE TABLE `tb_smtp` (
  `ID_SMTP` int(11) NOT NULL AUTO_INCREMENT,
  `SMTP_HOST` varchar(255) NOT NULL,
  `SMTP_PORT` varchar(10) NOT NULL,
  `SMTP_USERNAME` varchar(255) NOT NULL,
  `SMTP_PASSWORD` varchar(255) NOT NULL,
  `SMTP_AUTH` enum('satDefault','satNone','satSASL') NOT NULL DEFAULT 'satDefault',
  `EMAIL_FROM` varchar(255) NOT NULL,
  PRIMARY KEY (`ID_SMTP`)
) ENGINE=InnoDB AUTO_INCREMENT=2 DEFAULT CHARSET=latin1;

/*Data for the table `tb_smtp` */

insert  into `tb_smtp`(`ID_SMTP`,`SMTP_HOST`,`SMTP_PORT`,`SMTP_USERNAME`,`SMTP_PASSWORD`,`SMTP_AUTH`,`EMAIL_FROM`) values (1,'mail.bhumiku.com','25','noreply@bhumiku.com','Norepl4y','satDefault','noreply@bhumiku.com');

/*Table structure for table `tb_user` */

DROP TABLE IF EXISTS `tb_user`;

CREATE TABLE `tb_user` (
  `ID_USER` int(11) NOT NULL AUTO_INCREMENT,
  `NAMA_LENGKAP` varchar(100) NOT NULL,
  `JABATAN` enum('RESERVATION','OPERATION','FINANCE','ACCOUNTING','MANAGER','ADMINISTRATOR') NOT NULL,
  `EMAIL` varchar(255) NOT NULL,
  `HP` varchar(100) NOT NULL,
  `USER_NAME` varchar(20) NOT NULL,
  `USER_PASS` varchar(100) NOT NULL,
  `IS_ACTIVE` int(1) NOT NULL DEFAULT '1',
  `LAST_UPDATE` timestamp NULL DEFAULT CURRENT_TIMESTAMP ON UPDATE CURRENT_TIMESTAMP,
  PRIMARY KEY (`ID_USER`)
) ENGINE=InnoDB AUTO_INCREMENT=8 DEFAULT CHARSET=latin1;

/*Data for the table `tb_user` */

insert  into `tb_user`(`ID_USER`,`NAMA_LENGKAP`,`JABATAN`,`EMAIL`,`HP`,`USER_NAME`,`USER_PASS`,`IS_ACTIVE`,`LAST_UPDATE`) values (1,'NGURAH KETUT HARIADI','ADMINISTRATOR','ngurah@tunjungteknologi.com','-','admin','4549323194a26feb1f4595023e742ed4',1,'2017-01-24 15:50:49'),(2,'ADMINISTRATOR','ADMINISTRATOR','admin@bhumiku.com','-','admin1','fcea920f7412b5da7be0cf42b8c93759',1,'2017-01-24 14:40:51'),(3,'JONI','ACCOUNTING','-','-','joni','e10adc3949ba59abbe56e057f20f883e',0,'2017-01-24 15:25:45'),(4,'COKI','RESERVATION','-','-','coki','4549323194a26feb1f4595023e742ed4',0,'2017-01-24 14:40:52'),(5,'DEVI','RESERVATION','-','-','devi','e10adc3949ba59abbe56e057f20f883e',0,'2017-01-24 14:40:54'),(6,'FITRIA AGUSTINA','ADMINISTRATOR','info@bhumiku.com','-','fitria','ef208a5dfcfc3ea9941d7a6c43841784',1,'2017-01-24 14:40:54'),(7,'TEST','ADMINISTRATOR','TEST','TEST','test','4549323194a26feb1f4595023e742ed4',1,'2017-01-24 15:46:20');

/*Table structure for table `tb_vendor` */

DROP TABLE IF EXISTS `tb_vendor`;

CREATE TABLE `tb_vendor` (
  `ID_VENDOR` int(11) NOT NULL AUTO_INCREMENT,
  `NAMA_VENDOR` varchar(100) NOT NULL,
  `ALAMAT_VENDOR` varchar(200) NOT NULL,
  `TELEPON_VENDOR` varchar(30) NOT NULL,
  `HP_VENDOR` varchar(50) NOT NULL,
  `CP_VENDOR` varchar(50) NOT NULL,
  `EMAIL_VENDOR` varchar(255) NOT NULL,
  `NPWP_VENDOR` varchar(30) NOT NULL DEFAULT '-',
  `BANK_VENDOR` varchar(100) NOT NULL,
  `REMARK_VENDOR` varchar(200) NOT NULL,
  `NO_REKENING_VENDOR` varchar(100) NOT NULL,
  `IS_ACTIVE` int(1) NOT NULL DEFAULT '1',
  PRIMARY KEY (`ID_VENDOR`)
) ENGINE=InnoDB AUTO_INCREMENT=4 DEFAULT CHARSET=latin1;

/*Data for the table `tb_vendor` */

insert  into `tb_vendor`(`ID_VENDOR`,`NAMA_VENDOR`,`ALAMAT_VENDOR`,`TELEPON_VENDOR`,`HP_VENDOR`,`CP_VENDOR`,`EMAIL_VENDOR`,`NPWP_VENDOR`,`BANK_VENDOR`,`REMARK_VENDOR`,`NO_REKENING_VENDOR`,`IS_ACTIVE`) values (1,'TUNJUNG TEKNOLOGI','JL. ALAM SARI NO. 6 DENPASAR','08179313375','08179313375','NGURAH','ngurah@tunjungteknologi.com','9999','BCA','-','6115001594',1),(2,'TEST1234','TEST','TEST','TEST','TEST','','-','-','TEST','-',0),(3,'TEST','TEST','TEST','TEST','TEST','TEST','-','TEST','TEST','TEST',0);

/*!40101 SET SQL_MODE=@OLD_SQL_MODE */;
/*!40014 SET FOREIGN_KEY_CHECKS=@OLD_FOREIGN_KEY_CHECKS */;
/*!40014 SET UNIQUE_CHECKS=@OLD_UNIQUE_CHECKS */;
/*!40111 SET SQL_NOTES=@OLD_SQL_NOTES */;
